ARM GAS  /var/folders/6_/psd2b8g56p7696hhrr4ztjs00000gn/T//ccgvaGrD.s 			page 1


   1              		.cpu cortex-m7
   2              		.arch armv7e-m
   3              		.fpu fpv5-d16
   4              		.eabi_attribute 28, 1
   5              		.eabi_attribute 20, 1
   6              		.eabi_attribute 21, 1
   7              		.eabi_attribute 23, 3
   8              		.eabi_attribute 24, 1
   9              		.eabi_attribute 25, 1
  10              		.eabi_attribute 26, 1
  11              		.eabi_attribute 30, 2
  12              		.eabi_attribute 34, 1
  13              		.eabi_attribute 18, 4
  14              		.file	"FeatureExtractor.cpp"
  15              		.text
  16              	.Ltext0:
  17              		.cfi_sections	.debug_frame
  18              		.file 1 "FeatureExtractor.cpp"
  19              		.section	.text._ZN16FeatureExtractor4InitEjf,"ax",%progbits
  20              		.align	1
  21              		.p2align 2,,3
  22              		.global	_ZN16FeatureExtractor4InitEjf
  23              		.syntax unified
  24              		.thumb
  25              		.thumb_func
  27              	_ZN16FeatureExtractor4InitEjf:
  28              	.LVL0:
  29              	.LFB553:
   1:FeatureExtractor.cpp **** #include "FeatureExtractor.h"
   2:FeatureExtractor.cpp **** 
   3:FeatureExtractor.cpp **** void FeatureExtractor::Init(size_t frameSize, float samplingRate){
  30              		.loc 1 3 66 view -0
  31              		.cfi_startproc
  32              		@ args = 0, pretend = 0, frame = 0
  33              		@ frame_needed = 0, uses_anonymous_args = 0
   4:FeatureExtractor.cpp ****     if(frameSize > kMaxFrameSize) {
  34              		.loc 1 4 5 view .LVU1
   5:FeatureExtractor.cpp ****         frameSize = kMaxFrameSize;
   6:FeatureExtractor.cpp ****     }
   7:FeatureExtractor.cpp **** 
   8:FeatureExtractor.cpp ****     if(frameSize != 256) {
  35              		.loc 1 8 5 view .LVU2
   9:FeatureExtractor.cpp ****         frameSize = 256;
  10:FeatureExtractor.cpp ****     }
  11:FeatureExtractor.cpp **** 
  12:FeatureExtractor.cpp ****     frameSize_    = frameSize;
  36              		.loc 1 12 5 view .LVU3
  13:FeatureExtractor.cpp ****     samplingRate_ = samplingRate;
  37              		.loc 1 13 5 view .LVU4
   3:FeatureExtractor.cpp ****     if(frameSize > kMaxFrameSize) {
  38              		.loc 1 3 66 is_stmt 0 view .LVU5
  39 0000 F8B5     		push	{r3, r4, r5, r6, r7, lr}
  40              		.cfi_def_cfa_offset 24
  41              		.cfi_offset 3, -24
  42              		.cfi_offset 4, -20
  43              		.cfi_offset 5, -16
  44              		.cfi_offset 6, -12
ARM GAS  /var/folders/6_/psd2b8g56p7696hhrr4ztjs00000gn/T//ccgvaGrD.s 			page 2


  45              		.cfi_offset 7, -8
  46              		.cfi_offset 14, -4
  47              		.loc 1 13 19 view .LVU6
  48 0002 00F50053 		add	r3, r0, #8192
  12:FeatureExtractor.cpp ****     samplingRate_ = samplingRate;
  49              		.loc 1 12 19 view .LVU7
  50 0006 0024     		movs	r4, #0
  51 0008 4FF4807E 		mov	lr, #256
  52 000c 00F5105C 		add	ip, r0, #9216
  53              		.loc 1 13 19 view .LVU8
  54 0010 03F58167 		add	r7, r3, #1032
  14:FeatureExtractor.cpp ****     writePos_     = 0;
  15:FeatureExtractor.cpp ****     frameReady_   = false;
  16:FeatureExtractor.cpp ****     prevRms_      = 0.0f;
  55              		.loc 1 16 19 view .LVU9
  56 0014 0022     		movs	r2, #0
  17:FeatureExtractor.cpp ****     prevEnvelope_ = 0.0f;
  18:FeatureExtractor.cpp ****     prevPeak_     = 0.0f;
  19:FeatureExtractor.cpp ****     historyIndex_ = 0;
  57              		.loc 1 19 19 view .LVU10
  58 0016 42F26045 		movw	r5, #9312
  20:FeatureExtractor.cpp ****     historyCount_ = 0;
  21:FeatureExtractor.cpp ****     onsetIndex_ = 0;
  59              		.loc 1 21 17 view .LVU11
  60 001a 00F51251 		add	r1, r0, #9344
  13:FeatureExtractor.cpp ****     writePos_     = 0;
  61              		.loc 1 13 19 view .LVU12
  62 001e 87ED000A 		vstr.32	s0, [r7]
  14:FeatureExtractor.cpp ****     frameReady_   = false;
  63              		.loc 1 14 5 is_stmt 1 view .LVU13
   3:FeatureExtractor.cpp ****     if(frameSize > kMaxFrameSize) {
  64              		.loc 1 3 66 is_stmt 0 view .LVU14
  65 0022 0646     		mov	r6, r0
  19:FeatureExtractor.cpp ****     historyCount_ = 0;
  66              		.loc 1 19 19 view .LVU15
  67 0024 4519     		adds	r5, r0, r5
  12:FeatureExtractor.cpp ****     samplingRate_ = samplingRate;
  68              		.loc 1 12 19 view .LVU16
  69 0026 CCE900E4 		strd	lr, r4, [ip]
  15:FeatureExtractor.cpp ****     prevRms_      = 0.0f;
  70              		.loc 1 15 5 is_stmt 1 view .LVU17
  16:FeatureExtractor.cpp ****     prevEnvelope_ = 0.0f;
  71              		.loc 1 16 19 is_stmt 0 view .LVU18
  72 002a 03F20C4C 		addw	ip, r3, #1036
  15:FeatureExtractor.cpp ****     prevRms_      = 0.0f;
  73              		.loc 1 15 19 view .LVU19
  74 002e 83F89044 		strb	r4, [r3, #1168]
  16:FeatureExtractor.cpp ****     prevEnvelope_ = 0.0f;
  75              		.loc 1 16 5 is_stmt 1 view .LVU20
  16:FeatureExtractor.cpp ****     prevEnvelope_ = 0.0f;
  76              		.loc 1 16 19 is_stmt 0 view .LVU21
  77 0032 CCF80020 		str	r2, [ip]	@ float
  17:FeatureExtractor.cpp ****     prevPeak_     = 0.0f;
  78              		.loc 1 17 5 is_stmt 1 view .LVU22
  17:FeatureExtractor.cpp ****     prevPeak_     = 0.0f;
  79              		.loc 1 17 19 is_stmt 0 view .LVU23
  80 0036 03F5826C 		add	ip, r3, #1040
ARM GAS  /var/folders/6_/psd2b8g56p7696hhrr4ztjs00000gn/T//ccgvaGrD.s 			page 3


  81 003a CCF80020 		str	r2, [ip]	@ float
  18:FeatureExtractor.cpp ****     historyIndex_ = 0;
  82              		.loc 1 18 5 is_stmt 1 view .LVU24
  18:FeatureExtractor.cpp ****     historyIndex_ = 0;
  83              		.loc 1 18 19 is_stmt 0 view .LVU25
  84 003e 03F2144C 		addw	ip, r3, #1044
  85 0042 CCF80020 		str	r2, [ip]	@ float
  19:FeatureExtractor.cpp ****     historyCount_ = 0;
  86              		.loc 1 19 5 is_stmt 1 view .LVU26
  20:FeatureExtractor.cpp ****     onsetIndex_ = 0;
  87              		.loc 1 20 5 view .LVU27
  19:FeatureExtractor.cpp ****     historyCount_ = 0;
  88              		.loc 1 19 19 is_stmt 0 view .LVU28
  89 0046 45E90244 		strd	r4, r4, [r5, #-8]
  90              		.loc 1 21 5 is_stmt 1 view .LVU29
  22:FeatureExtractor.cpp ****     onsetCount_ = 0;
  91              		.loc 1 22 5 view .LVU30
  21:FeatureExtractor.cpp ****     onsetCount_ = 0;
  92              		.loc 1 21 17 is_stmt 0 view .LVU31
  93 004a C1E90044 		strd	r4, r4, [r1]
  23:FeatureExtractor.cpp ****     elapsedTime_ = 0.0f;
  94              		.loc 1 23 5 is_stmt 1 view .LVU32
  95              		.loc 1 23 18 is_stmt 0 view .LVU33
  96 004e 03F59161 		add	r1, r3, #1160
  24:FeatureExtractor.cpp ****     lastOnsetTime_ = -1000.0f;
  97              		.loc 1 24 20 view .LVU34
  98 0052 03F28C43 		addw	r3, r3, #1164
  23:FeatureExtractor.cpp ****     elapsedTime_ = 0.0f;
  99              		.loc 1 23 18 view .LVU35
 100 0056 0A60     		str	r2, [r1]	@ float
 101              		.loc 1 24 5 is_stmt 1 view .LVU36
  25:FeatureExtractor.cpp **** 
  26:FeatureExtractor.cpp ****     std::memset(captureBuffer_, 0, sizeof(captureBuffer_));
 102              		.loc 1 26 16 is_stmt 0 view .LVU37
 103 0058 2146     		mov	r1, r4
  24:FeatureExtractor.cpp ****     lastOnsetTime_ = -1000.0f;
 104              		.loc 1 24 20 view .LVU38
 105 005a 2A4A     		ldr	r2, .L6
 106 005c 1A60     		str	r2, [r3]	@ float
 107              		.loc 1 26 5 is_stmt 1 view .LVU39
 108              		.loc 1 26 16 is_stmt 0 view .LVU40
 109 005e 4FF40062 		mov	r2, #2048
 110 0062 FFF7FEFF 		bl	memset
 111              	.LVL1:
  27:FeatureExtractor.cpp ****     std::memset(analysisBuffer_, 0, sizeof(analysisBuffer_));
 112              		.loc 1 27 5 is_stmt 1 view .LVU41
 113              		.loc 1 27 16 is_stmt 0 view .LVU42
 114 0066 4FF40062 		mov	r2, #2048
 115 006a 2146     		mov	r1, r4
 116 006c B018     		adds	r0, r6, r2
 117 006e FFF7FEFF 		bl	memset
 118              	.LVL2:
  28:FeatureExtractor.cpp ****     std::memset(fftIn_, 0, sizeof(fftIn_));
 119              		.loc 1 28 5 is_stmt 1 view .LVU43
 120              		.loc 1 28 16 is_stmt 0 view .LVU44
 121 0072 2146     		mov	r1, r4
 122 0074 4FF40062 		mov	r2, #2048
ARM GAS  /var/folders/6_/psd2b8g56p7696hhrr4ztjs00000gn/T//ccgvaGrD.s 			page 4


 123 0078 06F58050 		add	r0, r6, #4096
 124 007c FFF7FEFF 		bl	memset
 125              	.LVL3:
  29:FeatureExtractor.cpp ****     std::memset(prevMag_, 0, sizeof(prevMag_));
 126              		.loc 1 29 5 is_stmt 1 view .LVU45
 127              		.loc 1 29 16 is_stmt 0 view .LVU46
 128 0080 2146     		mov	r1, r4
 129 0082 4FF48062 		mov	r2, #1024
 130 0086 06F5C050 		add	r0, r6, #6144
 131 008a FFF7FEFF 		bl	memset
 132              	.LVL4:
  30:FeatureExtractor.cpp ****     std::memset(window_, 0, sizeof(window_));
 133              		.loc 1 30 5 is_stmt 1 view .LVU47
 134              		.loc 1 30 16 is_stmt 0 view .LVU48
 135 008e 2146     		mov	r1, r4
 136 0090 4FF40062 		mov	r2, #2048
 137 0094 06F5E050 		add	r0, r6, #7168
 138 0098 FFF7FEFF 		bl	memset
 139              	.LVL5:
  31:FeatureExtractor.cpp ****     std::memset(rmsHistory_, 0, sizeof(rmsHistory_));
 140              		.loc 1 31 5 is_stmt 1 view .LVU49
 141              		.loc 1 31 16 is_stmt 0 view .LVU50
 142 009c 42F21840 		movw	r0, #9240
 143 00a0 2146     		mov	r1, r4
 144 00a2 2022     		movs	r2, #32
 145 00a4 3018     		adds	r0, r6, r0
 146 00a6 FFF7FEFF 		bl	memset
 147              	.LVL6:
  32:FeatureExtractor.cpp ****     std::memset(centroidHistory_, 0, sizeof(centroidHistory_));
 148              		.loc 1 32 5 is_stmt 1 view .LVU51
 149              		.loc 1 32 16 is_stmt 0 view .LVU52
 150 00aa 42F23840 		movw	r0, #9272
 151 00ae 2146     		mov	r1, r4
 152 00b0 2022     		movs	r2, #32
 153 00b2 3018     		adds	r0, r6, r0
 154 00b4 FFF7FEFF 		bl	memset
 155              	.LVL7:
  33:FeatureExtractor.cpp ****     std::memset(onsetTimes_, 0, sizeof(onsetTimes_));
 156              		.loc 1 33 5 is_stmt 1 view .LVU53
 157              		.loc 1 33 16 is_stmt 0 view .LVU54
 158 00b8 2846     		mov	r0, r5
 159 00ba 41F60445 		movw	r5, #7172
 160 00be 2146     		mov	r1, r4
 161              	.LBB5:
 162              	.LBB6:
  34:FeatureExtractor.cpp **** 
  35:FeatureExtractor.cpp ****     ComputeHannWindow();
  36:FeatureExtractor.cpp **** }
  37:FeatureExtractor.cpp **** 
  38:FeatureExtractor.cpp **** void FeatureExtractor::PushSample(float x){
  39:FeatureExtractor.cpp ****     if(frameReady_){
  40:FeatureExtractor.cpp ****         return;
  41:FeatureExtractor.cpp ****     }
  42:FeatureExtractor.cpp **** 
  43:FeatureExtractor.cpp ****     captureBuffer_[writePos_++] = x;
  44:FeatureExtractor.cpp **** 
  45:FeatureExtractor.cpp ****     if(writePos_ >= frameSize_){
ARM GAS  /var/folders/6_/psd2b8g56p7696hhrr4ztjs00000gn/T//ccgvaGrD.s 			page 5


  46:FeatureExtractor.cpp ****         std::memcpy(analysisBuffer_, captureBuffer_, frameSize_ * sizeof(float));
  47:FeatureExtractor.cpp ****         writePos_   = 0;
  48:FeatureExtractor.cpp ****         frameReady_ = true;
  49:FeatureExtractor.cpp ****     }
  50:FeatureExtractor.cpp **** }
  51:FeatureExtractor.cpp **** 
  52:FeatureExtractor.cpp **** bool FeatureExtractor::FrameReady() const{
  53:FeatureExtractor.cpp ****     return frameReady_;
  54:FeatureExtractor.cpp **** }
  55:FeatureExtractor.cpp **** 
  56:FeatureExtractor.cpp **** bool FeatureExtractor::ProcessFrame(AudioFeatures& outFeatures){
  57:FeatureExtractor.cpp ****     if(!frameReady_){
  58:FeatureExtractor.cpp ****         return false;
  59:FeatureExtractor.cpp ****     }
  60:FeatureExtractor.cpp **** 
  61:FeatureExtractor.cpp ****     ComputeTimeDomainFeatures(analysisBuffer_, outFeatures);
  62:FeatureExtractor.cpp ****     ComputeSpectralFeatures(analysisBuffer_, outFeatures);
  63:FeatureExtractor.cpp **** 
  64:FeatureExtractor.cpp ****     rmsHistory_[historyIndex_] = outFeatures.rms;
  65:FeatureExtractor.cpp ****     centroidHistory_[historyIndex_] = outFeatures.spectralCentroid;
  66:FeatureExtractor.cpp **** 
  67:FeatureExtractor.cpp ****     historyIndex_ = (historyIndex_ + 1) % 8;
  68:FeatureExtractor.cpp ****     if(historyCount_ < 8){
  69:FeatureExtractor.cpp ****         historyCount_++;
  70:FeatureExtractor.cpp ****     }
  71:FeatureExtractor.cpp **** 
  72:FeatureExtractor.cpp ****     float rmsMean = 0.0f;
  73:FeatureExtractor.cpp ****     float centroidMean = 0.0f;
  74:FeatureExtractor.cpp **** 
  75:FeatureExtractor.cpp ****     for(int i = 0; i < historyCount_; i++){
  76:FeatureExtractor.cpp ****         rmsMean += rmsHistory_[i];
  77:FeatureExtractor.cpp ****         centroidMean += centroidHistory_[i];
  78:FeatureExtractor.cpp ****     }
  79:FeatureExtractor.cpp **** 
  80:FeatureExtractor.cpp ****     if(historyCount_ > 0){
  81:FeatureExtractor.cpp ****         rmsMean /= static_cast<float>(historyCount_);
  82:FeatureExtractor.cpp ****         centroidMean /= static_cast<float>(historyCount_);
  83:FeatureExtractor.cpp ****     }
  84:FeatureExtractor.cpp **** 
  85:FeatureExtractor.cpp ****     float rmsVar = 0.0f;
  86:FeatureExtractor.cpp ****     float centroidVar = 0.0f;
  87:FeatureExtractor.cpp **** 
  88:FeatureExtractor.cpp ****     for(int i = 0; i < historyCount_; i++){
  89:FeatureExtractor.cpp ****         float dr = rmsHistory_[i] - rmsMean;
  90:FeatureExtractor.cpp ****         float dc = centroidHistory_[i] - centroidMean;
  91:FeatureExtractor.cpp ****         rmsVar += dr * dr;
  92:FeatureExtractor.cpp ****         centroidVar += dc * dc;
  93:FeatureExtractor.cpp ****     }
  94:FeatureExtractor.cpp **** 
  95:FeatureExtractor.cpp ****     if(historyCount_ > 0){
  96:FeatureExtractor.cpp ****         rmsVar /= static_cast<float>(historyCount_);
  97:FeatureExtractor.cpp ****         centroidVar /= static_cast<float>(historyCount_);
  98:FeatureExtractor.cpp ****     }
  99:FeatureExtractor.cpp **** 
 100:FeatureExtractor.cpp ****     outFeatures.rmsVariance = rmsVar;
 101:FeatureExtractor.cpp ****     outFeatures.centroidVariance = centroidVar;
 102:FeatureExtractor.cpp **** 
ARM GAS  /var/folders/6_/psd2b8g56p7696hhrr4ztjs00000gn/T//ccgvaGrD.s 			page 6


 103:FeatureExtractor.cpp ****     float frameDuration = static_cast<float>(frameSize_) / samplingRate_;
 104:FeatureExtractor.cpp ****     elapsedTime_ += frameDuration;
 105:FeatureExtractor.cpp **** 
 106:FeatureExtractor.cpp ****     float onsetThreshold = 0.020f;
 107:FeatureExtractor.cpp ****     float peakRiseThreshold = 0.012f;
 108:FeatureExtractor.cpp ****     float envelopeRiseThreshold = 0.008f;
 109:FeatureExtractor.cpp **** 
 110:FeatureExtractor.cpp ****     bool onsetDetected =
 111:FeatureExtractor.cpp ****         outFeatures.peak > onsetThreshold &&
 112:FeatureExtractor.cpp ****         (outFeatures.peak - prevPeak_) > peakRiseThreshold &&
 113:FeatureExtractor.cpp ****         outFeatures.envelopeDelta > envelopeRiseThreshold;
 114:FeatureExtractor.cpp **** 
 115:FeatureExtractor.cpp ****     if(onsetDetected){
 116:FeatureExtractor.cpp ****         onsetTimes_[onsetIndex_] = elapsedTime_;
 117:FeatureExtractor.cpp ****         onsetIndex_ = (onsetIndex_ + 1) % 8;
 118:FeatureExtractor.cpp ****         if(onsetCount_ < 8){
 119:FeatureExtractor.cpp ****             onsetCount_++;
 120:FeatureExtractor.cpp ****         }
 121:FeatureExtractor.cpp ****         lastOnsetTime_ = elapsedTime_;
 122:FeatureExtractor.cpp ****     }
 123:FeatureExtractor.cpp **** 
 124:FeatureExtractor.cpp ****     float onsetWindow = 1.0f;
 125:FeatureExtractor.cpp ****     int recentOnsets = 0;
 126:FeatureExtractor.cpp ****     for(int i = 0; i < onsetCount_; i++){
 127:FeatureExtractor.cpp ****         if((elapsedTime_ - onsetTimes_[i]) <= onsetWindow){
 128:FeatureExtractor.cpp ****             recentOnsets++;
 129:FeatureExtractor.cpp ****         }
 130:FeatureExtractor.cpp ****     }
 131:FeatureExtractor.cpp **** 
 132:FeatureExtractor.cpp ****     outFeatures.onsetCount = static_cast<float>(recentOnsets);
 133:FeatureExtractor.cpp **** 
 134:FeatureExtractor.cpp ****     if(lastOnsetTime_ > -999.0f){
 135:FeatureExtractor.cpp ****         outFeatures.timeSinceLastOnset = elapsedTime_ - lastOnsetTime_;
 136:FeatureExtractor.cpp ****     }
 137:FeatureExtractor.cpp ****     else{
 138:FeatureExtractor.cpp ****         outFeatures.timeSinceLastOnset = 1.0f;
 139:FeatureExtractor.cpp ****     }
 140:FeatureExtractor.cpp **** 
 141:FeatureExtractor.cpp ****     if(outFeatures.timeSinceLastOnset < 0.0f){
 142:FeatureExtractor.cpp ****         outFeatures.timeSinceLastOnset = 1.0f;
 143:FeatureExtractor.cpp ****     }
 144:FeatureExtractor.cpp **** 
 145:FeatureExtractor.cpp ****     if(outFeatures.timeSinceLastOnset > 2.0f){
 146:FeatureExtractor.cpp ****         outFeatures.timeSinceLastOnset = 2.0f;
 147:FeatureExtractor.cpp ****     }
 148:FeatureExtractor.cpp **** 
 149:FeatureExtractor.cpp ****     prevPeak_ = outFeatures.peak;
 150:FeatureExtractor.cpp **** 
 151:FeatureExtractor.cpp ****     frameReady_ = false;
 152:FeatureExtractor.cpp ****     return true;
 153:FeatureExtractor.cpp **** }
 154:FeatureExtractor.cpp **** 
 155:FeatureExtractor.cpp **** void FeatureExtractor::ComputeHannWindow(){
 156:FeatureExtractor.cpp ****     for(size_t n = 0; n < frameSize_; n++)
 163              		.loc 1 156 5 discriminator 3 view .LVU55
 164 00c0 0124     		movs	r4, #1
 165              	.LBE6:
ARM GAS  /var/folders/6_/psd2b8g56p7696hhrr4ztjs00000gn/T//ccgvaGrD.s 			page 7


 166              	.LBE5:
  33:FeatureExtractor.cpp ****     std::memset(onsetTimes_, 0, sizeof(onsetTimes_));
 167              		.loc 1 33 16 view .LVU56
 168 00c2 2022     		movs	r2, #32
 169 00c4 7519     		adds	r5, r6, r5
 170 00c6 FFF7FEFF 		bl	memset
 171              	.LVL8:
  35:FeatureExtractor.cpp **** }
 172              		.loc 1 35 5 is_stmt 1 view .LVU57
 173              	.LBB8:
 174              	.LBI5:
 155:FeatureExtractor.cpp ****     for(size_t n = 0; n < frameSize_; n++)
 175              		.loc 1 155 6 view .LVU58
 176              		.loc 1 156 5 view .LVU59
 177              	.LBB7:
 157:FeatureExtractor.cpp ****     {
 158:FeatureExtractor.cpp ****         window_[n] = 0.5f * (1.0f - cosf((2.0f * kPi * static_cast<float>(n))
 178              		.loc 1 158 9 view .LVU60
 156:FeatureExtractor.cpp ****     {
 179              		.loc 1 156 5 discriminator 3 view .LVU61
 156:FeatureExtractor.cpp ****     {
 180              		.loc 1 156 25 discriminator 1 view .LVU62
 181              	.L2:
 182              		.loc 1 158 56 is_stmt 0 view .LVU63
 183 00ca 07EE904A 		vmov	s15, r4	@ int
 184              		.loc 1 158 54 view .LVU64
 185 00ce 9FED0E7A 		vldr.32	s14, .L6+4
 186              		.loc 1 158 41 view .LVU65
 187 00d2 9FED0E0A 		vldr.32	s0, .L6+8
 156:FeatureExtractor.cpp ****     {
 188              		.loc 1 156 5 discriminator 3 view .LVU66
 189 00d6 0134     		adds	r4, r4, #1
 190              	.LVL9:
 191              		.loc 1 158 56 view .LVU67
 192 00d8 F8EEE77A 		vcvt.f32.s32	s15, s15
 193              	.LVL10:
 194              		.loc 1 158 54 view .LVU68
 195 00dc 67EE877A 		vmul.f32	s15, s15, s14
 196              		.loc 1 158 41 view .LVU69
 197 00e0 87EE800A 		vdiv.f32	s0, s15, s0
 198 00e4 FFF7FEFF 		bl	cosf
 199              	.LVL11:
 200              		.loc 1 158 9 is_stmt 1 view .LVU70
 156:FeatureExtractor.cpp ****     {
 201              		.loc 1 156 25 is_stmt 0 discriminator 1 view .LVU71
 202 00e8 B4F5807F 		cmp	r4, #256
 203              		.loc 1 158 35 discriminator 1 view .LVU72
 204 00ec F7EE007A 		vmov.f32	s15, #1.0e+0
 205              		.loc 1 158 27 discriminator 1 view .LVU73
 206 00f0 B6EE007A 		vmov.f32	s14, #5.0e-1
 207              		.loc 1 158 35 discriminator 1 view .LVU74
 208 00f4 77EEC07A 		vsub.f32	s15, s15, s0
 209              		.loc 1 158 27 discriminator 1 view .LVU75
 210 00f8 67EE877A 		vmul.f32	s15, s15, s14
 211              		.loc 1 158 20 discriminator 1 view .LVU76
 212 00fc E5EC017A 		vstmia.32	r5!, {s15}
 156:FeatureExtractor.cpp ****     {
ARM GAS  /var/folders/6_/psd2b8g56p7696hhrr4ztjs00000gn/T//ccgvaGrD.s 			page 8


 213              		.loc 1 156 5 is_stmt 1 discriminator 3 view .LVU77
 214              	.LVL12:
 156:FeatureExtractor.cpp ****     {
 215              		.loc 1 156 25 discriminator 1 view .LVU78
 216 0100 E3D1     		bne	.L2
 217              	.LBE7:
 218              	.LBE8:
  36:FeatureExtractor.cpp **** 
 219              		.loc 1 36 1 is_stmt 0 view .LVU79
 220 0102 F8BD     		pop	{r3, r4, r5, r6, r7, pc}
 221              	.LVL13:
 222              	.L7:
  36:FeatureExtractor.cpp **** 
 223              		.loc 1 36 1 view .LVU80
 224              		.align	2
 225              	.L6:
 226 0104 00007AC4 		.word	-998637568
 227 0108 DB0FC940 		.word	1086918619
 228 010c 00007F43 		.word	1132396544
 229              		.cfi_endproc
 230              	.LFE553:
 232              		.section	.text._ZN16FeatureExtractor10PushSampleEf,"ax",%progbits
 233              		.align	1
 234              		.p2align 2,,3
 235              		.global	_ZN16FeatureExtractor10PushSampleEf
 236              		.syntax unified
 237              		.thumb
 238              		.thumb_func
 240              	_ZN16FeatureExtractor10PushSampleEf:
 241              	.LVL14:
 242              	.LFB554:
  38:FeatureExtractor.cpp ****     if(frameReady_){
 243              		.loc 1 38 43 is_stmt 1 view -0
 244              		.cfi_startproc
 245              		@ args = 0, pretend = 0, frame = 8
 246              		@ frame_needed = 0, uses_anonymous_args = 0
  39:FeatureExtractor.cpp ****         return;
 247              		.loc 1 39 5 view .LVU82
  39:FeatureExtractor.cpp ****         return;
 248              		.loc 1 39 8 is_stmt 0 view .LVU83
 249 0000 00F50053 		add	r3, r0, #8192
  38:FeatureExtractor.cpp ****     if(frameReady_){
 250              		.loc 1 38 43 view .LVU84
 251 0004 10B5     		push	{r4, lr}
 252              		.cfi_def_cfa_offset 8
 253              		.cfi_offset 4, -8
 254              		.cfi_offset 14, -4
  39:FeatureExtractor.cpp ****         return;
 255              		.loc 1 39 5 view .LVU85
 256 0006 93F89044 		ldrb	r4, [r3, #1168]	@ zero_extendqisi2
  38:FeatureExtractor.cpp ****     if(frameReady_){
 257              		.loc 1 38 43 view .LVU86
 258 000a 82B0     		sub	sp, sp, #8
 259              		.cfi_def_cfa_offset 16
  39:FeatureExtractor.cpp ****         return;
 260              		.loc 1 39 5 view .LVU87
 261 000c 64B9     		cbnz	r4, .L8
ARM GAS  /var/folders/6_/psd2b8g56p7696hhrr4ztjs00000gn/T//ccgvaGrD.s 			page 9


  43:FeatureExtractor.cpp **** 
 262              		.loc 1 43 5 is_stmt 1 view .LVU88
  43:FeatureExtractor.cpp **** 
 263              		.loc 1 43 20 is_stmt 0 view .LVU89
 264 000e D3F80424 		ldr	r2, [r3, #1028]
  43:FeatureExtractor.cpp **** 
 265              		.loc 1 43 29 view .LVU90
 266 0012 511C     		adds	r1, r2, #1
  43:FeatureExtractor.cpp **** 
 267              		.loc 1 43 33 view .LVU91
 268 0014 00EB8202 		add	r2, r0, r2, lsl #2
  43:FeatureExtractor.cpp **** 
 269              		.loc 1 43 29 view .LVU92
 270 0018 C3F80414 		str	r1, [r3, #1028]
  43:FeatureExtractor.cpp **** 
 271              		.loc 1 43 33 view .LVU93
 272 001c 82ED000A 		vstr.32	s0, [r2]
  45:FeatureExtractor.cpp ****         std::memcpy(analysisBuffer_, captureBuffer_, frameSize_ * sizeof(float));
 273              		.loc 1 45 5 is_stmt 1 view .LVU94
  45:FeatureExtractor.cpp ****         std::memcpy(analysisBuffer_, captureBuffer_, frameSize_ * sizeof(float));
 274              		.loc 1 45 21 is_stmt 0 view .LVU95
 275 0020 D3F80024 		ldr	r2, [r3, #1024]
  45:FeatureExtractor.cpp ****         std::memcpy(analysisBuffer_, captureBuffer_, frameSize_ * sizeof(float));
 276              		.loc 1 45 5 view .LVU96
 277 0024 9142     		cmp	r1, r2
 278 0026 01D2     		bcs	.L13
 279              	.L8:
  50:FeatureExtractor.cpp **** 
 280              		.loc 1 50 1 view .LVU97
 281 0028 02B0     		add	sp, sp, #8
 282              		.cfi_remember_state
 283              		.cfi_def_cfa_offset 8
 284              		@ sp needed
 285 002a 10BD     		pop	{r4, pc}
 286              	.L13:
 287              		.cfi_restore_state
  46:FeatureExtractor.cpp ****         writePos_   = 0;
 288              		.loc 1 46 9 is_stmt 1 view .LVU98
 289 002c 0146     		mov	r1, r0
  46:FeatureExtractor.cpp ****         writePos_   = 0;
 290              		.loc 1 46 20 is_stmt 0 view .LVU99
 291 002e 9200     		lsls	r2, r2, #2
 292 0030 00F50060 		add	r0, r0, #2048
 293              	.LVL15:
  46:FeatureExtractor.cpp ****         writePos_   = 0;
 294              		.loc 1 46 20 view .LVU100
 295 0034 0193     		str	r3, [sp, #4]
 296 0036 FFF7FEFF 		bl	memcpy
 297              	.LVL16:
  47:FeatureExtractor.cpp ****         frameReady_ = true;
 298              		.loc 1 47 9 is_stmt 1 view .LVU101
  47:FeatureExtractor.cpp ****         frameReady_ = true;
 299              		.loc 1 47 21 is_stmt 0 view .LVU102
 300 003a 019B     		ldr	r3, [sp, #4]
  48:FeatureExtractor.cpp ****     }
 301              		.loc 1 48 21 view .LVU103
 302 003c 0122     		movs	r2, #1
ARM GAS  /var/folders/6_/psd2b8g56p7696hhrr4ztjs00000gn/T//ccgvaGrD.s 			page 10


  47:FeatureExtractor.cpp ****         frameReady_ = true;
 303              		.loc 1 47 21 view .LVU104
 304 003e C3F80444 		str	r4, [r3, #1028]
  48:FeatureExtractor.cpp ****     }
 305              		.loc 1 48 9 is_stmt 1 view .LVU105
  48:FeatureExtractor.cpp ****     }
 306              		.loc 1 48 21 is_stmt 0 view .LVU106
 307 0042 83F89024 		strb	r2, [r3, #1168]
  50:FeatureExtractor.cpp **** 
 308              		.loc 1 50 1 view .LVU107
 309 0046 02B0     		add	sp, sp, #8
 310              		.cfi_def_cfa_offset 8
 311              		@ sp needed
 312 0048 10BD     		pop	{r4, pc}
  50:FeatureExtractor.cpp **** 
 313              		.loc 1 50 1 view .LVU108
 314              		.cfi_endproc
 315              	.LFE554:
 317 004a 00BF     		.section	.text._ZNK16FeatureExtractor10FrameReadyEv,"ax",%progbits
 318              		.align	1
 319              		.p2align 2,,3
 320              		.global	_ZNK16FeatureExtractor10FrameReadyEv
 321              		.syntax unified
 322              		.thumb
 323              		.thumb_func
 325              	_ZNK16FeatureExtractor10FrameReadyEv:
 326              	.LVL17:
 327              	.LFB555:
  52:FeatureExtractor.cpp ****     return frameReady_;
 328              		.loc 1 52 42 is_stmt 1 view -0
 329              		.cfi_startproc
 330              		@ args = 0, pretend = 0, frame = 0
 331              		@ frame_needed = 0, uses_anonymous_args = 0
 332              		@ link register save eliminated.
  53:FeatureExtractor.cpp **** }
 333              		.loc 1 53 5 view .LVU110
  53:FeatureExtractor.cpp **** }
 334              		.loc 1 53 12 is_stmt 0 view .LVU111
 335 0000 00F50050 		add	r0, r0, #8192
 336              	.LVL18:
  54:FeatureExtractor.cpp **** 
 337              		.loc 1 54 1 view .LVU112
 338 0004 90F89004 		ldrb	r0, [r0, #1168]	@ zero_extendqisi2
 339              	.LVL19:
  54:FeatureExtractor.cpp **** 
 340              		.loc 1 54 1 view .LVU113
 341 0008 7047     		bx	lr
 342              		.cfi_endproc
 343              	.LFE555:
 345 000a 00BF     		.section	.text._ZN16FeatureExtractor17ComputeHannWindowEv,"ax",%progbits
 346              		.align	1
 347              		.p2align 2,,3
 348              		.global	_ZN16FeatureExtractor17ComputeHannWindowEv
 349              		.syntax unified
 350              		.thumb
 351              		.thumb_func
 353              	_ZN16FeatureExtractor17ComputeHannWindowEv:
ARM GAS  /var/folders/6_/psd2b8g56p7696hhrr4ztjs00000gn/T//ccgvaGrD.s 			page 11


 354              	.LVL20:
 355              	.LFB557:
 155:FeatureExtractor.cpp ****     for(size_t n = 0; n < frameSize_; n++)
 356              		.loc 1 155 43 is_stmt 1 view -0
 357              		.cfi_startproc
 358              		@ args = 0, pretend = 0, frame = 0
 359              		@ frame_needed = 0, uses_anonymous_args = 0
 156:FeatureExtractor.cpp ****     {
 360              		.loc 1 156 5 view .LVU115
 361              	.LBB9:
 156:FeatureExtractor.cpp ****     {
 362              		.loc 1 156 25 discriminator 1 view .LVU116
 156:FeatureExtractor.cpp ****     {
 363              		.loc 1 156 27 is_stmt 0 discriminator 1 view .LVU117
 364 0000 00F50053 		add	r3, r0, #8192
 365              	.LBE9:
 155:FeatureExtractor.cpp ****     for(size_t n = 0; n < frameSize_; n++)
 366              		.loc 1 155 43 view .LVU118
 367 0004 70B5     		push	{r4, r5, r6, lr}
 368              		.cfi_def_cfa_offset 16
 369              		.cfi_offset 4, -16
 370              		.cfi_offset 5, -12
 371              		.cfi_offset 6, -8
 372              		.cfi_offset 14, -4
 373              	.LBB10:
 156:FeatureExtractor.cpp ****     {
 374              		.loc 1 156 27 discriminator 1 view .LVU119
 375 0006 D3F80064 		ldr	r6, [r3, #1024]
 376              	.LBE10:
 155:FeatureExtractor.cpp ****     for(size_t n = 0; n < frameSize_; n++)
 377              		.loc 1 155 43 view .LVU120
 378 000a 2DED028B 		vpush.64	{d8}
 379              		.cfi_def_cfa_offset 24
 380              		.cfi_offset 80, -24
 381              		.cfi_offset 81, -20
 382              	.LBB11:
 156:FeatureExtractor.cpp ****     {
 383              		.loc 1 156 25 discriminator 1 view .LVU121
 384 000e 06B3     		cbz	r6, .L15
 159:FeatureExtractor.cpp ****                                          / static_cast<float>(frameSize_ - 1)));
 385              		.loc 1 159 74 view .LVU122
 386 0010 731E     		subs	r3, r6, #1
 387 0012 00F5E055 		add	r5, r0, #7168
 156:FeatureExtractor.cpp ****     {
 388              		.loc 1 156 16 view .LVU123
 389 0016 0024     		movs	r4, #0
 390              		.loc 1 159 44 view .LVU124
 391 0018 07EE903A 		vmov	s15, r3	@ int
 392 001c B8EE678A 		vcvt.f32.u32	s16, s15
 393              	.LVL21:
 394              	.L17:
 158:FeatureExtractor.cpp ****                                          / static_cast<float>(frameSize_ - 1)));
 395              		.loc 1 158 9 is_stmt 1 view .LVU125
 158:FeatureExtractor.cpp ****                                          / static_cast<float>(frameSize_ - 1)));
 396              		.loc 1 158 56 is_stmt 0 view .LVU126
 397 0020 07EE904A 		vmov	s15, r4	@ int
 156:FeatureExtractor.cpp ****     {
ARM GAS  /var/folders/6_/psd2b8g56p7696hhrr4ztjs00000gn/T//ccgvaGrD.s 			page 12


 398              		.loc 1 156 5 discriminator 3 view .LVU127
 399 0024 0134     		adds	r4, r4, #1
 400              	.LVL22:
 158:FeatureExtractor.cpp ****                                          / static_cast<float>(frameSize_ - 1)));
 401              		.loc 1 158 56 view .LVU128
 402 0026 B8EEE70A 		vcvt.f32.s32	s0, s15
 158:FeatureExtractor.cpp ****                                          / static_cast<float>(frameSize_ - 1)));
 403              		.loc 1 158 54 view .LVU129
 404 002a DFED0B7A 		vldr.32	s15, .L21
 405              	.LVL23:
 158:FeatureExtractor.cpp ****                                          / static_cast<float>(frameSize_ - 1)));
 406              		.loc 1 158 54 view .LVU130
 407 002e 20EE270A 		vmul.f32	s0, s0, s15
 158:FeatureExtractor.cpp ****                                          / static_cast<float>(frameSize_ - 1)));
 408              		.loc 1 158 41 view .LVU131
 409 0032 80EE080A 		vdiv.f32	s0, s0, s16
 410 0036 FFF7FEFF 		bl	cosf
 411              	.LVL24:
 156:FeatureExtractor.cpp ****     {
 412              		.loc 1 156 25 discriminator 1 view .LVU132
 413 003a B442     		cmp	r4, r6
 158:FeatureExtractor.cpp ****                                          / static_cast<float>(frameSize_ - 1)));
 414              		.loc 1 158 35 discriminator 1 view .LVU133
 415 003c F7EE007A 		vmov.f32	s15, #1.0e+0
 158:FeatureExtractor.cpp ****                                          / static_cast<float>(frameSize_ - 1)));
 416              		.loc 1 158 27 discriminator 1 view .LVU134
 417 0040 B6EE007A 		vmov.f32	s14, #5.0e-1
 158:FeatureExtractor.cpp ****                                          / static_cast<float>(frameSize_ - 1)));
 418              		.loc 1 158 35 discriminator 1 view .LVU135
 419 0044 77EEC07A 		vsub.f32	s15, s15, s0
 158:FeatureExtractor.cpp ****                                          / static_cast<float>(frameSize_ - 1)));
 420              		.loc 1 158 27 discriminator 1 view .LVU136
 421 0048 67EE877A 		vmul.f32	s15, s15, s14
 158:FeatureExtractor.cpp ****                                          / static_cast<float>(frameSize_ - 1)));
 422              		.loc 1 158 20 discriminator 1 view .LVU137
 423 004c E5EC017A 		vstmia.32	r5!, {s15}
 156:FeatureExtractor.cpp ****     {
 424              		.loc 1 156 5 is_stmt 1 discriminator 3 view .LVU138
 425              	.LVL25:
 156:FeatureExtractor.cpp ****     {
 426              		.loc 1 156 25 discriminator 1 view .LVU139
 427 0050 E6D1     		bne	.L17
 428              	.LVL26:
 429              	.L15:
 156:FeatureExtractor.cpp ****     {
 430              		.loc 1 156 25 is_stmt 0 discriminator 1 view .LVU140
 431              	.LBE11:
 160:FeatureExtractor.cpp ****     }
 161:FeatureExtractor.cpp **** }
 432              		.loc 1 161 1 view .LVU141
 433 0052 BDEC028B 		vldm	sp!, {d8}
 434              		.cfi_restore 80
 435              		.cfi_restore 81
 436              		.cfi_def_cfa_offset 16
 437 0056 70BD     		pop	{r4, r5, r6, pc}
 438              	.L22:
 439              		.align	2
ARM GAS  /var/folders/6_/psd2b8g56p7696hhrr4ztjs00000gn/T//ccgvaGrD.s 			page 13


 440              	.L21:
 441 0058 DB0FC940 		.word	1086918619
 442              		.cfi_endproc
 443              	.LFE557:
 445              		.section	.text._ZN16FeatureExtractor25ComputeTimeDomainFeaturesEPKfR13AudioFeatures,"ax",%progbits
 446              		.align	1
 447              		.p2align 2,,3
 448              		.global	_ZN16FeatureExtractor25ComputeTimeDomainFeaturesEPKfR13AudioFeatures
 449              		.syntax unified
 450              		.thumb
 451              		.thumb_func
 453              	_ZN16FeatureExtractor25ComputeTimeDomainFeaturesEPKfR13AudioFeatures:
 454              	.LVL27:
 455              	.LFB558:
 162:FeatureExtractor.cpp **** 
 163:FeatureExtractor.cpp **** void FeatureExtractor::ComputeTimeDomainFeatures(const float* frame, AudioFeatures& features){
 456              		.loc 1 163 94 is_stmt 1 view -0
 457              		.cfi_startproc
 458              		@ args = 0, pretend = 0, frame = 24
 459              		@ frame_needed = 0, uses_anonymous_args = 0
 164:FeatureExtractor.cpp ****     float sumSquares = 0.0f;
 460              		.loc 1 164 5 view .LVU143
 165:FeatureExtractor.cpp ****     float peak = 0.0f;
 461              		.loc 1 165 5 view .LVU144
 166:FeatureExtractor.cpp ****     float crossings = 0.0f;
 462              		.loc 1 166 5 view .LVU145
 167:FeatureExtractor.cpp ****     float envelopeSum = 0.0f;
 463              		.loc 1 167 5 view .LVU146
 168:FeatureExtractor.cpp **** 
 169:FeatureExtractor.cpp ****     for(size_t n = 0; n < frameSize_; n++)
 464              		.loc 1 169 5 view .LVU147
 465              	.LBB12:
 466              		.loc 1 169 25 discriminator 1 view .LVU148
 467              	.LBE12:
 163:FeatureExtractor.cpp ****     float sumSquares = 0.0f;
 468              		.loc 1 163 94 is_stmt 0 view .LVU149
 469 0000 10B5     		push	{r4, lr}
 470              		.cfi_def_cfa_offset 8
 471              		.cfi_offset 4, -8
 472              		.cfi_offset 14, -4
 473 0002 1446     		mov	r4, r2
 474              	.LBB14:
 475              		.loc 1 169 27 discriminator 1 view .LVU150
 476 0004 00F50052 		add	r2, r0, #8192
 477              	.LVL28:
 478              		.loc 1 169 27 discriminator 1 view .LVU151
 479              	.LBE14:
 163:FeatureExtractor.cpp ****     float sumSquares = 0.0f;
 480              		.loc 1 163 94 view .LVU152
 481 0008 86B0     		sub	sp, sp, #24
 482              		.cfi_def_cfa_offset 32
 483              	.LBB15:
 484              		.loc 1 169 27 discriminator 1 view .LVU153
 485 000a D2F80004 		ldr	r0, [r2, #1024]
 486              	.LVL29:
 487              		.loc 1 169 25 discriminator 1 view .LVU154
 488 000e 0028     		cmp	r0, #0
ARM GAS  /var/folders/6_/psd2b8g56p7696hhrr4ztjs00000gn/T//ccgvaGrD.s 			page 14


 489 0010 5FD0     		beq	.L24
 490              	.LBE15:
 167:FeatureExtractor.cpp ****     float envelopeSum = 0.0f;
 491              		.loc 1 167 11 view .LVU155
 492 0012 9FED446A 		vldr.32	s12, .L42
 493              	.LBB16:
 494              		.loc 1 169 16 view .LVU156
 495 0016 0023     		movs	r3, #0
 496              	.LBE16:
 166:FeatureExtractor.cpp ****     float envelopeSum = 0.0f;
 497              		.loc 1 166 11 view .LVU157
 498 0018 F0EE464A 		vmov.f32	s9, s12
 165:FeatureExtractor.cpp ****     float crossings = 0.0f;
 499              		.loc 1 165 11 view .LVU158
 500 001c F0EE466A 		vmov.f32	s13, s12
 164:FeatureExtractor.cpp ****     float peak = 0.0f;
 501              		.loc 1 164 11 view .LVU159
 502 0020 F0EE465A 		vmov.f32	s11, s12
 503              	.LVL30:
 504              	.L27:
 505              	.LBB17:
 506              	.LBB13:
 170:FeatureExtractor.cpp ****     {
 171:FeatureExtractor.cpp ****         float x = frame[n];
 507              		.loc 1 171 9 is_stmt 1 view .LVU160
 172:FeatureExtractor.cpp ****         sumSquares += x * x;
 173:FeatureExtractor.cpp **** 
 174:FeatureExtractor.cpp ****         float a = fabsf(x);
 175:FeatureExtractor.cpp ****         envelopeSum += a;
 176:FeatureExtractor.cpp **** 
 177:FeatureExtractor.cpp ****         if(a > peak){
 178:FeatureExtractor.cpp ****             peak = a;
 179:FeatureExtractor.cpp ****         }
 180:FeatureExtractor.cpp **** 
 181:FeatureExtractor.cpp ****         if(n > 0){
 182:FeatureExtractor.cpp ****             if(frame[n] * frame[n - 1] < 0.0f){
 508              		.loc 1 182 13 view .LVU161
 171:FeatureExtractor.cpp ****         sumSquares += x * x;
 509              		.loc 1 171 15 is_stmt 0 view .LVU162
 510 0024 F1EC017A 		vldmia.32	r1!, {s15}
 511              	.LVL31:
 172:FeatureExtractor.cpp ****         sumSquares += x * x;
 512              		.loc 1 172 9 is_stmt 1 view .LVU163
 174:FeatureExtractor.cpp ****         envelopeSum += a;
 513              		.loc 1 174 15 is_stmt 0 view .LVU164
 514 0028 B0EEE77A 		vabs.f32	s14, s15
 172:FeatureExtractor.cpp ****         sumSquares += x * x;
 515              		.loc 1 172 20 view .LVU165
 516 002c E7EEA75A 		vfma.f32	s11, s15, s15
 517              	.LVL32:
 174:FeatureExtractor.cpp ****         envelopeSum += a;
 518              		.loc 1 174 9 is_stmt 1 view .LVU166
 175:FeatureExtractor.cpp **** 
 519              		.loc 1 175 9 view .LVU167
 520 0030 B4EEE67A 		vcmpe.f32	s14, s13
 175:FeatureExtractor.cpp **** 
 521              		.loc 1 175 21 is_stmt 0 view .LVU168
ARM GAS  /var/folders/6_/psd2b8g56p7696hhrr4ztjs00000gn/T//ccgvaGrD.s 			page 15


 522 0034 36EE076A 		vadd.f32	s12, s12, s14
 523              	.LVL33:
 177:FeatureExtractor.cpp ****             peak = a;
 524              		.loc 1 177 9 is_stmt 1 view .LVU169
 525 0038 F1EE10FA 		vmrs	APSR_nzcv, FPSCR
 526 003c 77FE266A 		vselgt.f32	s13, s14, s13
 527              	.LVL34:
 181:FeatureExtractor.cpp ****             if(frame[n] * frame[n - 1] < 0.0f){
 528              		.loc 1 181 9 view .LVU170
 529 0040 63B1     		cbz	r3, .L25
 183:FeatureExtractor.cpp ****                 crossings += 1.0f;
 530              		.loc 1 183 17 view .LVU171
 182:FeatureExtractor.cpp ****                 crossings += 1.0f;
 531              		.loc 1 182 25 is_stmt 0 view .LVU172
 532 0042 11ED027A 		vldr.32	s14, [r1, #-8]
 533              	.LVL35:
 534              		.loc 1 183 27 view .LVU173
 535 0046 B7EE005A 		vmov.f32	s10, #1.0e+0
 182:FeatureExtractor.cpp ****                 crossings += 1.0f;
 536              		.loc 1 182 25 view .LVU174
 537 004a 67EE877A 		vmul.f32	s15, s15, s14
 538              	.LVL36:
 182:FeatureExtractor.cpp ****                 crossings += 1.0f;
 539              		.loc 1 182 13 view .LVU175
 540 004e F5EEC07A 		vcmpe.f32	s15, #0
 541 0052 F1EE10FA 		vmrs	APSR_nzcv, FPSCR
 542 0056 01D5     		bpl	.L25
 543              		.loc 1 183 27 view .LVU176
 544 0058 74EE854A 		vadd.f32	s9, s9, s10
 545              	.LVL37:
 546              	.L25:
 547              		.loc 1 183 27 view .LVU177
 548              	.LBE13:
 169:FeatureExtractor.cpp ****     {
 549              		.loc 1 169 5 is_stmt 1 discriminator 2 view .LVU178
 550 005c 0133     		adds	r3, r3, #1
 551              	.LVL38:
 169:FeatureExtractor.cpp ****     {
 552              		.loc 1 169 25 discriminator 1 view .LVU179
 553 005e 8342     		cmp	r3, r0
 554 0060 E0D1     		bne	.L27
 555              	.LBE17:
 184:FeatureExtractor.cpp ****             }
 185:FeatureExtractor.cpp ****         }
 186:FeatureExtractor.cpp ****     }
 187:FeatureExtractor.cpp **** 
 188:FeatureExtractor.cpp ****     features.rms  = sqrtf(sumSquares / static_cast<float>(frameSize_));
 556              		.loc 1 188 5 view .LVU180
 557              		.loc 1 188 40 is_stmt 0 view .LVU181
 558 0062 07EE903A 		vmov	s15, r3	@ int
 189:FeatureExtractor.cpp ****     features.peak = peak;
 190:FeatureExtractor.cpp ****     features.zcr  = crossings / static_cast<float>(frameSize_ - 1);
 559              		.loc 1 190 63 view .LVU182
 560 0066 013B     		subs	r3, r3, #1
 561              	.LVL39:
 188:FeatureExtractor.cpp ****     features.peak = peak;
 562              		.loc 1 188 40 view .LVU183
ARM GAS  /var/folders/6_/psd2b8g56p7696hhrr4ztjs00000gn/T//ccgvaGrD.s 			page 16


 563 0068 B8EEE77A 		vcvt.f32.s32	s14, s15
 564              		.loc 1 190 63 view .LVU184
 565 006c 07EE903A 		vmov	s15, r3	@ int
 566              	.LVL40:
 188:FeatureExtractor.cpp ****     features.peak = peak;
 567              		.loc 1 188 26 view .LVU185
 568 0070 85EE870A 		vdiv.f32	s0, s11, s14
 569 0074 B5EE400A 		vcmp.f32	s0, #0
 570 0078 F1EE10FA 		vmrs	APSR_nzcv, FPSCR
 571 007c 32D4     		bmi	.L40
 572              		.loc 1 190 33 view .LVU186
 573 007e F8EEE77A 		vcvt.f32.s32	s15, s15
 191:FeatureExtractor.cpp ****     features.rmsDelta = fabsf(features.rms - prevRms_);
 192:FeatureExtractor.cpp ****     features.envelope = envelopeSum / static_cast<float>(frameSize_);
 574              		.loc 1 192 37 view .LVU187
 575 0082 C6EE075A 		vdiv.f32	s11, s12, s14
 576              	.LVL41:
 190:FeatureExtractor.cpp ****     features.rmsDelta = fabsf(features.rms - prevRms_);
 577              		.loc 1 190 31 view .LVU188
 578 0086 84EEA75A 		vdiv.f32	s10, s9, s15
 579              	.LVL42:
 580              	.L29:
 188:FeatureExtractor.cpp ****     features.peak = peak;
 581              		.loc 1 188 26 view .LVU189
 582 008a B1EEC06A 		vsqrt.f32	s12, s0
 583              	.LVL43:
 584              	.L32:
 191:FeatureExtractor.cpp ****     features.rmsDelta = fabsf(features.rms - prevRms_);
 585              		.loc 1 191 46 view .LVU190
 586 008e 02F20C43 		addw	r3, r2, #1036
 193:FeatureExtractor.cpp ****     features.envelopeDelta = fabsf(features.envelope - prevEnvelope_);
 587              		.loc 1 193 56 view .LVU191
 588 0092 02F58260 		add	r0, r2, #1040
 188:FeatureExtractor.cpp ****     features.peak = peak;
 589              		.loc 1 188 19 discriminator 1 view .LVU192
 590 0096 84ED006A 		vstr.32	s12, [r4]
 189:FeatureExtractor.cpp ****     features.zcr  = crossings / static_cast<float>(frameSize_ - 1);
 591              		.loc 1 189 5 is_stmt 1 view .LVU193
 191:FeatureExtractor.cpp ****     features.envelope = envelopeSum / static_cast<float>(frameSize_);
 592              		.loc 1 191 44 is_stmt 0 view .LVU194
 593 009a 93ED007A 		vldr.32	s14, [r3]
 594              		.loc 1 193 54 view .LVU195
 595 009e D0ED007A 		vldr.32	s15, [r0]
 191:FeatureExtractor.cpp ****     features.envelope = envelopeSum / static_cast<float>(frameSize_);
 596              		.loc 1 191 44 view .LVU196
 597 00a2 36EE477A 		vsub.f32	s14, s12, s14
 189:FeatureExtractor.cpp ****     features.zcr  = crossings / static_cast<float>(frameSize_ - 1);
 598              		.loc 1 189 19 view .LVU197
 599 00a6 C4ED016A 		vstr.32	s13, [r4, #4]
 190:FeatureExtractor.cpp ****     features.rmsDelta = fabsf(features.rms - prevRms_);
 600              		.loc 1 190 5 is_stmt 1 view .LVU198
 601              		.loc 1 193 54 is_stmt 0 view .LVU199
 602 00aa 75EEE77A 		vsub.f32	s15, s11, s15
 190:FeatureExtractor.cpp ****     features.rmsDelta = fabsf(features.rms - prevRms_);
 603              		.loc 1 190 19 view .LVU200
 604 00ae 84ED025A 		vstr.32	s10, [r4, #8]
 191:FeatureExtractor.cpp ****     features.envelope = envelopeSum / static_cast<float>(frameSize_);
ARM GAS  /var/folders/6_/psd2b8g56p7696hhrr4ztjs00000gn/T//ccgvaGrD.s 			page 17


 605              		.loc 1 191 5 is_stmt 1 view .LVU201
 192:FeatureExtractor.cpp ****     features.envelopeDelta = fabsf(features.envelope - prevEnvelope_);
 606              		.loc 1 192 23 is_stmt 0 view .LVU202
 607 00b2 C4ED065A 		vstr.32	s11, [r4, #24]
 191:FeatureExtractor.cpp ****     features.envelope = envelopeSum / static_cast<float>(frameSize_);
 608              		.loc 1 191 30 view .LVU203
 609 00b6 B0EEC77A 		vabs.f32	s14, s14
 610              		.loc 1 193 35 view .LVU204
 611 00ba F0EEE77A 		vabs.f32	s15, s15
 191:FeatureExtractor.cpp ****     features.envelope = envelopeSum / static_cast<float>(frameSize_);
 612              		.loc 1 191 23 view .LVU205
 613 00be 84ED057A 		vstr.32	s14, [r4, #20]
 192:FeatureExtractor.cpp ****     features.envelopeDelta = fabsf(features.envelope - prevEnvelope_);
 614              		.loc 1 192 5 is_stmt 1 view .LVU206
 615              		.loc 1 193 5 view .LVU207
 616              		.loc 1 193 28 is_stmt 0 view .LVU208
 617 00c2 C4ED077A 		vstr.32	s15, [r4, #28]
 194:FeatureExtractor.cpp **** 
 195:FeatureExtractor.cpp ****     prevRms_ = features.rms;
 618              		.loc 1 195 5 is_stmt 1 view .LVU209
 619              		.loc 1 195 14 is_stmt 0 view .LVU210
 620 00c6 83ED006A 		vstr.32	s12, [r3]
 196:FeatureExtractor.cpp ****     prevEnvelope_ = features.envelope;
 621              		.loc 1 196 5 is_stmt 1 view .LVU211
 622              		.loc 1 196 19 is_stmt 0 view .LVU212
 623 00ca C0ED005A 		vstr.32	s11, [r0]
 197:FeatureExtractor.cpp **** }
 624              		.loc 1 197 1 view .LVU213
 625 00ce 06B0     		add	sp, sp, #24
 626              		.cfi_remember_state
 627              		.cfi_def_cfa_offset 8
 628              		@ sp needed
 629 00d0 10BD     		pop	{r4, pc}
 630              	.LVL44:
 631              	.L24:
 632              		.cfi_restore_state
 188:FeatureExtractor.cpp ****     features.peak = peak;
 633              		.loc 1 188 5 is_stmt 1 view .LVU214
 188:FeatureExtractor.cpp ****     features.peak = peak;
 634              		.loc 1 188 26 is_stmt 0 view .LVU215
 635 00d2 9FED145A 		vldr.32	s10, .L42
 636 00d6 85EE050A 		vdiv.f32	s0, s10, s10
 165:FeatureExtractor.cpp ****     float crossings = 0.0f;
 637              		.loc 1 165 11 view .LVU216
 638 00da F0EE456A 		vmov.f32	s13, s10
 188:FeatureExtractor.cpp ****     features.peak = peak;
 639              		.loc 1 188 26 view .LVU217
 640 00de F0EE405A 		vmov.f32	s11, s0
 641 00e2 D2E7     		b	.L29
 642              	.LVL45:
 643              	.L40:
 188:FeatureExtractor.cpp ****     features.peak = peak;
 644              		.loc 1 188 26 view .LVU218
 645 00e4 0592     		str	r2, [sp, #20]
 646 00e6 8DED036A 		vstr.32	s12, [sp, #12]	@ int
 647 00ea CDED024A 		vstr.32	s9, [sp, #8]	@ int
 648 00ee CDED016A 		vstr.32	s13, [sp, #4]	@ int
ARM GAS  /var/folders/6_/psd2b8g56p7696hhrr4ztjs00000gn/T//ccgvaGrD.s 			page 18


 649 00f2 8DED007A 		vstr.32	s14, [sp]	@ int
 650 00f6 0493     		str	r3, [sp, #16]
 651 00f8 FFF7FEFF 		bl	sqrtf
 652              	.LVL46:
 190:FeatureExtractor.cpp ****     features.rmsDelta = fabsf(features.rms - prevRms_);
 653              		.loc 1 190 33 view .LVU219
 654 00fc DDED047A 		vldr.32	s15, [sp, #16]	@ int
 192:FeatureExtractor.cpp ****     features.envelopeDelta = fabsf(features.envelope - prevEnvelope_);
 655              		.loc 1 192 37 view .LVU220
 656 0100 9DED036A 		vldr.32	s12, [sp, #12]	@ int
 190:FeatureExtractor.cpp ****     features.rmsDelta = fabsf(features.rms - prevRms_);
 657              		.loc 1 190 33 view .LVU221
 658 0104 F8EEE77A 		vcvt.f32.s32	s15, s15
 192:FeatureExtractor.cpp ****     features.envelopeDelta = fabsf(features.envelope - prevEnvelope_);
 659              		.loc 1 192 37 view .LVU222
 660 0108 9DED007A 		vldr.32	s14, [sp]	@ int
 190:FeatureExtractor.cpp ****     features.rmsDelta = fabsf(features.rms - prevRms_);
 661              		.loc 1 190 31 view .LVU223
 662 010c DDED024A 		vldr.32	s9, [sp, #8]	@ int
 192:FeatureExtractor.cpp ****     features.envelopeDelta = fabsf(features.envelope - prevEnvelope_);
 663              		.loc 1 192 37 view .LVU224
 664 0110 C6EE075A 		vdiv.f32	s11, s12, s14
 190:FeatureExtractor.cpp ****     features.rmsDelta = fabsf(features.rms - prevRms_);
 665              		.loc 1 190 31 view .LVU225
 666 0114 059A     		ldr	r2, [sp, #20]
 667 0116 DDED016A 		vldr.32	s13, [sp, #4]	@ int
 668 011a 84EEA75A 		vdiv.f32	s10, s9, s15
 188:FeatureExtractor.cpp ****     features.peak = peak;
 669              		.loc 1 188 26 view .LVU226
 670 011e B0EE406A 		vmov.f32	s12, s0
 671 0122 B4E7     		b	.L32
 672              	.L43:
 673              		.align	2
 674              	.L42:
 675 0124 00000000 		.word	0
 676              		.cfi_endproc
 677              	.LFE558:
 679              		.section	.text._ZN16FeatureExtractor23ComputeSpectralFeaturesEPKfR13AudioFeatures,"ax",%progbits
 680              		.align	1
 681              		.p2align 2,,3
 682              		.global	_ZN16FeatureExtractor23ComputeSpectralFeaturesEPKfR13AudioFeatures
 683              		.syntax unified
 684              		.thumb
 685              		.thumb_func
 687              	_ZN16FeatureExtractor23ComputeSpectralFeaturesEPKfR13AudioFeatures:
 688              	.LVL47:
 689              	.LFB559:
 198:FeatureExtractor.cpp **** 
 199:FeatureExtractor.cpp **** void FeatureExtractor::ComputeSpectralFeatures(const float* frame, AudioFeatures& features){
 690              		.loc 1 199 92 is_stmt 1 view -0
 691              		.cfi_startproc
 692              		@ args = 0, pretend = 0, frame = 0
 693              		@ frame_needed = 0, uses_anonymous_args = 0
 200:FeatureExtractor.cpp ****     for(size_t n = 0; n < frameSize_; n++){
 694              		.loc 1 200 5 view .LVU228
 695              	.LBB18:
 696              		.loc 1 200 25 discriminator 1 view .LVU229
ARM GAS  /var/folders/6_/psd2b8g56p7696hhrr4ztjs00000gn/T//ccgvaGrD.s 			page 19


 697              	.LBE18:
 199:FeatureExtractor.cpp ****     for(size_t n = 0; n < frameSize_; n++){
 698              		.loc 1 199 92 is_stmt 0 view .LVU230
 699 0000 2DE9F84F 		push	{r3, r4, r5, r6, r7, r8, r9, r10, fp, lr}
 700              		.cfi_def_cfa_offset 40
 701              		.cfi_offset 3, -40
 702              		.cfi_offset 4, -36
 703              		.cfi_offset 5, -32
 704              		.cfi_offset 6, -28
 705              		.cfi_offset 7, -24
 706              		.cfi_offset 8, -20
 707              		.cfi_offset 9, -16
 708              		.cfi_offset 10, -12
 709              		.cfi_offset 11, -8
 710              		.cfi_offset 14, -4
 711              	.LBB19:
 712              		.loc 1 200 27 discriminator 1 view .LVU231
 713 0004 00F50055 		add	r5, r0, #8192
 714              	.LBE19:
 199:FeatureExtractor.cpp ****     for(size_t n = 0; n < frameSize_; n++){
 715              		.loc 1 199 92 view .LVU232
 716 0008 9146     		mov	r9, r2
 717              	.LBB20:
 718              		.loc 1 200 27 discriminator 1 view .LVU233
 719 000a D5F80074 		ldr	r7, [r5, #1024]
 720              	.LBE20:
 199:FeatureExtractor.cpp ****     for(size_t n = 0; n < frameSize_; n++){
 721              		.loc 1 199 92 view .LVU234
 722 000e 2DED0A8B 		vpush.64	{d8, d9, d10, d11, d12}
 723              		.cfi_def_cfa_offset 80
 724              		.cfi_offset 80, -80
 725              		.cfi_offset 81, -76
 726              		.cfi_offset 82, -72
 727              		.cfi_offset 83, -68
 728              		.cfi_offset 84, -64
 729              		.cfi_offset 85, -60
 730              		.cfi_offset 86, -56
 731              		.cfi_offset 87, -52
 732              		.cfi_offset 88, -48
 733              		.cfi_offset 89, -44
 734              	.LBB21:
 735              		.loc 1 200 25 discriminator 1 view .LVU235
 736 0012 002F     		cmp	r7, #0
 737 0014 00F09080 		beq	.L48
 738 0018 00F5805A 		add	r10, r0, #4096
 739 001c 00F5E052 		add	r2, r0, #7168
 740              	.LVL48:
 741              		.loc 1 200 25 discriminator 1 view .LVU236
 742 0020 01EB8704 		add	r4, r1, r7, lsl #2
 743 0024 5346     		mov	r3, r10
 744              	.LVL49:
 745              	.L47:
 201:FeatureExtractor.cpp ****         fftIn_[n] = frame[n] * window_[n];
 746              		.loc 1 201 9 is_stmt 1 view .LVU237
 747              		.loc 1 201 28 is_stmt 0 view .LVU238
 748 0026 F1EC017A 		vldmia.32	r1!, {s15}
 749              		.loc 1 201 41 view .LVU239
ARM GAS  /var/folders/6_/psd2b8g56p7696hhrr4ztjs00000gn/T//ccgvaGrD.s 			page 20


 750 002a B2EC017A 		vldmia.32	r2!, {s14}
 200:FeatureExtractor.cpp ****     for(size_t n = 0; n < frameSize_; n++){
 751              		.loc 1 200 25 discriminator 1 view .LVU240
 752 002e A142     		cmp	r1, r4
 753              		.loc 1 201 30 view .LVU241
 754 0030 67EE877A 		vmul.f32	s15, s15, s14
 755              		.loc 1 201 19 view .LVU242
 756 0034 E3EC017A 		vstmia.32	r3!, {s15}
 200:FeatureExtractor.cpp ****     for(size_t n = 0; n < frameSize_; n++){
 757              		.loc 1 200 5 is_stmt 1 discriminator 3 view .LVU243
 200:FeatureExtractor.cpp ****     for(size_t n = 0; n < frameSize_; n++){
 758              		.loc 1 200 25 discriminator 1 view .LVU244
 759 0038 F5D1     		bne	.L47
 760              	.LBE21:
 202:FeatureExtractor.cpp ****     }
 203:FeatureExtractor.cpp **** 
 204:FeatureExtractor.cpp ****     float runningNum = 0.0f;
 761              		.loc 1 204 5 view .LVU245
 205:FeatureExtractor.cpp ****     float runningDen = 0.0f;
 762              		.loc 1 205 5 view .LVU246
 206:FeatureExtractor.cpp ****     float spectralTotal = 0.0f;
 763              		.loc 1 206 5 view .LVU247
 207:FeatureExtractor.cpp ****     float binWidth = samplingRate_ / static_cast<float>(frameSize_);
 764              		.loc 1 207 5 view .LVU248
 765              	.LVL50:
 208:FeatureExtractor.cpp **** 
 209:FeatureExtractor.cpp ****     for(size_t k = 1; k < (frameSize_ / 2); k++)
 766              		.loc 1 209 5 view .LVU249
 767              	.LBB22:
 768              		.loc 1 209 25 discriminator 1 view .LVU250
 769 003a 032F     		cmp	r7, #3
 770              		.loc 1 209 39 is_stmt 0 discriminator 1 view .LVU251
 771 003c 4FEA5703 		lsr	r3, r7, #1
 772              		.loc 1 209 25 discriminator 1 view .LVU252
 773 0040 7AD9     		bls	.L48
 774              	.LBE22:
 207:FeatureExtractor.cpp ****     float binWidth = samplingRate_ / static_cast<float>(frameSize_);
 775              		.loc 1 207 38 view .LVU253
 776 0042 07EE107A 		vmov	s14, r7	@ int
 207:FeatureExtractor.cpp ****     float binWidth = samplingRate_ / static_cast<float>(frameSize_);
 777              		.loc 1 207 22 view .LVU254
 778 0046 05F58165 		add	r5, r5, #1032
 779 004a 41F60408 		movw	r8, #6148
 206:FeatureExtractor.cpp ****     float binWidth = samplingRate_ / static_cast<float>(frameSize_);
 780              		.loc 1 206 11 view .LVU255
 781 004e DFED40BA 		vldr.32	s23, .L66
 207:FeatureExtractor.cpp ****     float binWidth = samplingRate_ / static_cast<float>(frameSize_);
 782              		.loc 1 207 38 view .LVU256
 783 0052 B8EEC7AA 		vcvt.f32.s32	s20, s14
 207:FeatureExtractor.cpp ****     float binWidth = samplingRate_ / static_cast<float>(frameSize_);
 784              		.loc 1 207 11 view .LVU257
 785 0056 D5ED007A 		vldr.32	s15, [r5]
 786 005a 8044     		add	r8, r0, r8
 787 005c 00F5C050 		add	r0, r0, #6144
 788              	.LVL51:
 205:FeatureExtractor.cpp ****     float spectralTotal = 0.0f;
 789              		.loc 1 205 11 view .LVU258
ARM GAS  /var/folders/6_/psd2b8g56p7696hhrr4ztjs00000gn/T//ccgvaGrD.s 			page 21


 790 0060 F0EE6BAA 		vmov.f32	s21, s23
 791 0064 0AEB8707 		add	r7, r10, r7, lsl #2
 792              	.LVL52:
 207:FeatureExtractor.cpp **** 
 793              		.loc 1 207 11 view .LVU259
 794 0068 87EE8ACA 		vdiv.f32	s24, s15, s20
 795 006c 00EB830B 		add	fp, r0, r3, lsl #2
 796              	.LBB30:
 797              		.loc 1 209 16 view .LVU260
 798 0070 0126     		movs	r6, #1
 799              	.LBE30:
 204:FeatureExtractor.cpp ****     float runningDen = 0.0f;
 800              		.loc 1 204 11 view .LVU261
 801 0072 B0EE6BBA 		vmov.f32	s22, s23
 802              	.LVL53:
 803              	.L49:
 804              	.LBB31:
 805              	.LBB23:
 806              	.LBB24:
 210:FeatureExtractor.cpp ****     {
 211:FeatureExtractor.cpp ****         float real = 0.0f;
 212:FeatureExtractor.cpp ****         float imag = 0.0f;
 213:FeatureExtractor.cpp **** 
 214:FeatureExtractor.cpp ****         for(size_t n = 0; n < frameSize_; n++){
 807              		.loc 1 214 29 is_stmt 1 discriminator 1 view .LVU262
 808              	.LBE24:
 212:FeatureExtractor.cpp **** 
 809              		.loc 1 212 15 is_stmt 0 view .LVU263
 810 0076 9FED369A 		vldr.32	s18, .L66
 811              	.LBE23:
 812              	.LBE31:
 813              	.LBB32:
 200:FeatureExtractor.cpp ****         fftIn_[n] = frame[n] * window_[n];
 814              		.loc 1 200 25 discriminator 1 view .LVU264
 815 007a 5546     		mov	r5, r10
 816 007c 0024     		movs	r4, #0
 817              	.LBE32:
 818              	.LBB33:
 819              	.LBB29:
 211:FeatureExtractor.cpp ****         float imag = 0.0f;
 820              		.loc 1 211 15 view .LVU265
 821 007e F0EE499A 		vmov.f32	s19, s18
 822              	.LVL54:
 823              	.L50:
 824              	.LBB28:
 825              	.LBB25:
 215:FeatureExtractor.cpp ****             float angle = 2.0f * kPi * static_cast<float>(k * n)
 826              		.loc 1 215 13 is_stmt 1 view .LVU266
 827              		.loc 1 215 40 is_stmt 0 view .LVU267
 828 0082 07EE904A 		vmov	s15, r4	@ int
 829              		.loc 1 215 38 view .LVU268
 830 0086 9FED337A 		vldr.32	s14, .L66+4
 216:FeatureExtractor.cpp ****                         / static_cast<float>(frameSize_);
 217:FeatureExtractor.cpp ****             real += fftIn_[n] * cosf(angle);
 831              		.loc 1 217 29 view .LVU269
 832 008a B5EC018A 		vldmia.32	r5!, {s16}
 833              	.LBE25:
ARM GAS  /var/folders/6_/psd2b8g56p7696hhrr4ztjs00000gn/T//ccgvaGrD.s 			page 22


 214:FeatureExtractor.cpp ****             float angle = 2.0f * kPi * static_cast<float>(k * n)
 834              		.loc 1 214 29 discriminator 1 view .LVU270
 835 008e 3444     		add	r4, r4, r6
 836              	.LBB26:
 215:FeatureExtractor.cpp ****             float angle = 2.0f * kPi * static_cast<float>(k * n)
 837              		.loc 1 215 40 view .LVU271
 838 0090 F8EEE77A 		vcvt.f32.s32	s15, s15
 215:FeatureExtractor.cpp ****             float angle = 2.0f * kPi * static_cast<float>(k * n)
 839              		.loc 1 215 38 view .LVU272
 840 0094 67EE877A 		vmul.f32	s15, s15, s14
 215:FeatureExtractor.cpp ****             float angle = 2.0f * kPi * static_cast<float>(k * n)
 841              		.loc 1 215 19 view .LVU273
 842 0098 C7EE8A8A 		vdiv.f32	s17, s15, s20
 843              	.LVL55:
 844              		.loc 1 217 13 is_stmt 1 view .LVU274
 845              		.loc 1 217 37 is_stmt 0 view .LVU275
 846 009c B0EE680A 		vmov.f32	s0, s17
 847 00a0 FFF7FEFF 		bl	cosf
 848              	.LVL56:
 849 00a4 F0EE407A 		vmov.f32	s15, s0
 218:FeatureExtractor.cpp ****             imag -= fftIn_[n] * sinf(angle);
 850              		.loc 1 218 37 view .LVU276
 851 00a8 B0EE680A 		vmov.f32	s0, s17
 217:FeatureExtractor.cpp ****             imag -= fftIn_[n] * sinf(angle);
 852              		.loc 1 217 18 discriminator 1 view .LVU277
 853 00ac E8EE279A 		vfma.f32	s19, s16, s15
 854              	.LVL57:
 855              		.loc 1 218 13 is_stmt 1 view .LVU278
 856              		.loc 1 218 37 is_stmt 0 view .LVU279
 857 00b0 FFF7FEFF 		bl	sinf
 858              	.LVL58:
 859              	.LBE26:
 214:FeatureExtractor.cpp ****             float angle = 2.0f * kPi * static_cast<float>(k * n)
 860              		.loc 1 214 29 discriminator 1 view .LVU280
 861 00b4 AF42     		cmp	r7, r5
 862              	.LBB27:
 863              		.loc 1 218 18 discriminator 1 view .LVU281
 864 00b6 A8EE409A 		vfms.f32	s18, s16, s0
 865              	.LVL59:
 866              		.loc 1 218 18 discriminator 1 view .LVU282
 867              	.LBE27:
 214:FeatureExtractor.cpp ****             float angle = 2.0f * kPi * static_cast<float>(k * n)
 868              		.loc 1 214 9 is_stmt 1 discriminator 3 view .LVU283
 214:FeatureExtractor.cpp ****             float angle = 2.0f * kPi * static_cast<float>(k * n)
 869              		.loc 1 214 29 discriminator 1 view .LVU284
 870 00ba E2D1     		bne	.L50
 871              	.LBE28:
 219:FeatureExtractor.cpp ****         }
 220:FeatureExtractor.cpp **** 
 221:FeatureExtractor.cpp ****         float magnitude = sqrtf(real * real + imag * imag);
 872              		.loc 1 221 9 view .LVU285
 873              		.loc 1 221 52 is_stmt 0 view .LVU286
 874 00bc 29EE099A 		vmul.f32	s18, s18, s18
 875              	.LVL60:
 222:FeatureExtractor.cpp ****         float freq = static_cast<float>(k) * binWidth;
 223:FeatureExtractor.cpp **** 
 224:FeatureExtractor.cpp ****         runningNum += freq * magnitude;
ARM GAS  /var/folders/6_/psd2b8g56p7696hhrr4ztjs00000gn/T//ccgvaGrD.s 			page 23


 225:FeatureExtractor.cpp ****         runningDen += magnitude;
 226:FeatureExtractor.cpp **** 
 227:FeatureExtractor.cpp ****         float diff = magnitude - prevMag_[k];
 876              		.loc 1 227 15 view .LVU287
 877 00c0 D8ED006A 		vldr.32	s13, [r8]
 222:FeatureExtractor.cpp ****         float freq = static_cast<float>(k) * binWidth;
 878              		.loc 1 222 15 view .LVU288
 879 00c4 07EE906A 		vmov	s15, r6	@ int
 221:FeatureExtractor.cpp ****         float freq = static_cast<float>(k) * binWidth;
 880              		.loc 1 221 32 view .LVU289
 881 00c8 A9EEA99A 		vfma.f32	s18, s19, s19
 222:FeatureExtractor.cpp ****         float freq = static_cast<float>(k) * binWidth;
 882              		.loc 1 222 15 view .LVU290
 883 00cc F8EEE77A 		vcvt.f32.s32	s15, s15
 884 00d0 67EE8C7A 		vmul.f32	s15, s15, s24
 221:FeatureExtractor.cpp ****         float freq = static_cast<float>(k) * binWidth;
 885              		.loc 1 221 32 view .LVU291
 886 00d4 B1EEC97A 		vsqrt.f32	s14, s18
 222:FeatureExtractor.cpp ****         float freq = static_cast<float>(k) * binWidth;
 887              		.loc 1 222 9 is_stmt 1 view .LVU292
 888              	.LVL61:
 224:FeatureExtractor.cpp ****         runningDen += magnitude;
 889              		.loc 1 224 9 view .LVU293
 890              		.loc 1 227 15 is_stmt 0 view .LVU294
 891 00d8 77EE666A 		vsub.f32	s13, s14, s13
 224:FeatureExtractor.cpp ****         runningDen += magnitude;
 892              		.loc 1 224 20 view .LVU295
 893 00dc A7EE27BA 		vfma.f32	s22, s14, s15
 894              	.LVL62:
 225:FeatureExtractor.cpp **** 
 895              		.loc 1 225 9 is_stmt 1 view .LVU296
 225:FeatureExtractor.cpp **** 
 896              		.loc 1 225 20 is_stmt 0 view .LVU297
 897 00e0 7AEE87AA 		vadd.f32	s21, s21, s14
 898              	.LVL63:
 899              		.loc 1 227 9 is_stmt 1 view .LVU298
 228:FeatureExtractor.cpp ****         if(diff > 0.0f){
 900              		.loc 1 228 9 view .LVU299
 901 00e4 F5EEC06A 		vcmpe.f32	s13, #0
 902 00e8 F1EE10FA 		vmrs	APSR_nzcv, FPSCR
 903 00ec 01DD     		ble	.L51
 229:FeatureExtractor.cpp ****             spectralTotal += diff;
 904              		.loc 1 229 13 view .LVU300
 905              		.loc 1 229 27 is_stmt 0 view .LVU301
 906 00ee 7BEEA6BA 		vadd.f32	s23, s23, s13
 907              	.LVL64:
 908              	.L51:
 230:FeatureExtractor.cpp ****         }
 231:FeatureExtractor.cpp ****         prevMag_[k] = magnitude;
 909              		.loc 1 231 9 is_stmt 1 view .LVU302
 910              		.loc 1 231 21 is_stmt 0 view .LVU303
 911 00f2 A8EC017A 		vstmia.32	r8!, {s14}
 912              	.LBE29:
 209:FeatureExtractor.cpp ****     {
 913              		.loc 1 209 5 is_stmt 1 discriminator 2 view .LVU304
 209:FeatureExtractor.cpp ****     {
 914              		.loc 1 209 25 is_stmt 0 discriminator 1 view .LVU305
ARM GAS  /var/folders/6_/psd2b8g56p7696hhrr4ztjs00000gn/T//ccgvaGrD.s 			page 24


 915 00f6 D845     		cmp	r8, fp
 209:FeatureExtractor.cpp ****     {
 916              		.loc 1 209 5 discriminator 2 view .LVU306
 917 00f8 06F10106 		add	r6, r6, #1
 918              	.LVL65:
 209:FeatureExtractor.cpp ****     {
 919              		.loc 1 209 25 is_stmt 1 discriminator 1 view .LVU307
 920 00fc BBD1     		bne	.L49
 921              	.LBE33:
 232:FeatureExtractor.cpp ****     }
 233:FeatureExtractor.cpp **** 
 234:FeatureExtractor.cpp ****     if(runningDen > 1e-8f){
 922              		.loc 1 234 5 view .LVU308
 923 00fe DFED167A 		vldr.32	s15, .L66+8
 924              	.LVL66:
 925              		.loc 1 234 5 is_stmt 0 view .LVU309
 926 0102 F4EEE7AA 		vcmpe.f32	s21, s15
 927 0106 F1EE10FA 		vmrs	APSR_nzcv, FPSCR
 928 010a 12DD     		ble	.L64
 235:FeatureExtractor.cpp ****         features.spectralCentroid = runningNum / runningDen;
 929              		.loc 1 235 9 is_stmt 1 view .LVU310
 930              		.loc 1 235 48 is_stmt 0 view .LVU311
 931 010c 8BEE2A7A 		vdiv.f32	s14, s22, s21
 932              	.L55:
 933              	.LVL67:
 934              		.loc 1 235 48 view .LVU312
 935 0110 89ED037A 		vstr.32	s14, [r9, #12]
 236:FeatureExtractor.cpp ****     }
 237:FeatureExtractor.cpp ****     else{
 238:FeatureExtractor.cpp ****         features.spectralCentroid = 0.0f;
 239:FeatureExtractor.cpp ****     }
 240:FeatureExtractor.cpp **** 
 241:FeatureExtractor.cpp ****     features.spectralFlux = spectralTotal;
 936              		.loc 1 241 5 is_stmt 1 view .LVU313
 242:FeatureExtractor.cpp **** 
 243:FeatureExtractor.cpp ****     if(features.spectralFlux > 5.0f){
 937              		.loc 1 243 5 view .LVU314
 938 0114 F1EE047A 		vmov.f32	s15, #5.0e+0
 939 0118 F4EEE7BA 		vcmpe.f32	s23, s15
 940 011c F1EE10FA 		vmrs	APSR_nzcv, FPSCR
 941 0120 01DD     		ble	.L57
 244:FeatureExtractor.cpp ****         features.spectralFlux = 5.0f;
 942              		.loc 1 244 31 is_stmt 0 view .LVU315
 943 0122 F0EE67BA 		vmov.f32	s23, s15
 944              	.L57:
 945 0126 C9ED04BA 		vstr.32	s23, [r9, #16]
 245:FeatureExtractor.cpp ****     }
 246:FeatureExtractor.cpp **** }...
 946              		.loc 1 246 1 view .LVU316
 947 012a BDEC0A8B 		vldm	sp!, {d8-d12}
 948              		.cfi_remember_state
 949              		.cfi_restore 88
 950              		.cfi_restore 89
 951              		.cfi_restore 86
 952              		.cfi_restore 87
 953              		.cfi_restore 84
 954              		.cfi_restore 85
ARM GAS  /var/folders/6_/psd2b8g56p7696hhrr4ztjs00000gn/T//ccgvaGrD.s 			page 25


 955              		.cfi_restore 82
 956              		.cfi_restore 83
 957              		.cfi_restore 80
 958              		.cfi_restore 81
 959              		.cfi_def_cfa_offset 40
 960              	.LVL68:
 961              		.loc 1 246 1 view .LVU317
 962 012e BDE8F88F 		pop	{r3, r4, r5, r6, r7, r8, r9, r10, fp, pc}
 963              	.LVL69:
 964              	.L64:
 965              		.cfi_restore_state
 238:FeatureExtractor.cpp ****         features.spectralCentroid = 0.0f;
 966              		.loc 1 238 35 view .LVU318
 967 0132 9FED077A 		vldr.32	s14, .L66
 968 0136 EBE7     		b	.L55
 969              	.LVL70:
 970              	.L48:
 234:FeatureExtractor.cpp ****     if(runningDen > 1e-8f){
 971              		.loc 1 234 5 is_stmt 1 view .LVU319
 238:FeatureExtractor.cpp ****         features.spectralCentroid = 0.0f;
 972              		.loc 1 238 35 is_stmt 0 view .LVU320
 973 0138 DFED05BA 		vldr.32	s23, .L66
 974 013c 0023     		movs	r3, #0
 975 013e C9ED04BA 		vstr.32	s23, [r9, #16]
 976 0142 C9F80C30 		str	r3, [r9, #12]	@ float
 241:FeatureExtractor.cpp ****     features.spectralFlux = spectralTotal;
 977              		.loc 1 241 5 is_stmt 1 view .LVU321
 243:FeatureExtractor.cpp ****     if(features.spectralFlux > 5.0f){
 978              		.loc 1 243 5 view .LVU322
 979              		.loc 1 246 1 is_stmt 0 view .LVU323
 980 0146 BDEC0A8B 		vldm	sp!, {d8-d12}
 981              		.cfi_restore 88
 982              		.cfi_restore 89
 983              		.cfi_restore 86
 984              		.cfi_restore 87
 985              		.cfi_restore 84
 986              		.cfi_restore 85
 987              		.cfi_restore 82
 988              		.cfi_restore 83
 989              		.cfi_restore 80
 990              		.cfi_restore 81
 991              		.cfi_def_cfa_offset 40
 992 014a BDE8F88F 		pop	{r3, r4, r5, r6, r7, r8, r9, r10, fp, pc}
 993              	.LVL71:
 994              	.L67:
 995              		.loc 1 246 1 view .LVU324
 996 014e 00BF     		.align	2
 997              	.L66:
 998 0150 00000000 		.word	0
 999 0154 DB0FC940 		.word	1086918619
 1000 0158 77CC2B32 		.word	841731191
 1001              		.cfi_endproc
 1002              	.LFE559:
 1004              		.section	.text._ZN16FeatureExtractor12ProcessFrameER13AudioFeatures,"ax",%progbits
 1005              		.align	1
 1006              		.p2align 2,,3
 1007              		.global	_ZN16FeatureExtractor12ProcessFrameER13AudioFeatures
ARM GAS  /var/folders/6_/psd2b8g56p7696hhrr4ztjs00000gn/T//ccgvaGrD.s 			page 26


 1008              		.syntax unified
 1009              		.thumb
 1010              		.thumb_func
 1012              	_ZN16FeatureExtractor12ProcessFrameER13AudioFeatures:
 1013              	.LVL72:
 1014              	.LFB556:
  56:FeatureExtractor.cpp **** bool FeatureExtractor::ProcessFrame(AudioFeatures& outFeatures){
 1015              		.loc 1 56 64 is_stmt 1 view -0
 1016              		.cfi_startproc
 1017              		@ args = 0, pretend = 0, frame = 8
 1018              		@ frame_needed = 0, uses_anonymous_args = 0
  57:FeatureExtractor.cpp ****     if(!frameReady_){
 1019              		.loc 1 57 5 view .LVU326
  56:FeatureExtractor.cpp **** bool FeatureExtractor::ProcessFrame(AudioFeatures& outFeatures){
 1020              		.loc 1 56 64 is_stmt 0 view .LVU327
 1021 0000 70B5     		push	{r4, r5, r6, lr}
 1022              		.cfi_def_cfa_offset 16
 1023              		.cfi_offset 4, -16
 1024              		.cfi_offset 5, -12
 1025              		.cfi_offset 6, -8
 1026              		.cfi_offset 14, -4
  57:FeatureExtractor.cpp ****     if(!frameReady_){
 1027              		.loc 1 57 9 view .LVU328
 1028 0002 00F50054 		add	r4, r0, #8192
  56:FeatureExtractor.cpp **** bool FeatureExtractor::ProcessFrame(AudioFeatures& outFeatures){
 1029              		.loc 1 56 64 view .LVU329
 1030 0006 82B0     		sub	sp, sp, #8
 1031              		.cfi_def_cfa_offset 24
  57:FeatureExtractor.cpp ****     if(!frameReady_){
 1032              		.loc 1 57 9 view .LVU330
 1033 0008 94F89054 		ldrb	r5, [r4, #1168]	@ zero_extendqisi2
  57:FeatureExtractor.cpp ****     if(!frameReady_){
 1034              		.loc 1 57 5 view .LVU331
 1035 000c 15B9     		cbnz	r5, .L108
 153:FeatureExtractor.cpp **** }
 1036              		.loc 1 153 1 view .LVU332
 1037 000e 2846     		mov	r0, r5
 1038              	.LVL73:
 153:FeatureExtractor.cpp **** }
 1039              		.loc 1 153 1 view .LVU333
 1040 0010 02B0     		add	sp, sp, #8
 1041              		.cfi_remember_state
 1042              		.cfi_def_cfa_offset 16
 1043              		@ sp needed
 1044 0012 70BD     		pop	{r4, r5, r6, pc}
 1045              	.LVL74:
 1046              	.L108:
 1047              		.cfi_restore_state
  61:FeatureExtractor.cpp ****     ComputeTimeDomainFeatures(analysisBuffer_, outFeatures);
 1048              		.loc 1 61 5 is_stmt 1 view .LVU334
 1049 0014 0A46     		mov	r2, r1
 1050 0016 0646     		mov	r6, r0
  61:FeatureExtractor.cpp ****     ComputeTimeDomainFeatures(analysisBuffer_, outFeatures);
 1051              		.loc 1 61 31 is_stmt 0 view .LVU335
 1052 0018 00F50061 		add	r1, r0, #2048
 1053              	.LVL75:
  61:FeatureExtractor.cpp ****     ComputeTimeDomainFeatures(analysisBuffer_, outFeatures);
ARM GAS  /var/folders/6_/psd2b8g56p7696hhrr4ztjs00000gn/T//ccgvaGrD.s 			page 27


 1054              		.loc 1 61 30 view .LVU336
 1055 001c CDE90021 		strd	r2, r1, [sp]
 1056 0020 FFF7FEFF 		bl	_ZN16FeatureExtractor25ComputeTimeDomainFeaturesEPKfR13AudioFeatures
 1057              	.LVL76:
  62:FeatureExtractor.cpp ****     ComputeSpectralFeatures(analysisBuffer_, outFeatures);
 1058              		.loc 1 62 5 is_stmt 1 view .LVU337
  62:FeatureExtractor.cpp ****     ComputeSpectralFeatures(analysisBuffer_, outFeatures);
 1059              		.loc 1 62 28 is_stmt 0 view .LVU338
 1060 0024 3046     		mov	r0, r6
 1061 0026 DDE90021 		ldrd	r2, r1, [sp]
 1062 002a FFF7FEFF 		bl	_ZN16FeatureExtractor23ComputeSpectralFeaturesEPKfR13AudioFeatures
 1063              	.LVL77:
  64:FeatureExtractor.cpp ****     rmsHistory_[historyIndex_] = outFeatures.rms;
 1064              		.loc 1 64 5 is_stmt 1 view .LVU339
  64:FeatureExtractor.cpp ****     rmsHistory_[historyIndex_] = outFeatures.rms;
 1065              		.loc 1 64 17 is_stmt 0 view .LVU340
 1066 002e D4F85834 		ldr	r3, [r4, #1112]
  64:FeatureExtractor.cpp ****     rmsHistory_[historyIndex_] = outFeatures.rms;
 1067              		.loc 1 64 32 view .LVU341
 1068 0032 009A     		ldr	r2, [sp]
  67:FeatureExtractor.cpp ****     historyIndex_ = (historyIndex_ + 1) % 8;
 1069              		.loc 1 67 36 view .LVU342
 1070 0034 591C     		adds	r1, r3, #1
 1071 0036 06EB8303 		add	r3, r6, r3, lsl #2
  64:FeatureExtractor.cpp ****     rmsHistory_[historyIndex_] = outFeatures.rms;
 1072              		.loc 1 64 32 view .LVU343
 1073 003a D2F800E0 		ldr	lr, [r2]	@ float
  67:FeatureExtractor.cpp ****     historyIndex_ = (historyIndex_ + 1) % 8;
 1074              		.loc 1 67 41 view .LVU344
 1075 003e 4842     		rsbs	r0, r1, #0
  64:FeatureExtractor.cpp ****     rmsHistory_[historyIndex_] = outFeatures.rms;
 1076              		.loc 1 64 32 view .LVU345
 1077 0040 03F50053 		add	r3, r3, #8192
  65:FeatureExtractor.cpp ****     centroidHistory_[historyIndex_] = outFeatures.spectralCentroid;
 1078              		.loc 1 65 37 view .LVU346
 1079 0044 D2F80CC0 		ldr	ip, [r2, #12]	@ float
  67:FeatureExtractor.cpp ****     historyIndex_ = (historyIndex_ + 1) % 8;
 1080              		.loc 1 67 41 view .LVU347
 1081 0048 01F00701 		and	r1, r1, #7
 1082 004c 00F00700 		and	r0, r0, #7
 1083 0050 58BF     		it	pl
 1084 0052 4142     		rsbpl	r1, r0, #0
  64:FeatureExtractor.cpp ****     rmsHistory_[historyIndex_] = outFeatures.rms;
 1085              		.loc 1 64 32 view .LVU348
 1086 0054 03F58360 		add	r0, r3, #1048
  65:FeatureExtractor.cpp ****     centroidHistory_[historyIndex_] = outFeatures.spectralCentroid;
 1087              		.loc 1 65 37 view .LVU349
 1088 0058 03F58763 		add	r3, r3, #1080
  64:FeatureExtractor.cpp ****     rmsHistory_[historyIndex_] = outFeatures.rms;
 1089              		.loc 1 64 32 view .LVU350
 1090 005c C0F800E0 		str	lr, [r0]	@ float
  65:FeatureExtractor.cpp ****     centroidHistory_[historyIndex_] = outFeatures.spectralCentroid;
 1091              		.loc 1 65 5 is_stmt 1 view .LVU351
  65:FeatureExtractor.cpp ****     centroidHistory_[historyIndex_] = outFeatures.spectralCentroid;
 1092              		.loc 1 65 37 is_stmt 0 view .LVU352
 1093 0060 C3F800C0 		str	ip, [r3]	@ float
  67:FeatureExtractor.cpp ****     historyIndex_ = (historyIndex_ + 1) % 8;
ARM GAS  /var/folders/6_/psd2b8g56p7696hhrr4ztjs00000gn/T//ccgvaGrD.s 			page 28


 1094              		.loc 1 67 5 is_stmt 1 view .LVU353
  67:FeatureExtractor.cpp ****     historyIndex_ = (historyIndex_ + 1) % 8;
 1095              		.loc 1 67 19 is_stmt 0 view .LVU354
 1096 0064 C4F85814 		str	r1, [r4, #1112]
  68:FeatureExtractor.cpp ****     if(historyCount_ < 8){
 1097              		.loc 1 68 5 is_stmt 1 view .LVU355
  68:FeatureExtractor.cpp ****     if(historyCount_ < 8){
 1098              		.loc 1 68 8 is_stmt 0 view .LVU356
 1099 0068 D4F85C14 		ldr	r1, [r4, #1116]
  68:FeatureExtractor.cpp ****     if(historyCount_ < 8){
 1100              		.loc 1 68 5 view .LVU357
 1101 006c 0729     		cmp	r1, #7
 1102 006e 05DC     		bgt	.L70
  69:FeatureExtractor.cpp ****         historyCount_++;
 1103              		.loc 1 69 9 is_stmt 1 view .LVU358
  69:FeatureExtractor.cpp ****         historyCount_++;
 1104              		.loc 1 69 22 is_stmt 0 view .LVU359
 1105 0070 0131     		adds	r1, r1, #1
 1106              	.LBB34:
  75:FeatureExtractor.cpp ****     for(int i = 0; i < historyCount_; i++){
 1107              		.loc 1 75 22 discriminator 1 view .LVU360
 1108 0072 0029     		cmp	r1, #0
 1109              	.LBE34:
  69:FeatureExtractor.cpp ****         historyCount_++;
 1110              		.loc 1 69 22 view .LVU361
 1111 0074 C4F85C14 		str	r1, [r4, #1116]
  72:FeatureExtractor.cpp ****     float rmsMean = 0.0f;
 1112              		.loc 1 72 5 is_stmt 1 view .LVU362
  73:FeatureExtractor.cpp ****     float centroidMean = 0.0f;
 1113              		.loc 1 73 5 view .LVU363
  75:FeatureExtractor.cpp ****     for(int i = 0; i < historyCount_; i++){
 1114              		.loc 1 75 5 view .LVU364
 1115              	.LVL78:
 1116              	.LBB35:
  75:FeatureExtractor.cpp ****     for(int i = 0; i < historyCount_; i++){
 1117              		.loc 1 75 22 discriminator 1 view .LVU365
 1118 0078 40F3C280 		ble	.L90
 1119              	.LVL79:
 1120              	.L70:
  75:FeatureExtractor.cpp ****     for(int i = 0; i < historyCount_; i++){
 1121              		.loc 1 75 22 is_stmt 0 discriminator 1 view .LVU366
 1122 007c 42F21843 		movw	r3, #9240
 1123              	.LBE35:
  73:FeatureExtractor.cpp ****     float centroidMean = 0.0f;
 1124              		.loc 1 73 11 view .LVU367
 1125 0080 DFED6B7A 		vldr.32	s15, .L111
 1126 0084 F318     		adds	r3, r6, r3
  72:FeatureExtractor.cpp ****     float rmsMean = 0.0f;
 1127              		.loc 1 72 11 view .LVU368
 1128 0086 B0EE677A 		vmov.f32	s14, s15
 1129 008a 03EB810E 		add	lr, r3, r1, lsl #2
  56:FeatureExtractor.cpp **** bool FeatureExtractor::ProcessFrame(AudioFeatures& outFeatures){
 1130              		.loc 1 56 64 view .LVU369
 1131 008e 9C46     		mov	ip, r3
 1132              	.L72:
 1133              	.LVL80:
 1134              	.LBB36:
ARM GAS  /var/folders/6_/psd2b8g56p7696hhrr4ztjs00000gn/T//ccgvaGrD.s 			page 29


  76:FeatureExtractor.cpp ****         rmsMean += rmsHistory_[i];
 1135              		.loc 1 76 9 is_stmt 1 view .LVU370
  76:FeatureExtractor.cpp ****         rmsMean += rmsHistory_[i];
 1136              		.loc 1 76 33 is_stmt 0 view .LVU371
 1137 0090 BCEC016A 		vldmia.32	ip!, {s12}
  77:FeatureExtractor.cpp ****         centroidMean += centroidHistory_[i];
 1138              		.loc 1 77 22 view .LVU372
 1139 0094 DCED076A 		vldr.32	s13, [ip, #28]
  75:FeatureExtractor.cpp ****     for(int i = 0; i < historyCount_; i++){
 1140              		.loc 1 75 22 discriminator 1 view .LVU373
 1141 0098 F445     		cmp	ip, lr
  76:FeatureExtractor.cpp ****         rmsMean += rmsHistory_[i];
 1142              		.loc 1 76 17 view .LVU374
 1143 009a 37EE067A 		vadd.f32	s14, s14, s12
 1144              	.LVL81:
  77:FeatureExtractor.cpp ****         centroidMean += centroidHistory_[i];
 1145              		.loc 1 77 9 is_stmt 1 view .LVU375
  77:FeatureExtractor.cpp ****         centroidMean += centroidHistory_[i];
 1146              		.loc 1 77 22 is_stmt 0 view .LVU376
 1147 009e 77EEA67A 		vadd.f32	s15, s15, s13
 1148              	.LVL82:
  75:FeatureExtractor.cpp ****     for(int i = 0; i < historyCount_; i++){
 1149              		.loc 1 75 5 is_stmt 1 discriminator 3 view .LVU377
  75:FeatureExtractor.cpp ****     for(int i = 0; i < historyCount_; i++){
 1150              		.loc 1 75 22 discriminator 1 view .LVU378
 1151 00a2 F5D1     		bne	.L72
 1152              	.LBE36:
  80:FeatureExtractor.cpp ****     if(historyCount_ > 0){
 1153              		.loc 1 80 5 view .LVU379
  81:FeatureExtractor.cpp ****         rmsMean /= static_cast<float>(historyCount_);
 1154              		.loc 1 81 9 view .LVU380
  81:FeatureExtractor.cpp ****         rmsMean /= static_cast<float>(historyCount_);
 1155              		.loc 1 81 20 is_stmt 0 view .LVU381
 1156 00a4 06EE901A 		vmov	s13, r1	@ int
 1157 00a8 F8EEE65A 		vcvt.f32.s32	s11, s13
  86:FeatureExtractor.cpp ****     float centroidVar = 0.0f;
 1158              		.loc 1 86 11 view .LVU382
 1159 00ac DFED606A 		vldr.32	s13, .L111
  85:FeatureExtractor.cpp ****     float rmsVar = 0.0f;
 1160              		.loc 1 85 11 view .LVU383
 1161 00b0 B0EE666A 		vmov.f32	s12, s13
  81:FeatureExtractor.cpp ****         rmsMean /= static_cast<float>(historyCount_);
 1162              		.loc 1 81 17 view .LVU384
 1163 00b4 C7EE254A 		vdiv.f32	s9, s14, s11
 1164              	.LVL83:
  82:FeatureExtractor.cpp ****         centroidMean /= static_cast<float>(historyCount_);
 1165              		.loc 1 82 9 is_stmt 1 view .LVU385
  82:FeatureExtractor.cpp ****         centroidMean /= static_cast<float>(historyCount_);
 1166              		.loc 1 82 22 is_stmt 0 view .LVU386
 1167 00b8 87EEA55A 		vdiv.f32	s10, s15, s11
 1168              	.LVL84:
  85:FeatureExtractor.cpp ****     float rmsVar = 0.0f;
 1169              		.loc 1 85 5 is_stmt 1 view .LVU387
  86:FeatureExtractor.cpp ****     float centroidVar = 0.0f;
 1170              		.loc 1 86 5 view .LVU388
  88:FeatureExtractor.cpp ****     for(int i = 0; i < historyCount_; i++){
 1171              		.loc 1 88 5 view .LVU389
ARM GAS  /var/folders/6_/psd2b8g56p7696hhrr4ztjs00000gn/T//ccgvaGrD.s 			page 30


 1172              	.LBB37:
  88:FeatureExtractor.cpp ****     for(int i = 0; i < historyCount_; i++){
 1173              		.loc 1 88 22 discriminator 1 view .LVU390
 1174              	.L73:
 1175              	.LBB38:
  89:FeatureExtractor.cpp ****         float dr = rmsHistory_[i] - rmsMean;
 1176              		.loc 1 89 9 view .LVU391
  89:FeatureExtractor.cpp ****         float dr = rmsHistory_[i] - rmsMean;
 1177              		.loc 1 89 33 is_stmt 0 view .LVU392
 1178 00bc B3EC017A 		vldmia.32	r3!, {s14}
  90:FeatureExtractor.cpp ****         float dc = centroidHistory_[i] - centroidMean;
 1179              		.loc 1 90 15 view .LVU393
 1180 00c0 D3ED077A 		vldr.32	s15, [r3, #28]
 1181              	.LBE38:
  88:FeatureExtractor.cpp ****     for(int i = 0; i < historyCount_; i++){
 1182              		.loc 1 88 22 discriminator 1 view .LVU394
 1183 00c4 7345     		cmp	r3, lr
 1184              	.LBB39:
  89:FeatureExtractor.cpp ****         float dr = rmsHistory_[i] - rmsMean;
 1185              		.loc 1 89 15 view .LVU395
 1186 00c6 37EE647A 		vsub.f32	s14, s14, s9
 1187              	.LVL85:
  90:FeatureExtractor.cpp ****         float dc = centroidHistory_[i] - centroidMean;
 1188              		.loc 1 90 9 is_stmt 1 view .LVU396
  90:FeatureExtractor.cpp ****         float dc = centroidHistory_[i] - centroidMean;
 1189              		.loc 1 90 15 is_stmt 0 view .LVU397
 1190 00ca 77EEC57A 		vsub.f32	s15, s15, s10
 1191              	.LVL86:
  91:FeatureExtractor.cpp ****         rmsVar += dr * dr;
 1192              		.loc 1 91 9 is_stmt 1 view .LVU398
  91:FeatureExtractor.cpp ****         rmsVar += dr * dr;
 1193              		.loc 1 91 16 is_stmt 0 view .LVU399
 1194 00ce A7EE076A 		vfma.f32	s12, s14, s14
 1195              	.LVL87:
  92:FeatureExtractor.cpp ****         centroidVar += dc * dc;
 1196              		.loc 1 92 9 is_stmt 1 view .LVU400
  92:FeatureExtractor.cpp ****         centroidVar += dc * dc;
 1197              		.loc 1 92 21 is_stmt 0 view .LVU401
 1198 00d2 E7EEA76A 		vfma.f32	s13, s15, s15
 1199              	.LVL88:
  92:FeatureExtractor.cpp ****         centroidVar += dc * dc;
 1200              		.loc 1 92 21 view .LVU402
 1201              	.LBE39:
  88:FeatureExtractor.cpp ****     for(int i = 0; i < historyCount_; i++){
 1202              		.loc 1 88 5 is_stmt 1 discriminator 3 view .LVU403
  88:FeatureExtractor.cpp ****     for(int i = 0; i < historyCount_; i++){
 1203              		.loc 1 88 22 discriminator 1 view .LVU404
 1204 00d6 F1D1     		bne	.L73
  88:FeatureExtractor.cpp ****     for(int i = 0; i < historyCount_; i++){
 1205              		.loc 1 88 22 is_stmt 0 discriminator 1 view .LVU405
 1206              	.LBE37:
  95:FeatureExtractor.cpp ****     if(historyCount_ > 0){
 1207              		.loc 1 95 5 is_stmt 1 view .LVU406
  96:FeatureExtractor.cpp ****         rmsVar /= static_cast<float>(historyCount_);
 1208              		.loc 1 96 9 view .LVU407
  96:FeatureExtractor.cpp ****         rmsVar /= static_cast<float>(historyCount_);
 1209              		.loc 1 96 16 is_stmt 0 view .LVU408
ARM GAS  /var/folders/6_/psd2b8g56p7696hhrr4ztjs00000gn/T//ccgvaGrD.s 			page 31


 1210 00d8 C6EE254A 		vdiv.f32	s9, s12, s11
 1211              	.LVL89:
  97:FeatureExtractor.cpp ****         centroidVar /= static_cast<float>(historyCount_);
 1212              		.loc 1 97 9 is_stmt 1 view .LVU409
  97:FeatureExtractor.cpp ****         centroidVar /= static_cast<float>(historyCount_);
 1213              		.loc 1 97 21 is_stmt 0 view .LVU410
 1214 00dc 86EEA55A 		vdiv.f32	s10, s13, s11
 1215              	.LVL90:
 1216              	.L71:
 100:FeatureExtractor.cpp ****     outFeatures.rmsVariance = rmsVar;
 1217              		.loc 1 100 5 is_stmt 1 view .LVU411
 103:FeatureExtractor.cpp ****     float frameDuration = static_cast<float>(frameSize_) / samplingRate_;
 1218              		.loc 1 103 27 is_stmt 0 view .LVU412
 1219 00e0 04F58063 		add	r3, r4, #1024
 111:FeatureExtractor.cpp ****         outFeatures.peak > onsetThreshold &&
 1220              		.loc 1 111 21 view .LVU413
 1221 00e4 92ED016A 		vldr.32	s12, [r2, #4]
 112:FeatureExtractor.cpp ****         (outFeatures.peak - prevPeak_) > peakRiseThreshold &&
 1222              		.loc 1 112 60 view .LVU414
 1223 00e8 9FED527A 		vldr.32	s14, .L111+4
 103:FeatureExtractor.cpp ****     float frameDuration = static_cast<float>(frameSize_) / samplingRate_;
 1224              		.loc 1 103 27 view .LVU415
 1225 00ec D3ED007A 		vldr.32	s15, [r3]	@ int
 103:FeatureExtractor.cpp ****     float frameDuration = static_cast<float>(frameSize_) / samplingRate_;
 1226              		.loc 1 103 60 view .LVU416
 1227 00f0 04F58163 		add	r3, r4, #1032
 100:FeatureExtractor.cpp ****     outFeatures.rmsVariance = rmsVar;
 1228              		.loc 1 100 29 view .LVU417
 1229 00f4 C2ED084A 		vstr.32	s9, [r2, #32]
 101:FeatureExtractor.cpp ****     outFeatures.centroidVariance = centroidVar;
 1230              		.loc 1 101 5 is_stmt 1 view .LVU418
 103:FeatureExtractor.cpp ****     float frameDuration = static_cast<float>(frameSize_) / samplingRate_;
 1231              		.loc 1 103 27 is_stmt 0 view .LVU419
 1232 00f8 F8EE677A 		vcvt.f32.u32	s15, s15
 103:FeatureExtractor.cpp ****     float frameDuration = static_cast<float>(frameSize_) / samplingRate_;
 1233              		.loc 1 103 11 view .LVU420
 1234 00fc D3ED005A 		vldr.32	s11, [r3]
 104:FeatureExtractor.cpp ****     elapsedTime_ += frameDuration;
 1235              		.loc 1 104 5 view .LVU421
 1236 0100 04F59163 		add	r3, r4, #1160
 112:FeatureExtractor.cpp ****         (outFeatures.peak - prevPeak_) > peakRiseThreshold &&
 1237              		.loc 1 112 60 view .LVU422
 1238 0104 B4EEC76A 		vcmpe.f32	s12, s14
 101:FeatureExtractor.cpp ****     outFeatures.centroidVariance = centroidVar;
 1239              		.loc 1 101 34 view .LVU423
 1240 0108 82ED095A 		vstr.32	s10, [r2, #36]
 103:FeatureExtractor.cpp ****     float frameDuration = static_cast<float>(frameSize_) / samplingRate_;
 1241              		.loc 1 103 5 is_stmt 1 view .LVU424
 1242              	.LVL91:
 104:FeatureExtractor.cpp ****     elapsedTime_ += frameDuration;
 1243              		.loc 1 104 5 view .LVU425
 103:FeatureExtractor.cpp ****     float frameDuration = static_cast<float>(frameSize_) / samplingRate_;
 1244              		.loc 1 103 11 is_stmt 0 view .LVU426
 1245 010c C7EEA56A 		vdiv.f32	s13, s15, s11
 104:FeatureExtractor.cpp ****     elapsedTime_ += frameDuration;
 1246              		.loc 1 104 18 view .LVU427
 1247 0110 D3ED007A 		vldr.32	s15, [r3]
ARM GAS  /var/folders/6_/psd2b8g56p7696hhrr4ztjs00000gn/T//ccgvaGrD.s 			page 32


 118:FeatureExtractor.cpp ****         if(onsetCount_ < 8){
 1248              		.loc 1 118 12 view .LVU428
 1249 0114 D4F88414 		ldr	r1, [r4, #1156]
 112:FeatureExtractor.cpp ****         (outFeatures.peak - prevPeak_) > peakRiseThreshold &&
 1250              		.loc 1 112 60 view .LVU429
 1251 0118 F1EE10FA 		vmrs	APSR_nzcv, FPSCR
 104:FeatureExtractor.cpp ****     elapsedTime_ += frameDuration;
 1252              		.loc 1 104 18 view .LVU430
 1253 011c 76EEA76A 		vadd.f32	s13, s13, s15
 1254 0120 C3ED006A 		vstr.32	s13, [r3]
 106:FeatureExtractor.cpp ****     float onsetThreshold = 0.020f;
 1255              		.loc 1 106 5 is_stmt 1 view .LVU431
 1256              	.LVL92:
 107:FeatureExtractor.cpp ****     float peakRiseThreshold = 0.012f;
 1257              		.loc 1 107 5 view .LVU432
 108:FeatureExtractor.cpp ****     float envelopeRiseThreshold = 0.008f;
 1258              		.loc 1 108 5 view .LVU433
 110:FeatureExtractor.cpp ****     bool onsetDetected =
 1259              		.loc 1 110 5 view .LVU434
 112:FeatureExtractor.cpp ****         (outFeatures.peak - prevPeak_) > peakRiseThreshold &&
 1260              		.loc 1 112 60 is_stmt 0 view .LVU435
 1261 0124 0CDD     		ble	.L74
 112:FeatureExtractor.cpp ****         (outFeatures.peak - prevPeak_) > peakRiseThreshold &&
 1262              		.loc 1 112 29 discriminator 1 view .LVU436
 1263 0126 04F21443 		addw	r3, r4, #1044
 111:FeatureExtractor.cpp ****         outFeatures.peak > onsetThreshold &&
 1264              		.loc 1 111 43 view .LVU437
 1265 012a 9FED437A 		vldr.32	s14, .L111+8
 112:FeatureExtractor.cpp ****         (outFeatures.peak - prevPeak_) > peakRiseThreshold &&
 1266              		.loc 1 112 27 discriminator 1 view .LVU438
 1267 012e D3ED007A 		vldr.32	s15, [r3]
 1268 0132 76EE677A 		vsub.f32	s15, s12, s15
 111:FeatureExtractor.cpp ****         outFeatures.peak > onsetThreshold &&
 1269              		.loc 1 111 43 view .LVU439
 1270 0136 F4EEC77A 		vcmpe.f32	s15, s14
 1271 013a F1EE10FA 		vmrs	APSR_nzcv, FPSCR
 1272 013e 3ADC     		bgt	.L109
 1273              	.L74:
 124:FeatureExtractor.cpp ****     float onsetWindow = 1.0f;
 1274              		.loc 1 124 5 is_stmt 1 view .LVU440
 1275              	.LVL93:
 125:FeatureExtractor.cpp ****     int recentOnsets = 0;
 1276              		.loc 1 125 5 view .LVU441
 126:FeatureExtractor.cpp ****     for(int i = 0; i < onsetCount_; i++){
 1277              		.loc 1 126 5 view .LVU442
 1278              	.LBB40:
 126:FeatureExtractor.cpp ****     for(int i = 0; i < onsetCount_; i++){
 1279              		.loc 1 126 22 discriminator 1 view .LVU443
 1280 0140 0029     		cmp	r1, #0
 1281 0142 62DD     		ble	.L91
 1282              	.L79:
 1283 0144 42F26043 		movw	r3, #9312
 1284              	.LBE40:
 125:FeatureExtractor.cpp ****     int recentOnsets = 0;
 1285              		.loc 1 125 9 is_stmt 0 view .LVU444
 1286 0148 0020     		movs	r0, #0
 1287 014a F318     		adds	r3, r6, r3
ARM GAS  /var/folders/6_/psd2b8g56p7696hhrr4ztjs00000gn/T//ccgvaGrD.s 			page 33


 1288 014c 03EB8101 		add	r1, r3, r1, lsl #2
 1289              	.LVL94:
 1290              	.L83:
 1291              	.LBB41:
 127:FeatureExtractor.cpp ****         if((elapsedTime_ - onsetTimes_[i]) <= onsetWindow){
 1292              		.loc 1 127 9 is_stmt 1 view .LVU445
 128:FeatureExtractor.cpp ****             recentOnsets++;
 1293              		.loc 1 128 13 view .LVU446
 126:FeatureExtractor.cpp ****     for(int i = 0; i < onsetCount_; i++){
 1294              		.loc 1 126 5 discriminator 2 view .LVU447
 127:FeatureExtractor.cpp ****         if((elapsedTime_ - onsetTimes_[i]) <= onsetWindow){
 1295              		.loc 1 127 41 is_stmt 0 view .LVU448
 1296 0150 F3EC017A 		vldmia.32	r3!, {s15}
 127:FeatureExtractor.cpp ****         if((elapsedTime_ - onsetTimes_[i]) <= onsetWindow){
 1297              		.loc 1 127 9 view .LVU449
 1298 0154 B7EE007A 		vmov.f32	s14, #1.0e+0
 127:FeatureExtractor.cpp ****         if((elapsedTime_ - onsetTimes_[i]) <= onsetWindow){
 1299              		.loc 1 127 26 view .LVU450
 1300 0158 76EEE77A 		vsub.f32	s15, s13, s15
 127:FeatureExtractor.cpp ****         if((elapsedTime_ - onsetTimes_[i]) <= onsetWindow){
 1301              		.loc 1 127 9 view .LVU451
 1302 015c F4EEC77A 		vcmpe.f32	s15, s14
 1303 0160 F1EE10FA 		vmrs	APSR_nzcv, FPSCR
 1304 0164 00D8     		bhi	.L81
 128:FeatureExtractor.cpp ****             recentOnsets++;
 1305              		.loc 1 128 25 view .LVU452
 1306 0166 0130     		adds	r0, r0, #1
 1307              	.LVL95:
 1308              	.L81:
 126:FeatureExtractor.cpp ****     for(int i = 0; i < onsetCount_; i++){
 1309              		.loc 1 126 22 is_stmt 1 discriminator 1 view .LVU453
 1310 0168 9942     		cmp	r1, r3
 1311 016a F1D1     		bne	.L83
 1312              	.LBE41:
 132:FeatureExtractor.cpp ****     outFeatures.onsetCount = static_cast<float>(recentOnsets);
 1313              		.loc 1 132 30 is_stmt 0 view .LVU454
 1314 016c 07EE900A 		vmov	s15, r0	@ int
 1315 0170 F8EEE77A 		vcvt.f32.s32	s15, s15
 1316              	.LVL96:
 1317              	.L80:
 132:FeatureExtractor.cpp ****     outFeatures.onsetCount = static_cast<float>(recentOnsets);
 1318              		.loc 1 132 5 is_stmt 1 view .LVU455
 134:FeatureExtractor.cpp ****     if(lastOnsetTime_ > -999.0f){
 1319              		.loc 1 134 8 is_stmt 0 view .LVU456
 1320 0174 04F28C43 		addw	r3, r4, #1164
 134:FeatureExtractor.cpp ****     if(lastOnsetTime_ > -999.0f){
 1321              		.loc 1 134 5 view .LVU457
 1322 0178 9FED307A 		vldr.32	s14, .L111+12
 132:FeatureExtractor.cpp ****     outFeatures.onsetCount = static_cast<float>(recentOnsets);
 1323              		.loc 1 132 28 view .LVU458
 1324 017c C2ED0A7A 		vstr.32	s15, [r2, #40]
 134:FeatureExtractor.cpp ****     if(lastOnsetTime_ > -999.0f){
 1325              		.loc 1 134 5 is_stmt 1 view .LVU459
 134:FeatureExtractor.cpp ****     if(lastOnsetTime_ > -999.0f){
 1326              		.loc 1 134 8 is_stmt 0 view .LVU460
 1327 0180 D3ED007A 		vldr.32	s15, [r3]
 134:FeatureExtractor.cpp ****     if(lastOnsetTime_ > -999.0f){
ARM GAS  /var/folders/6_/psd2b8g56p7696hhrr4ztjs00000gn/T//ccgvaGrD.s 			page 34


 1328              		.loc 1 134 5 view .LVU461
 1329 0184 F4EEC77A 		vcmpe.f32	s15, s14
 1330 0188 F1EE10FA 		vmrs	APSR_nzcv, FPSCR
 1331 018c 06DD     		ble	.L105
 135:FeatureExtractor.cpp ****         outFeatures.timeSinceLastOnset = elapsedTime_ - lastOnsetTime_;
 1332              		.loc 1 135 9 is_stmt 1 view .LVU462
 135:FeatureExtractor.cpp ****         outFeatures.timeSinceLastOnset = elapsedTime_ - lastOnsetTime_;
 1333              		.loc 1 135 55 is_stmt 0 view .LVU463
 1334 018e 76EEE76A 		vsub.f32	s13, s13, s15
 141:FeatureExtractor.cpp ****     if(outFeatures.timeSinceLastOnset < 0.0f){
 1335              		.loc 1 141 5 is_stmt 1 view .LVU464
 1336 0192 F5EEC06A 		vcmpe.f32	s13, #0
 1337 0196 F1EE10FA 		vmrs	APSR_nzcv, FPSCR
 1338 019a 3ED5     		bpl	.L106
 1339              	.L105:
 1340 019c 4FF07E53 		mov	r3, #1065353216
 1341 01a0 D362     		str	r3, [r2, #44]	@ float
 141:FeatureExtractor.cpp ****     if(outFeatures.timeSinceLastOnset < 0.0f){
 1342              		.loc 1 141 5 view .LVU465
 145:FeatureExtractor.cpp ****     if(outFeatures.timeSinceLastOnset > 2.0f){
 1343              		.loc 1 145 5 view .LVU466
 1344              	.L88:
 149:FeatureExtractor.cpp ****     prevPeak_ = outFeatures.peak;
 1345              		.loc 1 149 5 view .LVU467
 149:FeatureExtractor.cpp ****     prevPeak_ = outFeatures.peak;
 1346              		.loc 1 149 15 is_stmt 0 view .LVU468
 1347 01a2 04F21442 		addw	r2, r4, #1044
 151:FeatureExtractor.cpp ****     frameReady_ = false;
 1348              		.loc 1 151 17 view .LVU469
 1349 01a6 0023     		movs	r3, #0
 153:FeatureExtractor.cpp **** }
 1350              		.loc 1 153 1 view .LVU470
 1351 01a8 2846     		mov	r0, r5
 149:FeatureExtractor.cpp ****     prevPeak_ = outFeatures.peak;
 1352              		.loc 1 149 15 view .LVU471
 1353 01aa 82ED006A 		vstr.32	s12, [r2]
 151:FeatureExtractor.cpp ****     frameReady_ = false;
 1354              		.loc 1 151 5 is_stmt 1 view .LVU472
 151:FeatureExtractor.cpp ****     frameReady_ = false;
 1355              		.loc 1 151 17 is_stmt 0 view .LVU473
 1356 01ae 84F89034 		strb	r3, [r4, #1168]
 152:FeatureExtractor.cpp ****     return true;
 1357              		.loc 1 152 5 is_stmt 1 view .LVU474
 153:FeatureExtractor.cpp **** }
 1358              		.loc 1 153 1 is_stmt 0 view .LVU475
 1359 01b2 02B0     		add	sp, sp, #8
 1360              		.cfi_remember_state
 1361              		.cfi_def_cfa_offset 16
 1362              	.LVL97:
 153:FeatureExtractor.cpp **** }
 1363              		.loc 1 153 1 view .LVU476
 1364              		@ sp needed
 1365 01b4 70BD     		pop	{r4, r5, r6, pc}
 1366              	.LVL98:
 1367              	.L109:
 1368              		.cfi_restore_state
 112:FeatureExtractor.cpp ****         (outFeatures.peak - prevPeak_) > peakRiseThreshold &&
ARM GAS  /var/folders/6_/psd2b8g56p7696hhrr4ztjs00000gn/T//ccgvaGrD.s 			page 35


 1369              		.loc 1 112 60 discriminator 4 view .LVU477
 1370 01b6 DFED227A 		vldr.32	s15, .L111+16
 1371 01ba 92ED077A 		vldr.32	s14, [r2, #28]
 1372 01be B4EEE77A 		vcmpe.f32	s14, s15
 1373 01c2 F1EE10FA 		vmrs	APSR_nzcv, FPSCR
 1374 01c6 BBDD     		ble	.L74
 1375              	.LVL99:
 115:FeatureExtractor.cpp ****     if(onsetDetected){
 1376              		.loc 1 115 5 is_stmt 1 view .LVU478
 116:FeatureExtractor.cpp ****         onsetTimes_[onsetIndex_] = elapsedTime_;
 1377              		.loc 1 116 9 view .LVU479
 116:FeatureExtractor.cpp ****         onsetTimes_[onsetIndex_] = elapsedTime_;
 1378              		.loc 1 116 21 is_stmt 0 view .LVU480
 1379 01c8 D4F88004 		ldr	r0, [r4, #1152]
 117:FeatureExtractor.cpp ****         onsetIndex_ = (onsetIndex_ + 1) % 8;
 1380              		.loc 1 117 36 view .LVU481
 1381 01cc 431C     		adds	r3, r0, #1
 116:FeatureExtractor.cpp ****         onsetTimes_[onsetIndex_] = elapsedTime_;
 1382              		.loc 1 116 34 view .LVU482
 1383 01ce 00F61810 		addw	r0, r0, #2328
 1384 01d2 06EB8000 		add	r0, r6, r0, lsl #2
 1385 01d6 C0ED006A 		vstr.32	s13, [r0]
 117:FeatureExtractor.cpp ****         onsetIndex_ = (onsetIndex_ + 1) % 8;
 1386              		.loc 1 117 9 is_stmt 1 view .LVU483
 117:FeatureExtractor.cpp ****         onsetIndex_ = (onsetIndex_ + 1) % 8;
 1387              		.loc 1 117 41 is_stmt 0 view .LVU484
 1388 01da 5842     		rsbs	r0, r3, #0
 1389 01dc 03F00703 		and	r3, r3, #7
 1390 01e0 00F00700 		and	r0, r0, #7
 1391 01e4 58BF     		it	pl
 1392 01e6 4342     		rsbpl	r3, r0, #0
 118:FeatureExtractor.cpp ****         if(onsetCount_ < 8){
 1393              		.loc 1 118 9 view .LVU485
 1394 01e8 0729     		cmp	r1, #7
 117:FeatureExtractor.cpp ****         onsetIndex_ = (onsetIndex_ + 1) % 8;
 1395              		.loc 1 117 21 view .LVU486
 1396 01ea C4F88034 		str	r3, [r4, #1152]
 118:FeatureExtractor.cpp ****         if(onsetCount_ < 8){
 1397              		.loc 1 118 9 is_stmt 1 view .LVU487
 1398 01ee 0FDC     		bgt	.L110
 119:FeatureExtractor.cpp ****             onsetCount_++;
 1399              		.loc 1 119 13 view .LVU488
 119:FeatureExtractor.cpp ****             onsetCount_++;
 1400              		.loc 1 119 24 is_stmt 0 view .LVU489
 1401 01f0 0131     		adds	r1, r1, #1
 121:FeatureExtractor.cpp ****         lastOnsetTime_ = elapsedTime_;
 1402              		.loc 1 121 24 view .LVU490
 1403 01f2 04F28C43 		addw	r3, r4, #1164
 119:FeatureExtractor.cpp ****             onsetCount_++;
 1404              		.loc 1 119 24 view .LVU491
 1405 01f6 C4F88414 		str	r1, [r4, #1156]
 121:FeatureExtractor.cpp ****         lastOnsetTime_ = elapsedTime_;
 1406              		.loc 1 121 9 is_stmt 1 view .LVU492
 121:FeatureExtractor.cpp ****         lastOnsetTime_ = elapsedTime_;
 1407              		.loc 1 121 24 is_stmt 0 view .LVU493
 1408 01fa C3ED006A 		vstr.32	s13, [r3]
 1409 01fe 9FE7     		b	.L74
ARM GAS  /var/folders/6_/psd2b8g56p7696hhrr4ztjs00000gn/T//ccgvaGrD.s 			page 36


 1410              	.LVL100:
 1411              	.L90:
 1412              	.LBB42:
  75:FeatureExtractor.cpp ****     for(int i = 0; i < historyCount_; i++){
 1413              		.loc 1 75 22 discriminator 1 view .LVU494
 1414 0200 9FED0B5A 		vldr.32	s10, .L111
 1415 0204 F0EE454A 		vmov.f32	s9, s10
 1416 0208 6AE7     		b	.L71
 1417              	.LVL101:
 1418              	.L91:
  75:FeatureExtractor.cpp ****     for(int i = 0; i < historyCount_; i++){
 1419              		.loc 1 75 22 discriminator 1 view .LVU495
 1420              	.LBE42:
 1421              	.LBB43:
 126:FeatureExtractor.cpp ****     for(int i = 0; i < onsetCount_; i++){
 1422              		.loc 1 126 22 discriminator 1 view .LVU496
 1423 020a DFED097A 		vldr.32	s15, .L111
 1424 020e B1E7     		b	.L80
 1425              	.LVL102:
 1426              	.L110:
 126:FeatureExtractor.cpp ****     for(int i = 0; i < onsetCount_; i++){
 1427              		.loc 1 126 22 discriminator 1 view .LVU497
 1428              	.LBE43:
 121:FeatureExtractor.cpp ****         lastOnsetTime_ = elapsedTime_;
 1429              		.loc 1 121 9 is_stmt 1 view .LVU498
 121:FeatureExtractor.cpp ****         lastOnsetTime_ = elapsedTime_;
 1430              		.loc 1 121 24 is_stmt 0 view .LVU499
 1431 0210 04F28C43 		addw	r3, r4, #1164
 1432 0214 C3ED006A 		vstr.32	s13, [r3]
 1433              	.LVL103:
 124:FeatureExtractor.cpp ****     float onsetWindow = 1.0f;
 1434              		.loc 1 124 5 is_stmt 1 view .LVU500
 125:FeatureExtractor.cpp ****     int recentOnsets = 0;
 1435              		.loc 1 125 5 view .LVU501
 126:FeatureExtractor.cpp ****     for(int i = 0; i < onsetCount_; i++){
 1436              		.loc 1 126 5 view .LVU502
 1437              	.LBB44:
 126:FeatureExtractor.cpp ****     for(int i = 0; i < onsetCount_; i++){
 1438              		.loc 1 126 22 discriminator 1 view .LVU503
 1439 0218 94E7     		b	.L79
 1440              	.LVL104:
 1441              	.L106:
 126:FeatureExtractor.cpp ****     for(int i = 0; i < onsetCount_; i++){
 1442              		.loc 1 126 22 is_stmt 0 discriminator 1 view .LVU504
 1443              	.LBE44:
 145:FeatureExtractor.cpp ****     if(outFeatures.timeSinceLastOnset > 2.0f){
 1444              		.loc 1 145 5 is_stmt 1 view .LVU505
 1445 021a F0EE007A 		vmov.f32	s15, #2.0e+0
 1446 021e F4EEE76A 		vcmpe.f32	s13, s15
 1447 0222 F1EE10FA 		vmrs	APSR_nzcv, FPSCR
 1448 0226 77FEA67A 		vselgt.f32	s15, s15, s13
 1449 022a C2ED0B7A 		vstr.32	s15, [r2, #44]
 1450 022e B8E7     		b	.L88
 1451              	.L112:
 1452              		.align	2
 1453              	.L111:
 1454 0230 00000000 		.word	0
ARM GAS  /var/folders/6_/psd2b8g56p7696hhrr4ztjs00000gn/T//ccgvaGrD.s 			page 37


 1455 0234 0AD7A33C 		.word	1017370378
 1456 0238 A69B443C 		.word	1011129254
 1457 023c 00C079C4 		.word	-998653952
 1458 0240 6F12033C 		.word	1006834287
 1459              		.cfi_endproc
 1460              	.LFE556:
 1462              		.text
 1463              	.Letext0:
 1464              		.file 2 "/Applications/ArmGNUToolchain/15.2.rel1/arm-none-eabi/lib/gcc/arm-none-eabi/15.2.1/includ
 1465              		.file 3 "/Applications/ArmGNUToolchain/15.2.rel1/arm-none-eabi/arm-none-eabi/include/c++/15.2.1/cm
 1466              		.file 4 "/Applications/ArmGNUToolchain/15.2.rel1/arm-none-eabi/arm-none-eabi/include/c++/15.2.1/bi
 1467              		.file 5 "/Applications/ArmGNUToolchain/15.2.rel1/arm-none-eabi/arm-none-eabi/include/c++/15.2.1/cs
 1468              		.file 6 "/Applications/ArmGNUToolchain/15.2.rel1/arm-none-eabi/arm-none-eabi/include/c++/15.2.1/cs
 1469              		.file 7 "/Applications/ArmGNUToolchain/15.2.rel1/arm-none-eabi/arm-none-eabi/include/math.h"
 1470              		.file 8 "/Applications/ArmGNUToolchain/15.2.rel1/arm-none-eabi/arm-none-eabi/include/c++/15.2.1/ma
 1471              		.file 9 "/Applications/ArmGNUToolchain/15.2.rel1/arm-none-eabi/arm-none-eabi/include/string.h"
 1472              		.file 10 "FeatureExtractor.h"
 1473              		.file 11 "/Applications/ArmGNUToolchain/15.2.rel1/arm-none-eabi/arm-none-eabi/include/c++/15.2.1/a
ARM GAS  /var/folders/6_/psd2b8g56p7696hhrr4ztjs00000gn/T//ccgvaGrD.s 			page 38


DEFINED SYMBOLS
                            *ABS*:00000000 FeatureExtractor.cpp
/var/folders/6_/psd2b8g56p7696hhrr4ztjs00000gn/T//ccgvaGrD.s:20     .text._ZN16FeatureExtractor4InitEjf:00000000 $t
/var/folders/6_/psd2b8g56p7696hhrr4ztjs00000gn/T//ccgvaGrD.s:27     .text._ZN16FeatureExtractor4InitEjf:00000000 _ZN16FeatureExtractor4InitEjf
/var/folders/6_/psd2b8g56p7696hhrr4ztjs00000gn/T//ccgvaGrD.s:226    .text._ZN16FeatureExtractor4InitEjf:00000104 $d
/var/folders/6_/psd2b8g56p7696hhrr4ztjs00000gn/T//ccgvaGrD.s:233    .text._ZN16FeatureExtractor10PushSampleEf:00000000 $t
/var/folders/6_/psd2b8g56p7696hhrr4ztjs00000gn/T//ccgvaGrD.s:240    .text._ZN16FeatureExtractor10PushSampleEf:00000000 _ZN16FeatureExtractor10PushSampleEf
/var/folders/6_/psd2b8g56p7696hhrr4ztjs00000gn/T//ccgvaGrD.s:318    .text._ZNK16FeatureExtractor10FrameReadyEv:00000000 $t
/var/folders/6_/psd2b8g56p7696hhrr4ztjs00000gn/T//ccgvaGrD.s:325    .text._ZNK16FeatureExtractor10FrameReadyEv:00000000 _ZNK16FeatureExtractor10FrameReadyEv
/var/folders/6_/psd2b8g56p7696hhrr4ztjs00000gn/T//ccgvaGrD.s:346    .text._ZN16FeatureExtractor17ComputeHannWindowEv:00000000 $t
/var/folders/6_/psd2b8g56p7696hhrr4ztjs00000gn/T//ccgvaGrD.s:353    .text._ZN16FeatureExtractor17ComputeHannWindowEv:00000000 _ZN16FeatureExtractor17ComputeHannWindowEv
/var/folders/6_/psd2b8g56p7696hhrr4ztjs00000gn/T//ccgvaGrD.s:441    .text._ZN16FeatureExtractor17ComputeHannWindowEv:00000058 $d
/var/folders/6_/psd2b8g56p7696hhrr4ztjs00000gn/T//ccgvaGrD.s:446    .text._ZN16FeatureExtractor25ComputeTimeDomainFeaturesEPKfR13AudioFeatures:00000000 $t
/var/folders/6_/psd2b8g56p7696hhrr4ztjs00000gn/T//ccgvaGrD.s:453    .text._ZN16FeatureExtractor25ComputeTimeDomainFeaturesEPKfR13AudioFeatures:00000000 _ZN16FeatureExtractor25ComputeTimeDomainFeaturesEPKfR13AudioFeatures
/var/folders/6_/psd2b8g56p7696hhrr4ztjs00000gn/T//ccgvaGrD.s:675    .text._ZN16FeatureExtractor25ComputeTimeDomainFeaturesEPKfR13AudioFeatures:00000124 $d
/var/folders/6_/psd2b8g56p7696hhrr4ztjs00000gn/T//ccgvaGrD.s:680    .text._ZN16FeatureExtractor23ComputeSpectralFeaturesEPKfR13AudioFeatures:00000000 $t
/var/folders/6_/psd2b8g56p7696hhrr4ztjs00000gn/T//ccgvaGrD.s:687    .text._ZN16FeatureExtractor23ComputeSpectralFeaturesEPKfR13AudioFeatures:00000000 _ZN16FeatureExtractor23ComputeSpectralFeaturesEPKfR13AudioFeatures
/var/folders/6_/psd2b8g56p7696hhrr4ztjs00000gn/T//ccgvaGrD.s:998    .text._ZN16FeatureExtractor23ComputeSpectralFeaturesEPKfR13AudioFeatures:00000150 $d
/var/folders/6_/psd2b8g56p7696hhrr4ztjs00000gn/T//ccgvaGrD.s:1005   .text._ZN16FeatureExtractor12ProcessFrameER13AudioFeatures:00000000 $t
/var/folders/6_/psd2b8g56p7696hhrr4ztjs00000gn/T//ccgvaGrD.s:1012   .text._ZN16FeatureExtractor12ProcessFrameER13AudioFeatures:00000000 _ZN16FeatureExtractor12ProcessFrameER13AudioFeatures
/var/folders/6_/psd2b8g56p7696hhrr4ztjs00000gn/T//ccgvaGrD.s:1454   .text._ZN16FeatureExtractor12ProcessFrameER13AudioFeatures:00000230 $d

UNDEFINED SYMBOLS
memset
cosf
memcpy
sqrtf
sinf
