ARM GAS  /var/folders/6_/psd2b8g56p7696hhrr4ztjs00000gn/T//ccrN3Asy.s 			page 1


   1              		.cpu cortex-m7
   2              		.arch armv7e-m
   3              		.fpu fpv5-d16
   4              		.eabi_attribute 28, 1
   5              		.eabi_attribute 20, 1
   6              		.eabi_attribute 21, 1
   7              		.eabi_attribute 23, 3
   8              		.eabi_attribute 24, 1
   9              		.eabi_attribute 25, 1
  10              		.eabi_attribute 26, 1
  11              		.eabi_attribute 30, 2
  12              		.eabi_attribute 34, 1
  13              		.eabi_attribute 18, 4
  14              		.file	"MiniCABClassifier.cpp"
  15              		.text
  16              	.Ltext0:
  17              		.cfi_sections	.debug_frame
  18              		.file 1 "MiniCABClassifier.cpp"
  19              		.section	.text._ZN17MiniCABClassifier4InitEv,"ax",%progbits
  20              		.align	1
  21              		.p2align 2,,3
  22              		.global	_ZN17MiniCABClassifier4InitEv
  23              		.syntax unified
  24              		.thumb
  25              		.thumb_func
  27              	_ZN17MiniCABClassifier4InitEv:
  28              	.LVL0:
  29              	.LFB556:
   1:MiniCABClassifier.cpp **** #include "MiniCABClassifier.h"
   2:MiniCABClassifier.cpp **** #include <cmath>
   3:MiniCABClassifier.cpp **** #include <cstring>
   4:MiniCABClassifier.cpp **** #include <cstdlib>
   5:MiniCABClassifier.cpp **** 
   6:MiniCABClassifier.cpp **** static float ClipGrad(float x){
   7:MiniCABClassifier.cpp ****     if(x > 5.0f){
   8:MiniCABClassifier.cpp ****         return 5.0f;
   9:MiniCABClassifier.cpp ****     }
  10:MiniCABClassifier.cpp **** 
  11:MiniCABClassifier.cpp ****     if(x < -5.0f){
  12:MiniCABClassifier.cpp ****         return -5.0f;
  13:MiniCABClassifier.cpp ****     }
  14:MiniCABClassifier.cpp **** 
  15:MiniCABClassifier.cpp ****     return x;
  16:MiniCABClassifier.cpp **** }
  17:MiniCABClassifier.cpp **** 
  18:MiniCABClassifier.cpp **** void MiniCABClassifier::Init(){
  30              		.loc 1 18 31 view -0
  31              		.cfi_startproc
  32              		@ args = 0, pretend = 0, frame = 0
  33              		@ frame_needed = 0, uses_anonymous_args = 0
  19:MiniCABClassifier.cpp ****     for(int i = 0; i < inputSize; i++){
  34              		.loc 1 19 5 view .LVU1
  35              	.LBB57:
  36              		.loc 1 19 22 discriminator 1 view .LVU2
  37              	.LBE57:
  18:MiniCABClassifier.cpp ****     for(int i = 0; i < inputSize; i++){
  38              		.loc 1 18 31 is_stmt 0 view .LVU3
ARM GAS  /var/folders/6_/psd2b8g56p7696hhrr4ztjs00000gn/T//ccrN3Asy.s 			page 2


  39 0000 38B5     		push	{r3, r4, r5, lr}
  40              		.cfi_def_cfa_offset 16
  41              		.cfi_offset 3, -16
  42              		.cfi_offset 4, -12
  43              		.cfi_offset 5, -8
  44              		.cfi_offset 14, -4
  18:MiniCABClassifier.cpp ****     for(int i = 0; i < inputSize; i++){
  45              		.loc 1 18 31 view .LVU4
  46 0002 0446     		mov	r4, r0
  47              	.LBB58:
  20:MiniCABClassifier.cpp ****         normMean[i] = 0.0f;
  48              		.loc 1 20 21 view .LVU5
  49 0004 43F21840 		movw	r0, #13336
  50              	.LVL1:
  51              		.loc 1 20 21 view .LVU6
  52 0008 0021     		movs	r1, #0
  53 000a 3022     		movs	r2, #48
  54 000c 2018     		adds	r0, r4, r0
  55 000e FFF7FEFF 		bl	memset
  56              	.LVL2:
  57 0012 43F24843 		movw	r3, #13384
  58 0016 43F27841 		movw	r1, #13432
  59 001a E318     		adds	r3, r4, r3
  60 001c 6118     		adds	r1, r4, r1
  61              	.LVL3:
  62              	.L2:
  63              		.loc 1 20 9 is_stmt 1 view .LVU7
  21:MiniCABClassifier.cpp ****         normStd[i] = 1.0f;
  64              		.loc 1 21 9 view .LVU8
  65              		.loc 1 21 20 is_stmt 0 view .LVU9
  66 001e 4FF07E52 		mov	r2, #1065353216
  67 0022 43F8042B 		str	r2, [r3], #4	@ float
  19:MiniCABClassifier.cpp ****         normMean[i] = 0.0f;
  68              		.loc 1 19 5 is_stmt 1 discriminator 3 view .LVU10
  19:MiniCABClassifier.cpp ****         normMean[i] = 0.0f;
  69              		.loc 1 19 22 discriminator 1 view .LVU11
  70 0026 8B42     		cmp	r3, r1
  71 0028 F9D1     		bne	.L2
  72              	.LBE58:
  22:MiniCABClassifier.cpp ****     }
  23:MiniCABClassifier.cpp **** 
  24:MiniCABClassifier.cpp ****     hasNormalisation = false;
  73              		.loc 1 24 5 view .LVU12
  25:MiniCABClassifier.cpp **** 
  26:MiniCABClassifier.cpp ****     for(int k = 0; k < numClasses; k++){
  74              		.loc 1 26 5 view .LVU13
  75              	.LVL4:
  76              	.LBB59:
  77              		.loc 1 26 22 discriminator 1 view .LVU14
  78              	.LBE59:
  24:MiniCABClassifier.cpp **** 
  79              		.loc 1 24 22 is_stmt 0 view .LVU15
  80 002a 0021     		movs	r1, #0
  81 002c 04F54055 		add	r5, r4, #12288
  82              	.LBB62:
  83              	.LBB60:
  27:MiniCABClassifier.cpp ****         classifierB[k] = 0.0f;
ARM GAS  /var/folders/6_/psd2b8g56p7696hhrr4ztjs00000gn/T//ccrN3Asy.s 			page 3


  28:MiniCABClassifier.cpp **** 
  29:MiniCABClassifier.cpp ****         for(int j = 0; j < representationSize; j++){
  30:MiniCABClassifier.cpp ****             classifierW[k][j] = 0.0f;
  84              		.loc 1 30 31 view .LVU16
  85 0030 43F20800 		movw	r0, #12296
  86 0034 4FF48262 		mov	r2, #1040
  87              	.LBE60:
  88              	.LBE62:
  24:MiniCABClassifier.cpp **** 
  89              		.loc 1 24 22 view .LVU17
  90 0038 85F87814 		strb	r1, [r5, #1144]
  91              	.LBB63:
  92              	.LBB61:
  93              		.loc 1 30 31 view .LVU18
  94 003c 2018     		adds	r0, r4, r0
  95 003e FFF7FEFF 		bl	memset
  96              	.LVL5:
  97              		.loc 1 30 31 view .LVU19
  98              	.LBE61:
  99              	.LBE63:
  31:MiniCABClassifier.cpp ****         }
  32:MiniCABClassifier.cpp ****     }
  33:MiniCABClassifier.cpp **** 
  34:MiniCABClassifier.cpp ****     Reset();
 100              		.loc 1 34 5 is_stmt 1 view .LVU20
 101              	.LBB64:
 102              	.LBI64:
  35:MiniCABClassifier.cpp **** }
  36:MiniCABClassifier.cpp **** 
  37:MiniCABClassifier.cpp **** void MiniCABClassifier::Reset(){
 103              		.loc 1 37 6 view .LVU21
 104              	.LBB65:
  38:MiniCABClassifier.cpp ****     frameIndex = 0;
 105              		.loc 1 38 5 view .LVU22
  39:MiniCABClassifier.cpp ****     frameCount = 0;
 106              		.loc 1 39 5 view .LVU23
  40:MiniCABClassifier.cpp ****     std::memset(frameBuffer, 0, sizeof(frameBuffer));
 107              		.loc 1 40 16 is_stmt 0 view .LVU24
 108 0042 0021     		movs	r1, #0
 109 0044 2046     		mov	r0, r4
 110 0046 4FF44052 		mov	r2, #12288
  38:MiniCABClassifier.cpp ****     frameIndex = 0;
 111              		.loc 1 38 16 view .LVU25
 112 004a C5E90011 		strd	r1, r1, [r5]
 113              		.loc 1 40 5 is_stmt 1 view .LVU26
 114              	.LBE65:
 115              	.LBE64:
  35:MiniCABClassifier.cpp **** 
 116              		.loc 1 35 1 is_stmt 0 view .LVU27
 117 004e BDE83840 		pop	{r3, r4, r5, lr}
 118              		.cfi_restore 14
 119              		.cfi_restore 5
 120              		.cfi_restore 4
 121              		.cfi_restore 3
 122              		.cfi_def_cfa_offset 0
 123              	.LVL6:
 124              	.LBB67:
ARM GAS  /var/folders/6_/psd2b8g56p7696hhrr4ztjs00000gn/T//ccrN3Asy.s 			page 4


 125              	.LBB66:
 126              		.loc 1 40 16 view .LVU28
 127 0052 FFF7FEBF 		b	memset
 128              	.LVL7:
 129              		.loc 1 40 16 view .LVU29
 130              	.LBE66:
 131              	.LBE67:
 132              		.cfi_endproc
 133              	.LFE556:
 135 0056 00BF     		.section	.text._ZN17MiniCABClassifier5ResetEv,"ax",%progbits
 136              		.align	1
 137              		.p2align 2,,3
 138              		.global	_ZN17MiniCABClassifier5ResetEv
 139              		.syntax unified
 140              		.thumb
 141              		.thumb_func
 143              	_ZN17MiniCABClassifier5ResetEv:
 144              	.LVL8:
 145              	.LFB557:
  37:MiniCABClassifier.cpp ****     frameIndex = 0;
 146              		.loc 1 37 32 is_stmt 1 view -0
 147              		.cfi_startproc
 148              		@ args = 0, pretend = 0, frame = 0
 149              		@ frame_needed = 0, uses_anonymous_args = 0
 150              		@ link register save eliminated.
  38:MiniCABClassifier.cpp ****     frameCount = 0;
 151              		.loc 1 38 5 view .LVU31
  39:MiniCABClassifier.cpp ****     std::memset(frameBuffer, 0, sizeof(frameBuffer));
 152              		.loc 1 39 5 view .LVU32
 153              		.loc 1 40 16 is_stmt 0 view .LVU33
 154 0000 4FF44052 		mov	r2, #12288
  38:MiniCABClassifier.cpp ****     frameCount = 0;
 155              		.loc 1 38 16 view .LVU34
 156 0004 0021     		movs	r1, #0
 157 0006 8318     		adds	r3, r0, r2
 158 0008 C3E90011 		strd	r1, r1, [r3]
 159              		.loc 1 40 5 is_stmt 1 view .LVU35
 160              		.loc 1 40 16 is_stmt 0 view .LVU36
 161 000c FFF7FEBF 		b	memset
 162              	.LVL9:
 163              		.loc 1 40 16 view .LVU37
 164              		.cfi_endproc
 165              	.LFE557:
 167              		.section	.text._ZN17MiniCABClassifier9PushFrameERK13AudioFeatures,"ax",%progbits
 168              		.align	1
 169              		.p2align 2,,3
 170              		.global	_ZN17MiniCABClassifier9PushFrameERK13AudioFeatures
 171              		.syntax unified
 172              		.thumb
 173              		.thumb_func
 175              	_ZN17MiniCABClassifier9PushFrameERK13AudioFeatures:
 176              	.LVL10:
 177              	.LFB558:
  41:MiniCABClassifier.cpp **** }
  42:MiniCABClassifier.cpp **** 
  43:MiniCABClassifier.cpp **** void MiniCABClassifier::PushFrame(const AudioFeatures& f){
 178              		.loc 1 43 58 is_stmt 1 view -0
ARM GAS  /var/folders/6_/psd2b8g56p7696hhrr4ztjs00000gn/T//ccrN3Asy.s 			page 5


 179              		.cfi_startproc
 180              		@ args = 0, pretend = 0, frame = 0
 181              		@ frame_needed = 0, uses_anonymous_args = 0
  44:MiniCABClassifier.cpp ****     frameBuffer[frameIndex] = f;
 182              		.loc 1 44 5 view .LVU39
  43:MiniCABClassifier.cpp ****     frameBuffer[frameIndex] = f;
 183              		.loc 1 43 58 is_stmt 0 view .LVU40
 184 0000 70B5     		push	{r4, r5, r6, lr}
 185              		.cfi_def_cfa_offset 16
 186              		.cfi_offset 4, -16
 187              		.cfi_offset 5, -12
 188              		.cfi_offset 6, -8
 189              		.cfi_offset 14, -4
 190              		.loc 1 44 17 view .LVU41
 191 0002 00F54055 		add	r5, r0, #12288
 192              		.loc 1 44 29 view .LVU42
 193 0006 8E46     		mov	lr, r1
 194              		.loc 1 44 17 view .LVU43
 195 0008 2C68     		ldr	r4, [r5]
  45:MiniCABClassifier.cpp ****     frameIndex = (frameIndex + 1) % timeSteps;
  46:MiniCABClassifier.cpp **** 
  47:MiniCABClassifier.cpp ****     if(frameCount < timeSteps){
 196              		.loc 1 47 8 view .LVU44
 197 000a 6E68     		ldr	r6, [r5, #4]
  44:MiniCABClassifier.cpp ****     frameIndex = (frameIndex + 1) % timeSteps;
 198              		.loc 1 44 29 view .LVU45
 199 000c 04EB4403 		add	r3, r4, r4, lsl #1
  45:MiniCABClassifier.cpp ****     frameIndex = (frameIndex + 1) % timeSteps;
 200              		.loc 1 45 30 view .LVU46
 201 0010 0134     		adds	r4, r4, #1
  44:MiniCABClassifier.cpp ****     frameIndex = (frameIndex + 1) % timeSteps;
 202              		.loc 1 44 29 view .LVU47
 203 0012 00EB031C 		add	ip, r0, r3, lsl #4
  45:MiniCABClassifier.cpp ****     frameIndex = (frameIndex + 1) % timeSteps;
 204              		.loc 1 45 35 view .LVU48
 205 0016 6342     		rsbs	r3, r4, #0
 206 0018 E4B2     		uxtb	r4, r4
 207 001a DBB2     		uxtb	r3, r3
 208 001c 58BF     		it	pl
 209 001e 5C42     		rsbpl	r4, r3, #0
 210              		.loc 1 47 5 view .LVU49
 211 0020 FF2E     		cmp	r6, #255
  44:MiniCABClassifier.cpp ****     frameIndex = (frameIndex + 1) % timeSteps;
 212              		.loc 1 44 29 view .LVU50
 213 0022 BEE80F00 		ldmia	lr!, {r0, r1, r2, r3}
 214              	.LVL11:
  44:MiniCABClassifier.cpp ****     frameIndex = (frameIndex + 1) % timeSteps;
 215              		.loc 1 44 29 view .LVU51
 216 0026 ACE80F00 		stmia	ip!, {r0, r1, r2, r3}
 217 002a BEE80F00 		ldmia	lr!, {r0, r1, r2, r3}
 218              	.LVL12:
  44:MiniCABClassifier.cpp ****     frameIndex = (frameIndex + 1) % timeSteps;
 219              		.loc 1 44 29 view .LVU52
 220 002e ACE80F00 		stmia	ip!, {r0, r1, r2, r3}
 221 0032 9EE80F00 		ldm	lr, {r0, r1, r2, r3}
 222 0036 8CE80F00 		stm	ip, {r0, r1, r2, r3}
  45:MiniCABClassifier.cpp ****     frameIndex = (frameIndex + 1) % timeSteps;
ARM GAS  /var/folders/6_/psd2b8g56p7696hhrr4ztjs00000gn/T//ccrN3Asy.s 			page 6


 223              		.loc 1 45 5 is_stmt 1 view .LVU53
  45:MiniCABClassifier.cpp ****     frameIndex = (frameIndex + 1) % timeSteps;
 224              		.loc 1 45 16 is_stmt 0 view .LVU54
 225 003a 2C60     		str	r4, [r5]
 226              		.loc 1 47 5 is_stmt 1 view .LVU55
 227 003c 01DC     		bgt	.L7
  48:MiniCABClassifier.cpp ****         frameCount++;
 228              		.loc 1 48 9 view .LVU56
 229              		.loc 1 48 19 is_stmt 0 view .LVU57
 230 003e 0136     		adds	r6, r6, #1
 231 0040 6E60     		str	r6, [r5, #4]
 232              	.L7:
  49:MiniCABClassifier.cpp ****     }
  50:MiniCABClassifier.cpp **** }
 233              		.loc 1 50 1 view .LVU58
 234 0042 70BD     		pop	{r4, r5, r6, pc}
 235              		.loc 1 50 1 view .LVU59
 236              		.cfi_endproc
 237              	.LFE558:
 239              		.section	.text._ZNK17MiniCABClassifier15FeaturesToInputERK13AudioFeaturesPf,"ax",%progbits
 240              		.align	1
 241              		.p2align 2,,3
 242              		.global	_ZNK17MiniCABClassifier15FeaturesToInputERK13AudioFeaturesPf
 243              		.syntax unified
 244              		.thumb
 245              		.thumb_func
 247              	_ZNK17MiniCABClassifier15FeaturesToInputERK13AudioFeaturesPf:
 248              	.LVL13:
 249              	.LFB560:
  51:MiniCABClassifier.cpp **** 
  52:MiniCABClassifier.cpp **** CABOutput MiniCABClassifier::PredictSequence() const{
  53:MiniCABClassifier.cpp ****     CABOutput out = {};
  54:MiniCABClassifier.cpp **** 
  55:MiniCABClassifier.cpp ****     if(frameCount == 0){
  56:MiniCABClassifier.cpp ****         return out;
  57:MiniCABClassifier.cpp ****     }
  58:MiniCABClassifier.cpp **** 
  59:MiniCABClassifier.cpp ****     float seq[timeSteps][inputSize];
  60:MiniCABClassifier.cpp ****     float rep[representationSize];
  61:MiniCABClassifier.cpp ****     float probs[numClasses];
  62:MiniCABClassifier.cpp **** 
  63:MiniCABClassifier.cpp ****     BuildSequenceFromBuffer(seq);
  64:MiniCABClassifier.cpp ****     BuildRepresentation(seq, rep);
  65:MiniCABClassifier.cpp ****     ClassifierPredict(rep, probs);
  66:MiniCABClassifier.cpp **** 
  67:MiniCABClassifier.cpp ****     int bestClass = 0;
  68:MiniCABClassifier.cpp ****     float bestScore = probs[0];
  69:MiniCABClassifier.cpp **** 
  70:MiniCABClassifier.cpp ****     for(int i = 1; i < numClasses; i++){
  71:MiniCABClassifier.cpp ****         if(probs[i] > bestScore){
  72:MiniCABClassifier.cpp ****             bestScore = probs[i];
  73:MiniCABClassifier.cpp ****             bestClass = i;
  74:MiniCABClassifier.cpp ****         }
  75:MiniCABClassifier.cpp ****     }
  76:MiniCABClassifier.cpp **** 
  77:MiniCABClassifier.cpp ****     for(int i = 0; i < numClasses; i++){
  78:MiniCABClassifier.cpp ****         out.scores[i] = probs[i];
ARM GAS  /var/folders/6_/psd2b8g56p7696hhrr4ztjs00000gn/T//ccrN3Asy.s 			page 7


  79:MiniCABClassifier.cpp ****     }
  80:MiniCABClassifier.cpp **** 
  81:MiniCABClassifier.cpp ****     out.predictedClass = bestClass;
  82:MiniCABClassifier.cpp ****     return out;
  83:MiniCABClassifier.cpp **** }
  84:MiniCABClassifier.cpp **** 
  85:MiniCABClassifier.cpp **** void MiniCABClassifier::FeaturesToInput(const AudioFeatures& f, float input[inputSize]) const{
 250              		.loc 1 85 94 is_stmt 1 view -0
 251              		.cfi_startproc
 252              		@ args = 0, pretend = 0, frame = 0
 253              		@ frame_needed = 0, uses_anonymous_args = 0
 254              		@ link register save eliminated.
  86:MiniCABClassifier.cpp ****     input[0]  = f.rms;
 255              		.loc 1 86 5 view .LVU61
 256              		.loc 1 86 19 is_stmt 0 view .LVU62
 257 0000 D1F800C0 		ldr	ip, [r1]	@ float
 258              	.LBB68:
  87:MiniCABClassifier.cpp ****     input[1]  = f.peak;
  88:MiniCABClassifier.cpp ****     input[2]  = f.zcr;
  89:MiniCABClassifier.cpp ****     input[3]  = f.spectralCentroid;
  90:MiniCABClassifier.cpp ****     input[4]  = f.spectralFlux;
  91:MiniCABClassifier.cpp ****     input[5]  = f.rmsDelta;
  92:MiniCABClassifier.cpp ****     input[6]  = f.envelope;
  93:MiniCABClassifier.cpp ****     input[7]  = f.envelopeDelta;
  94:MiniCABClassifier.cpp ****     input[8]  = f.rmsVariance;
  95:MiniCABClassifier.cpp ****     input[9]  = f.centroidVariance;
  96:MiniCABClassifier.cpp ****     input[10] = f.onsetCount;
  97:MiniCABClassifier.cpp ****     input[11] = f.timeSinceLastOnset;
  98:MiniCABClassifier.cpp **** 
  99:MiniCABClassifier.cpp ****     if(hasNormalisation){
 259              		.loc 1 99 8 view .LVU63
 260 0004 00F54053 		add	r3, r0, #12288
 261              	.LBE68:
  86:MiniCABClassifier.cpp ****     input[0]  = f.rms;
 262              		.loc 1 86 15 view .LVU64
 263 0008 C2F800C0 		str	ip, [r2]	@ float
  87:MiniCABClassifier.cpp ****     input[1]  = f.peak;
 264              		.loc 1 87 5 is_stmt 1 view .LVU65
  87:MiniCABClassifier.cpp ****     input[1]  = f.peak;
 265              		.loc 1 87 19 is_stmt 0 view .LVU66
 266 000c D1F804C0 		ldr	ip, [r1, #4]	@ float
 267              	.LBB76:
 268              		.loc 1 99 5 view .LVU67
 269 0010 93F87834 		ldrb	r3, [r3, #1144]	@ zero_extendqisi2
 270              	.LBE76:
  87:MiniCABClassifier.cpp ****     input[1]  = f.peak;
 271              		.loc 1 87 15 view .LVU68
 272 0014 C2F804C0 		str	ip, [r2, #4]	@ float
  88:MiniCABClassifier.cpp ****     input[3]  = f.spectralCentroid;
 273              		.loc 1 88 5 is_stmt 1 view .LVU69
  88:MiniCABClassifier.cpp ****     input[3]  = f.spectralCentroid;
 274              		.loc 1 88 19 is_stmt 0 view .LVU70
 275 0018 D1F808C0 		ldr	ip, [r1, #8]	@ float
  88:MiniCABClassifier.cpp ****     input[3]  = f.spectralCentroid;
 276              		.loc 1 88 15 view .LVU71
 277 001c C2F808C0 		str	ip, [r2, #8]	@ float
  89:MiniCABClassifier.cpp ****     input[4]  = f.spectralFlux;
ARM GAS  /var/folders/6_/psd2b8g56p7696hhrr4ztjs00000gn/T//ccrN3Asy.s 			page 8


 278              		.loc 1 89 5 is_stmt 1 view .LVU72
  89:MiniCABClassifier.cpp ****     input[4]  = f.spectralFlux;
 279              		.loc 1 89 19 is_stmt 0 view .LVU73
 280 0020 D1F80CC0 		ldr	ip, [r1, #12]	@ float
  89:MiniCABClassifier.cpp ****     input[4]  = f.spectralFlux;
 281              		.loc 1 89 15 view .LVU74
 282 0024 C2F80CC0 		str	ip, [r2, #12]	@ float
  90:MiniCABClassifier.cpp ****     input[5]  = f.rmsDelta;
 283              		.loc 1 90 5 is_stmt 1 view .LVU75
  90:MiniCABClassifier.cpp ****     input[5]  = f.rmsDelta;
 284              		.loc 1 90 19 is_stmt 0 view .LVU76
 285 0028 D1F810C0 		ldr	ip, [r1, #16]	@ float
  90:MiniCABClassifier.cpp ****     input[5]  = f.rmsDelta;
 286              		.loc 1 90 15 view .LVU77
 287 002c C2F810C0 		str	ip, [r2, #16]	@ float
  91:MiniCABClassifier.cpp ****     input[6]  = f.envelope;
 288              		.loc 1 91 5 is_stmt 1 view .LVU78
  91:MiniCABClassifier.cpp ****     input[6]  = f.envelope;
 289              		.loc 1 91 19 is_stmt 0 view .LVU79
 290 0030 D1F814C0 		ldr	ip, [r1, #20]	@ float
  91:MiniCABClassifier.cpp ****     input[6]  = f.envelope;
 291              		.loc 1 91 15 view .LVU80
 292 0034 C2F814C0 		str	ip, [r2, #20]	@ float
  92:MiniCABClassifier.cpp ****     input[7]  = f.envelopeDelta;
 293              		.loc 1 92 5 is_stmt 1 view .LVU81
  92:MiniCABClassifier.cpp ****     input[7]  = f.envelopeDelta;
 294              		.loc 1 92 19 is_stmt 0 view .LVU82
 295 0038 D1F818C0 		ldr	ip, [r1, #24]	@ float
  92:MiniCABClassifier.cpp ****     input[7]  = f.envelopeDelta;
 296              		.loc 1 92 15 view .LVU83
 297 003c C2F818C0 		str	ip, [r2, #24]	@ float
  93:MiniCABClassifier.cpp ****     input[8]  = f.rmsVariance;
 298              		.loc 1 93 5 is_stmt 1 view .LVU84
  93:MiniCABClassifier.cpp ****     input[8]  = f.rmsVariance;
 299              		.loc 1 93 19 is_stmt 0 view .LVU85
 300 0040 D1F81CC0 		ldr	ip, [r1, #28]	@ float
  93:MiniCABClassifier.cpp ****     input[8]  = f.rmsVariance;
 301              		.loc 1 93 15 view .LVU86
 302 0044 C2F81CC0 		str	ip, [r2, #28]	@ float
  94:MiniCABClassifier.cpp ****     input[9]  = f.centroidVariance;
 303              		.loc 1 94 5 is_stmt 1 view .LVU87
  94:MiniCABClassifier.cpp ****     input[9]  = f.centroidVariance;
 304              		.loc 1 94 19 is_stmt 0 view .LVU88
 305 0048 D1F820C0 		ldr	ip, [r1, #32]	@ float
  94:MiniCABClassifier.cpp ****     input[9]  = f.centroidVariance;
 306              		.loc 1 94 15 view .LVU89
 307 004c C2F820C0 		str	ip, [r2, #32]	@ float
  95:MiniCABClassifier.cpp ****     input[10] = f.onsetCount;
 308              		.loc 1 95 5 is_stmt 1 view .LVU90
  95:MiniCABClassifier.cpp ****     input[10] = f.onsetCount;
 309              		.loc 1 95 19 is_stmt 0 view .LVU91
 310 0050 D1F824C0 		ldr	ip, [r1, #36]	@ float
  95:MiniCABClassifier.cpp ****     input[10] = f.onsetCount;
 311              		.loc 1 95 15 view .LVU92
 312 0054 C2F824C0 		str	ip, [r2, #36]	@ float
  96:MiniCABClassifier.cpp ****     input[11] = f.timeSinceLastOnset;
 313              		.loc 1 96 5 is_stmt 1 view .LVU93
ARM GAS  /var/folders/6_/psd2b8g56p7696hhrr4ztjs00000gn/T//ccrN3Asy.s 			page 9


  96:MiniCABClassifier.cpp ****     input[11] = f.timeSinceLastOnset;
 314              		.loc 1 96 19 is_stmt 0 view .LVU94
 315 0058 D1F828C0 		ldr	ip, [r1, #40]	@ float
  96:MiniCABClassifier.cpp ****     input[11] = f.timeSinceLastOnset;
 316              		.loc 1 96 15 view .LVU95
 317 005c C2F828C0 		str	ip, [r2, #40]	@ float
  97:MiniCABClassifier.cpp **** 
 318              		.loc 1 97 5 is_stmt 1 view .LVU96
  97:MiniCABClassifier.cpp **** 
 319              		.loc 1 97 19 is_stmt 0 view .LVU97
 320 0060 C96A     		ldr	r1, [r1, #44]	@ float
 321              	.LVL14:
  97:MiniCABClassifier.cpp **** 
 322              		.loc 1 97 15 view .LVU98
 323 0062 D162     		str	r1, [r2, #44]	@ float
 324              		.loc 1 99 5 is_stmt 1 view .LVU99
 325              	.LBB77:
 326 0064 0BB3     		cbz	r3, .L10
 327 0066 43F21843 		movw	r3, #13336
 328 006a 02F13001 		add	r1, r2, #48
 329 006e C318     		adds	r3, r0, r3
 330              	.LVL15:
 331              	.L13:
 332              	.LBB69:
 100:MiniCABClassifier.cpp ****         for(int i = 0; i < inputSize; i++){
 101:MiniCABClassifier.cpp ****             input[i] = (input[i] - normMean[i]) / normStd[i];
 333              		.loc 1 101 13 view .LVU100
 334              	.LBB70:
 335              	.LBB71:
 102:MiniCABClassifier.cpp ****             input[i] = ClipValue(input[i], -8.0f, 8.0f);
 103:MiniCABClassifier.cpp ****         }
 104:MiniCABClassifier.cpp ****     }
 105:MiniCABClassifier.cpp **** }
 106:MiniCABClassifier.cpp **** 
 107:MiniCABClassifier.cpp **** void MiniCABClassifier::BuildSequenceFromBuffer(float seq[timeSteps][inputSize]) const{
 108:MiniCABClassifier.cpp ****     for(int t = 0; t < timeSteps; t++){
 109:MiniCABClassifier.cpp ****         for(int j = 0; j < inputSize; j++){
 110:MiniCABClassifier.cpp ****             seq[t][j] = 0.0f;
 111:MiniCABClassifier.cpp ****         }
 112:MiniCABClassifier.cpp ****     }
 113:MiniCABClassifier.cpp **** 
 114:MiniCABClassifier.cpp ****     int startSlot = timeSteps - frameCount;
 115:MiniCABClassifier.cpp ****     int oldestIndex = (frameIndex - frameCount + timeSteps) % timeSteps;
 116:MiniCABClassifier.cpp **** 
 117:MiniCABClassifier.cpp ****     for(int t = 0; t < frameCount; t++){
 118:MiniCABClassifier.cpp ****         int srcIndex = (oldestIndex + t) % timeSteps;
 119:MiniCABClassifier.cpp ****         int dstIndex = startSlot + t;
 120:MiniCABClassifier.cpp **** 
 121:MiniCABClassifier.cpp ****         FeaturesToInput(frameBuffer[srcIndex], seq[dstIndex]);
 122:MiniCABClassifier.cpp ****     }
 123:MiniCABClassifier.cpp **** }
 124:MiniCABClassifier.cpp **** 
 125:MiniCABClassifier.cpp **** void MiniCABClassifier::BuildSequenceWithLatest(const AudioFeatures& f, float seq[timeSteps][inputS
 126:MiniCABClassifier.cpp ****     for(int t = 0; t < timeSteps; t++){
 127:MiniCABClassifier.cpp ****         for(int j = 0; j < inputSize; j++){
 128:MiniCABClassifier.cpp ****             seq[t][j] = 0.0f;
 129:MiniCABClassifier.cpp ****         }
ARM GAS  /var/folders/6_/psd2b8g56p7696hhrr4ztjs00000gn/T//ccrN3Asy.s 			page 10


 130:MiniCABClassifier.cpp ****     }
 131:MiniCABClassifier.cpp **** 
 132:MiniCABClassifier.cpp ****     int previousCount = frameCount;
 133:MiniCABClassifier.cpp **** 
 134:MiniCABClassifier.cpp ****     if(previousCount > timeSteps - 1){
 135:MiniCABClassifier.cpp ****         previousCount = timeSteps - 1;
 136:MiniCABClassifier.cpp ****     }
 137:MiniCABClassifier.cpp **** 
 138:MiniCABClassifier.cpp ****     int startSlot = timeSteps - previousCount - 1;
 139:MiniCABClassifier.cpp ****     int oldestIndex = (frameIndex - previousCount + timeSteps) % timeSteps;
 140:MiniCABClassifier.cpp **** 
 141:MiniCABClassifier.cpp ****     for(int t = 0; t < previousCount; t++){
 142:MiniCABClassifier.cpp ****         int srcIndex = (oldestIndex + t) % timeSteps;
 143:MiniCABClassifier.cpp ****         int dstIndex = startSlot + t;
 144:MiniCABClassifier.cpp **** 
 145:MiniCABClassifier.cpp ****         FeaturesToInput(frameBuffer[srcIndex], seq[dstIndex]);
 146:MiniCABClassifier.cpp ****     }
 147:MiniCABClassifier.cpp **** 
 148:MiniCABClassifier.cpp ****     FeaturesToInput(f, seq[timeSteps - 1]);
 149:MiniCABClassifier.cpp **** }
 150:MiniCABClassifier.cpp **** 
 151:MiniCABClassifier.cpp **** void MiniCABClassifier::BuildRepresentation(const float seq[timeSteps][inputSize], float rep[repres
 152:MiniCABClassifier.cpp ****     for(int i = 0; i < representationSize; i++){
 153:MiniCABClassifier.cpp ****         rep[i] = 0.0f;
 154:MiniCABClassifier.cpp ****     }
 155:MiniCABClassifier.cpp **** 
 156:MiniCABClassifier.cpp ****     for(int f = 0; f < numConvFilters; f++){
 157:MiniCABClassifier.cpp ****         float maxVal = -1000000000.0f;
 158:MiniCABClassifier.cpp ****         float sumVal = 0.0f;
 159:MiniCABClassifier.cpp ****         float lastVal = 0.0f;
 160:MiniCABClassifier.cpp **** 
 161:MiniCABClassifier.cpp ****         for(int t = 0; t < convTimeSteps; t++){
 162:MiniCABClassifier.cpp ****             float v = ConvFilterValue(seq, f, t);
 163:MiniCABClassifier.cpp ****             v = tanhf(v);
 164:MiniCABClassifier.cpp **** 
 165:MiniCABClassifier.cpp ****             if(v > maxVal){
 166:MiniCABClassifier.cpp ****                 maxVal = v;
 167:MiniCABClassifier.cpp ****             }
 168:MiniCABClassifier.cpp **** 
 169:MiniCABClassifier.cpp ****             sumVal += v;
 170:MiniCABClassifier.cpp ****             lastVal = v;
 171:MiniCABClassifier.cpp ****         }
 172:MiniCABClassifier.cpp **** 
 173:MiniCABClassifier.cpp ****         rep[f] = sumVal / (float)convTimeSteps;
 174:MiniCABClassifier.cpp ****         rep[f + numConvFilters] = maxVal;
 175:MiniCABClassifier.cpp ****         rep[f + 2 * numConvFilters] = lastVal;
 176:MiniCABClassifier.cpp ****     }
 177:MiniCABClassifier.cpp **** 
 178:MiniCABClassifier.cpp ****     float mean[inputSize];
 179:MiniCABClassifier.cpp ****     float maxVal[inputSize];
 180:MiniCABClassifier.cpp ****     float minVal[inputSize];
 181:MiniCABClassifier.cpp ****     float motion[inputSize];
 182:MiniCABClassifier.cpp **** 
 183:MiniCABClassifier.cpp ****     for(int j = 0; j < inputSize; j++){
 184:MiniCABClassifier.cpp ****         mean[j] = 0.0f;
 185:MiniCABClassifier.cpp ****         maxVal[j] = -1000000000.0f;
 186:MiniCABClassifier.cpp ****         minVal[j] = 1000000000.0f;
ARM GAS  /var/folders/6_/psd2b8g56p7696hhrr4ztjs00000gn/T//ccrN3Asy.s 			page 11


 187:MiniCABClassifier.cpp ****         motion[j] = 0.0f;
 188:MiniCABClassifier.cpp ****     }
 189:MiniCABClassifier.cpp **** 
 190:MiniCABClassifier.cpp ****     float eventMax = -1000000000.0f;
 191:MiniCABClassifier.cpp ****     float gapMax = -1000000000.0f;
 192:MiniCABClassifier.cpp **** 
 193:MiniCABClassifier.cpp ****     for(int t = 0; t < timeSteps; t++){
 194:MiniCABClassifier.cpp ****         for(int j = 0; j < inputSize; j++){
 195:MiniCABClassifier.cpp ****             float v = seq[t][j];
 196:MiniCABClassifier.cpp ****             mean[j] += v;
 197:MiniCABClassifier.cpp **** 
 198:MiniCABClassifier.cpp ****             if(v > maxVal[j]){
 199:MiniCABClassifier.cpp ****                 maxVal[j] = v;
 200:MiniCABClassifier.cpp ****             }
 201:MiniCABClassifier.cpp **** 
 202:MiniCABClassifier.cpp ****             if(v < minVal[j]){
 203:MiniCABClassifier.cpp ****                 minVal[j] = v;
 204:MiniCABClassifier.cpp ****             }
 205:MiniCABClassifier.cpp **** 
 206:MiniCABClassifier.cpp ****             if(t > 0){
 207:MiniCABClassifier.cpp ****                 motion[j] += fabsf(seq[t][j] - seq[t - 1][j]);
 208:MiniCABClassifier.cpp ****             }
 209:MiniCABClassifier.cpp ****         }
 210:MiniCABClassifier.cpp **** 
 211:MiniCABClassifier.cpp ****         float eventLogit = EventAttentionLogit(seq[t]);
 212:MiniCABClassifier.cpp ****         float gapLogit = GapAttentionLogit(seq[t]);
 213:MiniCABClassifier.cpp **** 
 214:MiniCABClassifier.cpp ****         if(eventLogit > eventMax){
 215:MiniCABClassifier.cpp ****             eventMax = eventLogit;
 216:MiniCABClassifier.cpp ****         }
 217:MiniCABClassifier.cpp **** 
 218:MiniCABClassifier.cpp ****         if(gapLogit > gapMax){
 219:MiniCABClassifier.cpp ****             gapMax = gapLogit;
 220:MiniCABClassifier.cpp ****         }
 221:MiniCABClassifier.cpp ****     }
 222:MiniCABClassifier.cpp **** 
 223:MiniCABClassifier.cpp ****     for(int j = 0; j < inputSize; j++){
 224:MiniCABClassifier.cpp ****         mean[j] /= (float)timeSteps;
 225:MiniCABClassifier.cpp ****         motion[j] /= (float)(timeSteps - 1);
 226:MiniCABClassifier.cpp ****     }
 227:MiniCABClassifier.cpp **** 
 228:MiniCABClassifier.cpp ****     float eventSum = 0.0f;
 229:MiniCABClassifier.cpp ****     float gapSum = 0.0f;
 230:MiniCABClassifier.cpp ****     float eventMean[inputSize];
 231:MiniCABClassifier.cpp ****     float gapMean[inputSize];
 232:MiniCABClassifier.cpp **** 
 233:MiniCABClassifier.cpp ****     for(int j = 0; j < inputSize; j++){
 234:MiniCABClassifier.cpp ****         eventMean[j] = 0.0f;
 235:MiniCABClassifier.cpp ****         gapMean[j] = 0.0f;
 236:MiniCABClassifier.cpp ****     }
 237:MiniCABClassifier.cpp **** 
 238:MiniCABClassifier.cpp ****     int activeFrames = 0;
 239:MiniCABClassifier.cpp ****     int quietFrames = 0;
 240:MiniCABClassifier.cpp ****     int longGapFrames = 0;
 241:MiniCABClassifier.cpp **** 
 242:MiniCABClassifier.cpp ****     for(int t = 0; t < timeSteps; t++){
 243:MiniCABClassifier.cpp ****         float eventWeight = expf(EventAttentionLogit(seq[t]) - eventMax);
ARM GAS  /var/folders/6_/psd2b8g56p7696hhrr4ztjs00000gn/T//ccrN3Asy.s 			page 12


 244:MiniCABClassifier.cpp ****         float gapWeight = expf(GapAttentionLogit(seq[t]) - gapMax);
 245:MiniCABClassifier.cpp **** 
 246:MiniCABClassifier.cpp ****         eventSum += eventWeight;
 247:MiniCABClassifier.cpp ****         gapSum += gapWeight;
 248:MiniCABClassifier.cpp **** 
 249:MiniCABClassifier.cpp ****         for(int j = 0; j < inputSize; j++){
 250:MiniCABClassifier.cpp ****             eventMean[j] += eventWeight * seq[t][j];
 251:MiniCABClassifier.cpp ****             gapMean[j] += gapWeight * seq[t][j];
 252:MiniCABClassifier.cpp ****         }
 253:MiniCABClassifier.cpp **** 
 254:MiniCABClassifier.cpp ****         if(seq[t][0] > 0.0f || seq[t][1] > 0.0f || seq[t][6] > 0.0f || seq[t][4] > 0.0f){
 255:MiniCABClassifier.cpp ****             activeFrames++;
 256:MiniCABClassifier.cpp ****         }
 257:MiniCABClassifier.cpp **** 
 258:MiniCABClassifier.cpp ****         if(seq[t][0] < 0.0f && seq[t][1] < 0.0f && seq[t][6] < 0.0f){
 259:MiniCABClassifier.cpp ****             quietFrames++;
 260:MiniCABClassifier.cpp ****         }
 261:MiniCABClassifier.cpp **** 
 262:MiniCABClassifier.cpp ****         if(seq[t][11] > 0.5f){
 263:MiniCABClassifier.cpp ****             longGapFrames++;
 264:MiniCABClassifier.cpp ****         }
 265:MiniCABClassifier.cpp ****     }
 266:MiniCABClassifier.cpp **** 
 267:MiniCABClassifier.cpp ****     if(eventSum < 1e-6f){
 268:MiniCABClassifier.cpp ****         eventSum = 1.0f;
 269:MiniCABClassifier.cpp ****     }
 270:MiniCABClassifier.cpp **** 
 271:MiniCABClassifier.cpp ****     if(gapSum < 1e-6f){
 272:MiniCABClassifier.cpp ****         gapSum = 1.0f;
 273:MiniCABClassifier.cpp ****     }
 274:MiniCABClassifier.cpp **** 
 275:MiniCABClassifier.cpp ****     for(int j = 0; j < inputSize; j++){
 276:MiniCABClassifier.cpp ****         eventMean[j] /= eventSum;
 277:MiniCABClassifier.cpp ****         gapMean[j] /= gapSum;
 278:MiniCABClassifier.cpp ****     }
 279:MiniCABClassifier.cpp **** 
 280:MiniCABClassifier.cpp ****     int base = numConvFilters * representationParts;
 281:MiniCABClassifier.cpp **** 
 282:MiniCABClassifier.cpp ****     rep[base + 0] = mean[0];
 283:MiniCABClassifier.cpp ****     rep[base + 1] = maxVal[0];
 284:MiniCABClassifier.cpp ****     rep[base + 2] = maxVal[0] - minVal[0];
 285:MiniCABClassifier.cpp ****     rep[base + 3] = motion[0];
 286:MiniCABClassifier.cpp ****     rep[base + 4] = mean[1];
 287:MiniCABClassifier.cpp ****     rep[base + 5] = maxVal[1];
 288:MiniCABClassifier.cpp ****     rep[base + 6] = mean[2];
 289:MiniCABClassifier.cpp ****     rep[base + 7] = mean[3];
 290:MiniCABClassifier.cpp ****     rep[base + 8] = maxVal[3] - minVal[3];
 291:MiniCABClassifier.cpp ****     rep[base + 9] = motion[3];
 292:MiniCABClassifier.cpp ****     rep[base + 10] = mean[4];
 293:MiniCABClassifier.cpp ****     rep[base + 11] = maxVal[4];
 294:MiniCABClassifier.cpp ****     rep[base + 12] = motion[4];
 295:MiniCABClassifier.cpp ****     rep[base + 13] = mean[6];
 296:MiniCABClassifier.cpp ****     rep[base + 14] = maxVal[6];
 297:MiniCABClassifier.cpp ****     rep[base + 15] = motion[6];
 298:MiniCABClassifier.cpp ****     rep[base + 16] = mean[7];
 299:MiniCABClassifier.cpp ****     rep[base + 17] = maxVal[7];
 300:MiniCABClassifier.cpp ****     rep[base + 18] = mean[5];
ARM GAS  /var/folders/6_/psd2b8g56p7696hhrr4ztjs00000gn/T//ccrN3Asy.s 			page 13


 301:MiniCABClassifier.cpp ****     rep[base + 19] = maxVal[5];
 302:MiniCABClassifier.cpp ****     rep[base + 20] = mean[10];
 303:MiniCABClassifier.cpp ****     rep[base + 21] = maxVal[10];
 304:MiniCABClassifier.cpp ****     rep[base + 22] = mean[11];
 305:MiniCABClassifier.cpp ****     rep[base + 23] = maxVal[11];
 306:MiniCABClassifier.cpp ****     rep[base + 24] = seq[timeSteps - 1][11];
 307:MiniCABClassifier.cpp ****     rep[base + 25] = maxVal[11] - minVal[11];
 308:MiniCABClassifier.cpp ****     rep[base + 26] = eventMean[0];
 309:MiniCABClassifier.cpp ****     rep[base + 27] = eventMean[1];
 310:MiniCABClassifier.cpp ****     rep[base + 28] = eventMean[4];
 311:MiniCABClassifier.cpp ****     rep[base + 29] = eventMean[10];
 312:MiniCABClassifier.cpp ****     rep[base + 30] = eventMean[11];
 313:MiniCABClassifier.cpp ****     rep[base + 31] = gapMean[0];
 314:MiniCABClassifier.cpp ****     rep[base + 32] = gapMean[1];
 315:MiniCABClassifier.cpp ****     rep[base + 33] = gapMean[4];
 316:MiniCABClassifier.cpp ****     rep[base + 34] = gapMean[10];
 317:MiniCABClassifier.cpp ****     rep[base + 35] = gapMean[11];
 318:MiniCABClassifier.cpp ****     rep[base + 36] = (float)activeFrames / (float)timeSteps;
 319:MiniCABClassifier.cpp ****     rep[base + 37] = (float)quietFrames / (float)timeSteps;
 320:MiniCABClassifier.cpp ****     rep[base + 38] = (float)longGapFrames / (float)timeSteps;
 321:MiniCABClassifier.cpp ****     rep[base + 39] = eventMean[11] - mean[11];
 322:MiniCABClassifier.cpp **** 
 323:MiniCABClassifier.cpp ****     for(int i = 0; i < representationSize; i++){
 324:MiniCABClassifier.cpp ****         rep[i] = ClipValue(rep[i], -8.0f, 8.0f);
 325:MiniCABClassifier.cpp ****     }
 326:MiniCABClassifier.cpp **** }
 327:MiniCABClassifier.cpp **** 
 328:MiniCABClassifier.cpp **** void MiniCABClassifier::ClassifierPredict(const float rep[representationSize], float probs[numClass
 329:MiniCABClassifier.cpp ****     for(int k = 0; k < numClasses; k++){
 330:MiniCABClassifier.cpp ****         float sum = classifierB[k];
 331:MiniCABClassifier.cpp **** 
 332:MiniCABClassifier.cpp ****         for(int j = 0; j < representationSize; j++){
 333:MiniCABClassifier.cpp ****             sum += classifierW[k][j] * rep[j];
 334:MiniCABClassifier.cpp ****         }
 335:MiniCABClassifier.cpp **** 
 336:MiniCABClassifier.cpp ****         probs[k] = sum;
 337:MiniCABClassifier.cpp ****     }
 338:MiniCABClassifier.cpp **** 
 339:MiniCABClassifier.cpp ****     Softmax(probs, numClasses);
 340:MiniCABClassifier.cpp **** }
 341:MiniCABClassifier.cpp **** 
 342:MiniCABClassifier.cpp **** void MiniCABClassifier::TrainFromExample(const AudioFeatures& f, int label, float eta){
 343:MiniCABClassifier.cpp ****     float seq[timeSteps][inputSize];
 344:MiniCABClassifier.cpp **** 
 345:MiniCABClassifier.cpp ****     BuildSequenceWithLatest(f, seq);
 346:MiniCABClassifier.cpp ****     TrainOnSequence(seq, label, eta);
 347:MiniCABClassifier.cpp **** }
 348:MiniCABClassifier.cpp **** 
 349:MiniCABClassifier.cpp **** void MiniCABClassifier::TrainFromCurrentSequence(int label, float eta){
 350:MiniCABClassifier.cpp ****     if(frameCount == 0){
 351:MiniCABClassifier.cpp ****         return;
 352:MiniCABClassifier.cpp ****     }
 353:MiniCABClassifier.cpp **** 
 354:MiniCABClassifier.cpp ****     float seq[timeSteps][inputSize];
 355:MiniCABClassifier.cpp **** 
 356:MiniCABClassifier.cpp ****     BuildSequenceFromBuffer(seq);
 357:MiniCABClassifier.cpp ****     TrainOnSequence(seq, label, eta);
ARM GAS  /var/folders/6_/psd2b8g56p7696hhrr4ztjs00000gn/T//ccrN3Asy.s 			page 14


 358:MiniCABClassifier.cpp **** }
 359:MiniCABClassifier.cpp **** 
 360:MiniCABClassifier.cpp **** void MiniCABClassifier::TrainOnSequence(const float seq[timeSteps][inputSize], int label, float eta
 361:MiniCABClassifier.cpp ****     if(label < 0 || label >= numClasses){
 362:MiniCABClassifier.cpp ****         return;
 363:MiniCABClassifier.cpp ****     }
 364:MiniCABClassifier.cpp **** 
 365:MiniCABClassifier.cpp ****     float rep[representationSize];
 366:MiniCABClassifier.cpp ****     float probs[numClasses];
 367:MiniCABClassifier.cpp ****     float target[numClasses];
 368:MiniCABClassifier.cpp **** 
 369:MiniCABClassifier.cpp ****     BuildRepresentation(seq, rep);
 370:MiniCABClassifier.cpp ****     ClassifierPredict(rep, probs);
 371:MiniCABClassifier.cpp **** 
 372:MiniCABClassifier.cpp ****     for(int k = 0; k < numClasses; k++){
 373:MiniCABClassifier.cpp ****         target[k] = 0.02f;
 374:MiniCABClassifier.cpp ****     }
 375:MiniCABClassifier.cpp **** 
 376:MiniCABClassifier.cpp ****     target[label] = 0.94f;
 377:MiniCABClassifier.cpp **** 
 378:MiniCABClassifier.cpp ****     float lr = eta;
 379:MiniCABClassifier.cpp **** 
 380:MiniCABClassifier.cpp ****     if(lr < 0.0001f){
 381:MiniCABClassifier.cpp ****         lr = 0.0001f;
 382:MiniCABClassifier.cpp ****     }
 383:MiniCABClassifier.cpp **** 
 384:MiniCABClassifier.cpp ****     if(lr > 0.05f){
 385:MiniCABClassifier.cpp ****         lr = 0.05f;
 386:MiniCABClassifier.cpp ****     }
 387:MiniCABClassifier.cpp **** 
 388:MiniCABClassifier.cpp ****     static constexpr float weightDecay = 0.00008f;
 389:MiniCABClassifier.cpp **** 
 390:MiniCABClassifier.cpp ****     for(int k = 0; k < numClasses; k++){
 391:MiniCABClassifier.cpp ****         float d = ClipGrad(probs[k] - target[k]);
 392:MiniCABClassifier.cpp **** 
 393:MiniCABClassifier.cpp ****         classifierB[k] -= lr * d;
 394:MiniCABClassifier.cpp **** 
 395:MiniCABClassifier.cpp ****         for(int j = 0; j < representationSize; j++){
 396:MiniCABClassifier.cpp ****             float grad = d * rep[j] + weightDecay * classifierW[k][j];
 397:MiniCABClassifier.cpp ****             classifierW[k][j] -= lr * ClipGrad(grad);
 398:MiniCABClassifier.cpp ****         }
 399:MiniCABClassifier.cpp ****     }
 400:MiniCABClassifier.cpp **** }
 401:MiniCABClassifier.cpp **** 
 402:MiniCABClassifier.cpp **** void MiniCABClassifier::SetNormalisation(const float mean[inputSize], const float std[inputSize]){
 403:MiniCABClassifier.cpp ****     for(int i = 0; i < inputSize; i++){
 404:MiniCABClassifier.cpp ****         normMean[i] = mean[i];
 405:MiniCABClassifier.cpp ****         normStd[i] = (std[i] < 1e-6f) ? 1.0f : std[i];
 406:MiniCABClassifier.cpp ****     }
 407:MiniCABClassifier.cpp **** 
 408:MiniCABClassifier.cpp ****     hasNormalisation = true;
 409:MiniCABClassifier.cpp **** }
 410:MiniCABClassifier.cpp **** 
 411:MiniCABClassifier.cpp **** float MiniCABClassifier::ClipValue(float x, float lo, float hi) const{
 412:MiniCABClassifier.cpp ****     if(x < lo){
 413:MiniCABClassifier.cpp ****         return lo;
 414:MiniCABClassifier.cpp ****     }
ARM GAS  /var/folders/6_/psd2b8g56p7696hhrr4ztjs00000gn/T//ccrN3Asy.s 			page 15


 415:MiniCABClassifier.cpp **** 
 416:MiniCABClassifier.cpp ****     if(x > hi){
 336              		.loc 1 416 5 view .LVU101
 337              	.LBE71:
 338              	.LBE70:
 101:MiniCABClassifier.cpp ****             input[i] = ClipValue(input[i], -8.0f, 8.0f);
 339              		.loc 1 101 46 is_stmt 0 view .LVU102
 340 0070 F3EC016A 		vldmia.32	r3!, {s13}
 341              	.LBB74:
 342              	.LBB72:
 412:MiniCABClassifier.cpp ****         return lo;
 343              		.loc 1 412 5 view .LVU103
 344 0074 FAEE007A 		vmov.f32	s15, #-8.0e+0
 345              	.LBE72:
 346              	.LBE74:
 101:MiniCABClassifier.cpp ****             input[i] = ClipValue(input[i], -8.0f, 8.0f);
 347              		.loc 1 101 32 view .LVU104
 348 0078 B2EC017A 		vldmia.32	r2!, {s14}
 349 007c B2EE006A 		vmov.f32	s12, #8.0e+0
 101:MiniCABClassifier.cpp ****             input[i] = ClipValue(input[i], -8.0f, 8.0f);
 350              		.loc 1 101 49 view .LVU105
 351 0080 D3ED0B5A 		vldr.32	s11, [r3, #44]
 101:MiniCABClassifier.cpp ****             input[i] = ClipValue(input[i], -8.0f, 8.0f);
 352              		.loc 1 101 34 view .LVU106
 353 0084 37EE667A 		vsub.f32	s14, s14, s13
 101:MiniCABClassifier.cpp ****             input[i] = ClipValue(input[i], -8.0f, 8.0f);
 354              		.loc 1 101 49 view .LVU107
 355 0088 C7EE256A 		vdiv.f32	s13, s14, s11
 102:MiniCABClassifier.cpp ****             input[i] = ClipValue(input[i], -8.0f, 8.0f);
 356              		.loc 1 102 13 is_stmt 1 view .LVU108
 357              	.LVL16:
 358              	.LBB75:
 359              	.LBI70:
 411:MiniCABClassifier.cpp ****     if(x < lo){
 360              		.loc 1 411 7 view .LVU109
 361              	.LBB73:
 412:MiniCABClassifier.cpp ****         return lo;
 362              		.loc 1 412 5 view .LVU110
 363 008c F4EEE76A 		vcmpe.f32	s13, s15
 364 0090 F1EE10FA 		vmrs	APSR_nzcv, FPSCR
 365 0094 05D4     		bmi	.L12
 366 0096 F4EEC66A 		vcmpe.f32	s13, s12
 367 009a F1EE10FA 		vmrs	APSR_nzcv, FPSCR
 368 009e 76FE267A 		vselgt.f32	s15, s12, s13
 369              	.L12:
 370              	.LVL17:
 412:MiniCABClassifier.cpp ****         return lo;
 371              		.loc 1 412 5 is_stmt 0 view .LVU111
 372              	.LBE73:
 373              	.LBE75:
 100:MiniCABClassifier.cpp ****             input[i] = (input[i] - normMean[i]) / normStd[i];
 374              		.loc 1 100 26 discriminator 1 view .LVU112
 375 00a2 8A42     		cmp	r2, r1
 102:MiniCABClassifier.cpp ****         }
 376              		.loc 1 102 22 discriminator 1 view .LVU113
 377 00a4 42ED017A 		vstr.32	s15, [r2, #-4]
 100:MiniCABClassifier.cpp ****             input[i] = (input[i] - normMean[i]) / normStd[i];
ARM GAS  /var/folders/6_/psd2b8g56p7696hhrr4ztjs00000gn/T//ccrN3Asy.s 			page 16


 378              		.loc 1 100 9 is_stmt 1 discriminator 3 view .LVU114
 100:MiniCABClassifier.cpp ****             input[i] = (input[i] - normMean[i]) / normStd[i];
 379              		.loc 1 100 26 discriminator 1 view .LVU115
 380 00a8 E2D1     		bne	.L13
 381              	.LVL18:
 382              	.L10:
 100:MiniCABClassifier.cpp ****             input[i] = (input[i] - normMean[i]) / normStd[i];
 383              		.loc 1 100 26 is_stmt 0 discriminator 1 view .LVU116
 384              	.LBE69:
 385              	.LBE77:
 105:MiniCABClassifier.cpp **** 
 386              		.loc 1 105 1 view .LVU117
 387 00aa 7047     		bx	lr
 388              		.cfi_endproc
 389              	.LFE560:
 391              		.section	.text._ZNK17MiniCABClassifier23BuildSequenceFromBufferEPA12_f,"ax",%progbits
 392              		.align	1
 393              		.p2align 2,,3
 394              		.global	_ZNK17MiniCABClassifier23BuildSequenceFromBufferEPA12_f
 395              		.syntax unified
 396              		.thumb
 397              		.thumb_func
 399              	_ZNK17MiniCABClassifier23BuildSequenceFromBufferEPA12_f:
 400              	.LVL19:
 401              	.LFB561:
 107:MiniCABClassifier.cpp ****     for(int t = 0; t < timeSteps; t++){
 402              		.loc 1 107 87 is_stmt 1 view -0
 403              		.cfi_startproc
 404              		@ args = 0, pretend = 0, frame = 0
 405              		@ frame_needed = 0, uses_anonymous_args = 0
 108:MiniCABClassifier.cpp ****         for(int j = 0; j < inputSize; j++){
 406              		.loc 1 108 5 view .LVU119
 407              	.LBB78:
 108:MiniCABClassifier.cpp ****         for(int j = 0; j < inputSize; j++){
 408              		.loc 1 108 22 discriminator 1 view .LVU120
 409              	.LBE78:
 107:MiniCABClassifier.cpp ****     for(int t = 0; t < timeSteps; t++){
 410              		.loc 1 107 87 is_stmt 0 view .LVU121
 411 0000 F8B5     		push	{r3, r4, r5, r6, r7, lr}
 412              		.cfi_def_cfa_offset 24
 413              		.cfi_offset 3, -24
 414              		.cfi_offset 4, -20
 415              		.cfi_offset 5, -16
 416              		.cfi_offset 6, -12
 417              		.cfi_offset 7, -8
 418              		.cfi_offset 14, -4
 107:MiniCABClassifier.cpp ****     for(int t = 0; t < timeSteps; t++){
 419              		.loc 1 107 87 view .LVU122
 420 0002 0D46     		mov	r5, r1
 421 0004 0646     		mov	r6, r0
 422              	.LBB80:
 423              	.LBB79:
 110:MiniCABClassifier.cpp ****         }
 424              		.loc 1 110 23 view .LVU123
 425 0006 4FF44052 		mov	r2, #12288
 426 000a 0021     		movs	r1, #0
 427              	.LVL20:
ARM GAS  /var/folders/6_/psd2b8g56p7696hhrr4ztjs00000gn/T//ccrN3Asy.s 			page 17


 110:MiniCABClassifier.cpp ****         }
 428              		.loc 1 110 23 view .LVU124
 429 000c 2846     		mov	r0, r5
 430              	.LVL21:
 110:MiniCABClassifier.cpp ****         }
 431              		.loc 1 110 23 view .LVU125
 432 000e FFF7FEFF 		bl	memset
 433              	.LVL22:
 110:MiniCABClassifier.cpp ****         }
 434              		.loc 1 110 23 view .LVU126
 435              	.LBE79:
 436              	.LBE80:
 114:MiniCABClassifier.cpp ****     int oldestIndex = (frameIndex - frameCount + timeSteps) % timeSteps;
 437              		.loc 1 114 5 is_stmt 1 view .LVU127
 114:MiniCABClassifier.cpp ****     int oldestIndex = (frameIndex - frameCount + timeSteps) % timeSteps;
 438              		.loc 1 114 33 is_stmt 0 view .LVU128
 439 0012 06F54053 		add	r3, r6, #12288
 440 0016 5F68     		ldr	r7, [r3, #4]
 441              	.LVL23:
 115:MiniCABClassifier.cpp **** 
 442              		.loc 1 115 5 is_stmt 1 view .LVU129
 117:MiniCABClassifier.cpp ****         int srcIndex = (oldestIndex + t) % timeSteps;
 443              		.loc 1 117 5 view .LVU130
 444              	.LBB81:
 117:MiniCABClassifier.cpp ****         int srcIndex = (oldestIndex + t) % timeSteps;
 445              		.loc 1 117 22 discriminator 1 view .LVU131
 446 0018 002F     		cmp	r7, #0
 447 001a 22DD     		ble	.L19
 448              	.LBE81:
 115:MiniCABClassifier.cpp **** 
 449              		.loc 1 115 35 is_stmt 0 view .LVU132
 450 001c 1C68     		ldr	r4, [r3]
 451 001e E41B     		subs	r4, r4, r7
 115:MiniCABClassifier.cpp **** 
 452              		.loc 1 115 48 view .LVU133
 453 0020 04F58074 		add	r4, r4, #256
 115:MiniCABClassifier.cpp **** 
 454              		.loc 1 115 9 view .LVU134
 455 0024 6342     		rsbs	r3, r4, #0
 456              	.LVL24:
 115:MiniCABClassifier.cpp **** 
 457              		.loc 1 115 9 view .LVU135
 458 0026 E4B2     		uxtb	r4, r4
 459 0028 DBB2     		uxtb	r3, r3
 460 002a 58BF     		it	pl
 461 002c 5C42     		rsbpl	r4, r3, #0
 114:MiniCABClassifier.cpp ****     int oldestIndex = (frameIndex - frameCount + timeSteps) % timeSteps;
 462              		.loc 1 114 9 view .LVU136
 463 002e C7F58073 		rsb	r3, r7, #256
 464              	.LVL25:
 114:MiniCABClassifier.cpp ****     int oldestIndex = (frameIndex - frameCount + timeSteps) % timeSteps;
 465              		.loc 1 114 9 view .LVU137
 466 0032 03EB4303 		add	r3, r3, r3, lsl #1
 467              	.LVL26:
 114:MiniCABClassifier.cpp ****     int oldestIndex = (frameIndex - frameCount + timeSteps) % timeSteps;
 468              		.loc 1 114 9 view .LVU138
 469 0036 2744     		add	r7, r7, r4
ARM GAS  /var/folders/6_/psd2b8g56p7696hhrr4ztjs00000gn/T//ccrN3Asy.s 			page 18


 470              	.LVL27:
 114:MiniCABClassifier.cpp ****     int oldestIndex = (frameIndex - frameCount + timeSteps) % timeSteps;
 471              		.loc 1 114 9 view .LVU139
 472 0038 05EB0315 		add	r5, r5, r3, lsl #4
 473              	.LVL28:
 474              	.L21:
 475              	.LBB85:
 476              	.LBB82:
 118:MiniCABClassifier.cpp ****         int dstIndex = startSlot + t;
 477              		.loc 1 118 9 is_stmt 1 view .LVU140
 119:MiniCABClassifier.cpp **** 
 478              		.loc 1 119 9 view .LVU141
 121:MiniCABClassifier.cpp ****     }
 479              		.loc 1 121 9 view .LVU142
 118:MiniCABClassifier.cpp ****         int dstIndex = startSlot + t;
 480              		.loc 1 118 13 is_stmt 0 view .LVU143
 481 003c 6342     		rsbs	r3, r4, #0
 482 003e E1B2     		uxtb	r1, r4
 483              	.LBE82:
 117:MiniCABClassifier.cpp ****         int srcIndex = (oldestIndex + t) % timeSteps;
 484              		.loc 1 117 22 discriminator 1 view .LVU144
 485 0040 04F10104 		add	r4, r4, #1
 486              	.LVL29:
 487              	.LBB83:
 121:MiniCABClassifier.cpp ****     }
 488              		.loc 1 121 24 view .LVU145
 489 0044 2A46     		mov	r2, r5
 118:MiniCABClassifier.cpp ****         int dstIndex = startSlot + t;
 490              		.loc 1 118 13 view .LVU146
 491 0046 DBB2     		uxtb	r3, r3
 121:MiniCABClassifier.cpp ****     }
 492              		.loc 1 121 24 view .LVU147
 493 0048 3046     		mov	r0, r6
 494              	.LBE83:
 117:MiniCABClassifier.cpp ****         int srcIndex = (oldestIndex + t) % timeSteps;
 495              		.loc 1 117 22 discriminator 1 view .LVU148
 496 004a 05F13005 		add	r5, r5, #48
 497              	.LBB84:
 118:MiniCABClassifier.cpp ****         int dstIndex = startSlot + t;
 498              		.loc 1 118 13 view .LVU149
 499 004e 58BF     		it	pl
 500 0050 5942     		rsbpl	r1, r3, #0
 121:MiniCABClassifier.cpp ****     }
 501              		.loc 1 121 45 view .LVU150
 502 0052 01EB4101 		add	r1, r1, r1, lsl #1
 121:MiniCABClassifier.cpp ****     }
 503              		.loc 1 121 24 view .LVU151
 504 0056 06EB0111 		add	r1, r6, r1, lsl #4
 505 005a FFF7FEFF 		bl	_ZNK17MiniCABClassifier15FeaturesToInputERK13AudioFeaturesPf
 506              	.LVL30:
 507              	.LBE84:
 117:MiniCABClassifier.cpp ****         int srcIndex = (oldestIndex + t) % timeSteps;
 508              		.loc 1 117 5 is_stmt 1 discriminator 3 view .LVU152
 117:MiniCABClassifier.cpp ****         int srcIndex = (oldestIndex + t) % timeSteps;
 509              		.loc 1 117 22 discriminator 1 view .LVU153
 510 005e A742     		cmp	r7, r4
 511 0060 ECD1     		bne	.L21
ARM GAS  /var/folders/6_/psd2b8g56p7696hhrr4ztjs00000gn/T//ccrN3Asy.s 			page 19


 512              	.LVL31:
 513              	.L19:
 117:MiniCABClassifier.cpp ****         int srcIndex = (oldestIndex + t) % timeSteps;
 514              		.loc 1 117 22 is_stmt 0 discriminator 1 view .LVU154
 515              	.LBE85:
 123:MiniCABClassifier.cpp **** 
 516              		.loc 1 123 1 view .LVU155
 517 0062 F8BD     		pop	{r3, r4, r5, r6, r7, pc}
 123:MiniCABClassifier.cpp **** 
 518              		.loc 1 123 1 view .LVU156
 519              		.cfi_endproc
 520              	.LFE561:
 522              		.section	.text._ZNK17MiniCABClassifier23BuildSequenceWithLatestERK13AudioFeaturesPA12_f,"ax",%prog
 523              		.align	1
 524              		.p2align 2,,3
 525              		.global	_ZNK17MiniCABClassifier23BuildSequenceWithLatestERK13AudioFeaturesPA12_f
 526              		.syntax unified
 527              		.thumb
 528              		.thumb_func
 530              	_ZNK17MiniCABClassifier23BuildSequenceWithLatestERK13AudioFeaturesPA12_f:
 531              	.LVL32:
 532              	.LFB562:
 125:MiniCABClassifier.cpp ****     for(int t = 0; t < timeSteps; t++){
 533              		.loc 1 125 111 is_stmt 1 view -0
 534              		.cfi_startproc
 535              		@ args = 0, pretend = 0, frame = 0
 536              		@ frame_needed = 0, uses_anonymous_args = 0
 126:MiniCABClassifier.cpp ****         for(int j = 0; j < inputSize; j++){
 537              		.loc 1 126 5 view .LVU158
 538              	.LBB86:
 126:MiniCABClassifier.cpp ****         for(int j = 0; j < inputSize; j++){
 539              		.loc 1 126 22 discriminator 1 view .LVU159
 540              	.LBE86:
 125:MiniCABClassifier.cpp ****     for(int t = 0; t < timeSteps; t++){
 541              		.loc 1 125 111 is_stmt 0 view .LVU160
 542 0000 2DE9F047 		push	{r4, r5, r6, r7, r8, r9, r10, lr}
 543              		.cfi_def_cfa_offset 32
 544              		.cfi_offset 4, -32
 545              		.cfi_offset 5, -28
 546              		.cfi_offset 6, -24
 547              		.cfi_offset 7, -20
 548              		.cfi_offset 8, -16
 549              		.cfi_offset 9, -12
 550              		.cfi_offset 10, -8
 551              		.cfi_offset 14, -4
 125:MiniCABClassifier.cpp ****     for(int t = 0; t < timeSteps; t++){
 552              		.loc 1 125 111 view .LVU161
 553 0004 1746     		mov	r7, r2
 554 0006 0546     		mov	r5, r0
 555 0008 8A46     		mov	r10, r1
 556              	.LBB88:
 557              	.LBB87:
 128:MiniCABClassifier.cpp ****         }
 558              		.loc 1 128 23 view .LVU162
 559 000a 4FF44052 		mov	r2, #12288
 560              	.LVL33:
 128:MiniCABClassifier.cpp ****         }
ARM GAS  /var/folders/6_/psd2b8g56p7696hhrr4ztjs00000gn/T//ccrN3Asy.s 			page 20


 561              		.loc 1 128 23 view .LVU163
 562 000e 0021     		movs	r1, #0
 563              	.LVL34:
 128:MiniCABClassifier.cpp ****         }
 564              		.loc 1 128 23 view .LVU164
 565 0010 3846     		mov	r0, r7
 566              	.LVL35:
 128:MiniCABClassifier.cpp ****         }
 567              		.loc 1 128 23 view .LVU165
 568 0012 FFF7FEFF 		bl	memset
 569              	.LVL36:
 128:MiniCABClassifier.cpp ****         }
 570              		.loc 1 128 23 view .LVU166
 571              	.LBE87:
 572              	.LBE88:
 132:MiniCABClassifier.cpp **** 
 573              		.loc 1 132 5 is_stmt 1 view .LVU167
 132:MiniCABClassifier.cpp **** 
 574              		.loc 1 132 9 is_stmt 0 view .LVU168
 575 0016 05F54053 		add	r3, r5, #12288
 576 001a 5E68     		ldr	r6, [r3, #4]
 134:MiniCABClassifier.cpp ****         previousCount = timeSteps - 1;
 577              		.loc 1 134 5 is_stmt 1 view .LVU169
 578              	.LVL37:
 138:MiniCABClassifier.cpp ****     int oldestIndex = (frameIndex - previousCount + timeSteps) % timeSteps;
 579              		.loc 1 138 5 view .LVU170
 139:MiniCABClassifier.cpp **** 
 580              		.loc 1 139 5 view .LVU171
 141:MiniCABClassifier.cpp ****         int srcIndex = (oldestIndex + t) % timeSteps;
 581              		.loc 1 141 5 view .LVU172
 582              	.LBB89:
 141:MiniCABClassifier.cpp ****         int srcIndex = (oldestIndex + t) % timeSteps;
 583              		.loc 1 141 22 discriminator 1 view .LVU173
 584 001c 002E     		cmp	r6, #0
 585 001e 28DD     		ble	.L25
 586              	.LBE89:
 134:MiniCABClassifier.cpp ****         previousCount = timeSteps - 1;
 587              		.loc 1 134 5 is_stmt 0 view .LVU174
 588 0020 FF2E     		cmp	r6, #255
 139:MiniCABClassifier.cpp **** 
 589              		.loc 1 139 35 view .LVU175
 590 0022 1C68     		ldr	r4, [r3]
 591              	.LBB93:
 141:MiniCABClassifier.cpp ****         int srcIndex = (oldestIndex + t) % timeSteps;
 592              		.loc 1 141 13 view .LVU176
 593 0024 4FF00008 		mov	r8, #0
 594              	.LBE93:
 134:MiniCABClassifier.cpp ****         previousCount = timeSteps - 1;
 595              		.loc 1 134 5 view .LVU177
 596 0028 A8BF     		it	ge
 597 002a FF26     		movge	r6, #255
 598              	.LVL38:
 139:MiniCABClassifier.cpp **** 
 599              		.loc 1 139 35 view .LVU178
 600 002c A41B     		subs	r4, r4, r6
 138:MiniCABClassifier.cpp ****     int oldestIndex = (frameIndex - previousCount + timeSteps) % timeSteps;
 601              		.loc 1 138 9 view .LVU179
ARM GAS  /var/folders/6_/psd2b8g56p7696hhrr4ztjs00000gn/T//ccrN3Asy.s 			page 21


 602 002e C6F1FF09 		rsb	r9, r6, #255
 139:MiniCABClassifier.cpp **** 
 603              		.loc 1 139 51 view .LVU180
 604 0032 04F58074 		add	r4, r4, #256
 605 0036 09EB4909 		add	r9, r9, r9, lsl #1
 139:MiniCABClassifier.cpp **** 
 606              		.loc 1 139 9 view .LVU181
 607 003a 6342     		rsbs	r3, r4, #0
 608              	.LVL39:
 139:MiniCABClassifier.cpp **** 
 609              		.loc 1 139 9 view .LVU182
 610 003c 07EB0919 		add	r9, r7, r9, lsl #4
 611 0040 E4B2     		uxtb	r4, r4
 612 0042 DBB2     		uxtb	r3, r3
 613 0044 58BF     		it	pl
 614 0046 5C42     		rsbpl	r4, r3, #0
 615              	.LVL40:
 616              	.L26:
 617              	.LBB94:
 618              	.LBB90:
 142:MiniCABClassifier.cpp ****         int dstIndex = startSlot + t;
 619              		.loc 1 142 9 is_stmt 1 view .LVU183
 143:MiniCABClassifier.cpp **** 
 620              		.loc 1 143 9 view .LVU184
 145:MiniCABClassifier.cpp ****     }
 621              		.loc 1 145 9 view .LVU185
 142:MiniCABClassifier.cpp ****         int dstIndex = startSlot + t;
 622              		.loc 1 142 37 is_stmt 0 view .LVU186
 623 0048 08EB0401 		add	r1, r8, r4
 624              	.LBE90:
 141:MiniCABClassifier.cpp ****         int srcIndex = (oldestIndex + t) % timeSteps;
 625              		.loc 1 141 5 discriminator 3 view .LVU187
 626 004c 08F10108 		add	r8, r8, #1
 627              	.LVL41:
 628              	.LBB91:
 145:MiniCABClassifier.cpp ****     }
 629              		.loc 1 145 24 view .LVU188
 630 0050 4A46     		mov	r2, r9
 631 0052 2846     		mov	r0, r5
 142:MiniCABClassifier.cpp ****         int dstIndex = startSlot + t;
 632              		.loc 1 142 13 view .LVU189
 633 0054 4B42     		rsbs	r3, r1, #0
 634 0056 C9B2     		uxtb	r1, r1
 635              	.LBE91:
 141:MiniCABClassifier.cpp ****         int srcIndex = (oldestIndex + t) % timeSteps;
 636              		.loc 1 141 22 discriminator 1 view .LVU190
 637 0058 09F13009 		add	r9, r9, #48
 638              	.LBB92:
 142:MiniCABClassifier.cpp ****         int dstIndex = startSlot + t;
 639              		.loc 1 142 13 view .LVU191
 640 005c DBB2     		uxtb	r3, r3
 641 005e 58BF     		it	pl
 642 0060 5942     		rsbpl	r1, r3, #0
 145:MiniCABClassifier.cpp ****     }
 643              		.loc 1 145 45 view .LVU192
 644 0062 01EB4101 		add	r1, r1, r1, lsl #1
 145:MiniCABClassifier.cpp ****     }
ARM GAS  /var/folders/6_/psd2b8g56p7696hhrr4ztjs00000gn/T//ccrN3Asy.s 			page 22


 645              		.loc 1 145 24 view .LVU193
 646 0066 05EB0111 		add	r1, r5, r1, lsl #4
 647 006a FFF7FEFF 		bl	_ZNK17MiniCABClassifier15FeaturesToInputERK13AudioFeaturesPf
 648              	.LVL42:
 649              	.LBE92:
 141:MiniCABClassifier.cpp ****         int srcIndex = (oldestIndex + t) % timeSteps;
 650              		.loc 1 141 5 is_stmt 1 discriminator 3 view .LVU194
 141:MiniCABClassifier.cpp ****         int srcIndex = (oldestIndex + t) % timeSteps;
 651              		.loc 1 141 22 discriminator 1 view .LVU195
 652 006e B045     		cmp	r8, r6
 653 0070 EADB     		blt	.L26
 654              	.LVL43:
 655              	.L25:
 141:MiniCABClassifier.cpp ****         int srcIndex = (oldestIndex + t) % timeSteps;
 656              		.loc 1 141 22 is_stmt 0 discriminator 1 view .LVU196
 657              	.LBE94:
 148:MiniCABClassifier.cpp **** }
 658              		.loc 1 148 5 is_stmt 1 view .LVU197
 148:MiniCABClassifier.cpp **** }
 659              		.loc 1 148 20 is_stmt 0 view .LVU198
 660 0072 42F6D072 		movw	r2, #12240
 661 0076 5146     		mov	r1, r10
 662 0078 2846     		mov	r0, r5
 663 007a BA18     		adds	r2, r7, r2
 149:MiniCABClassifier.cpp **** 
 664              		.loc 1 149 1 view .LVU199
 665 007c BDE8F047 		pop	{r4, r5, r6, r7, r8, r9, r10, lr}
 666              		.cfi_restore 14
 667              		.cfi_restore 10
 668              		.cfi_restore 9
 669              		.cfi_restore 8
 670              		.cfi_restore 7
 671              		.cfi_restore 6
 672              		.cfi_restore 5
 673              		.cfi_restore 4
 674              		.cfi_def_cfa_offset 0
 675              	.LVL44:
 148:MiniCABClassifier.cpp **** }
 676              		.loc 1 148 20 view .LVU200
 677 0080 FFF7FEBF 		b	_ZNK17MiniCABClassifier15FeaturesToInputERK13AudioFeaturesPf
 678              	.LVL45:
 148:MiniCABClassifier.cpp **** }
 679              		.loc 1 148 20 view .LVU201
 680              		.cfi_endproc
 681              	.LFE562:
 683              		.section	.text._ZNK17MiniCABClassifier17ClassifierPredictEPKfPf,"ax",%progbits
 684              		.align	1
 685              		.p2align 2,,3
 686              		.global	_ZNK17MiniCABClassifier17ClassifierPredictEPKfPf
 687              		.syntax unified
 688              		.thumb
 689              		.thumb_func
 691              	_ZNK17MiniCABClassifier17ClassifierPredictEPKfPf:
 692              	.LVL46:
 693              	.LFB564:
 328:MiniCABClassifier.cpp ****     for(int k = 0; k < numClasses; k++){
 694              		.loc 1 328 110 is_stmt 1 view -0
ARM GAS  /var/folders/6_/psd2b8g56p7696hhrr4ztjs00000gn/T//ccrN3Asy.s 			page 23


 695              		.cfi_startproc
 696              		@ args = 0, pretend = 0, frame = 0
 697              		@ frame_needed = 0, uses_anonymous_args = 0
 329:MiniCABClassifier.cpp ****         float sum = classifierB[k];
 698              		.loc 1 329 5 view .LVU203
 699              	.LBB104:
 329:MiniCABClassifier.cpp ****         float sum = classifierB[k];
 700              		.loc 1 329 22 discriminator 1 view .LVU204
 701              	.LBE104:
 328:MiniCABClassifier.cpp ****     for(int k = 0; k < numClasses; k++){
 702              		.loc 1 328 110 is_stmt 0 view .LVU205
 703 0000 70B5     		push	{r4, r5, r6, lr}
 704              		.cfi_def_cfa_offset 16
 705              		.cfi_offset 4, -16
 706              		.cfi_offset 5, -12
 707              		.cfi_offset 6, -8
 708              		.cfi_offset 14, -4
 709 0002 43F2081C 		movw	ip, #12552
 710 0006 43F20844 		movw	r4, #13320
 711 000a 43F2184E 		movw	lr, #13336
 712 000e 1546     		mov	r5, r2
 713 0010 0419     		adds	r4, r0, r4
 714 0012 8444     		add	ip, r0, ip
 715 0014 8644     		add	lr, r0, lr
 716 0016 1646     		mov	r6, r2
 717 0018 2DED028B 		vpush.64	{d8}
 718              		.cfi_def_cfa_offset 24
 719              		.cfi_offset 80, -24
 720              		.cfi_offset 81, -20
 721              	.LVL47:
 722              	.L31:
 723              	.LBB108:
 724              	.LBB105:
 330:MiniCABClassifier.cpp **** 
 725              		.loc 1 330 9 is_stmt 1 view .LVU206
 330:MiniCABClassifier.cpp **** 
 726              		.loc 1 330 15 is_stmt 0 view .LVU207
 727 001c F4EC017A 		vldmia.32	r4!, {s15}
 332:MiniCABClassifier.cpp ****             sum += classifierW[k][j] * rep[j];
 728              		.loc 1 332 9 is_stmt 1 view .LVU208
 729              	.LVL48:
 730              	.LBB106:
 332:MiniCABClassifier.cpp ****             sum += classifierW[k][j] * rep[j];
 731              		.loc 1 332 26 discriminator 1 view .LVU209
 732 0020 ACF58073 		sub	r3, ip, #256
 733 0024 0846     		mov	r0, r1
 734              	.LVL49:
 735              	.L30:
 333:MiniCABClassifier.cpp ****         }
 736              		.loc 1 333 13 view .LVU210
 333:MiniCABClassifier.cpp ****         }
 737              		.loc 1 333 36 is_stmt 0 view .LVU211
 738 0026 F3EC016A 		vldmia.32	r3!, {s13}
 333:MiniCABClassifier.cpp ****         }
 739              		.loc 1 333 45 view .LVU212
 740 002a B0EC017A 		vldmia.32	r0!, {s14}
 332:MiniCABClassifier.cpp ****             sum += classifierW[k][j] * rep[j];
ARM GAS  /var/folders/6_/psd2b8g56p7696hhrr4ztjs00000gn/T//ccrN3Asy.s 			page 24


 741              		.loc 1 332 26 discriminator 1 view .LVU213
 742 002e 6345     		cmp	r3, ip
 333:MiniCABClassifier.cpp ****         }
 743              		.loc 1 333 17 view .LVU214
 744 0030 E6EE877A 		vfma.f32	s15, s13, s14
 745              	.LVL50:
 332:MiniCABClassifier.cpp ****             sum += classifierW[k][j] * rep[j];
 746              		.loc 1 332 9 is_stmt 1 discriminator 3 view .LVU215
 332:MiniCABClassifier.cpp ****             sum += classifierW[k][j] * rep[j];
 747              		.loc 1 332 26 discriminator 1 view .LVU216
 748 0034 F7D1     		bne	.L30
 749              	.LBE106:
 336:MiniCABClassifier.cpp ****     }
 750              		.loc 1 336 9 view .LVU217
 751              	.LBE105:
 329:MiniCABClassifier.cpp ****         float sum = classifierB[k];
 752              		.loc 1 329 22 is_stmt 0 discriminator 1 view .LVU218
 753 0036 7445     		cmp	r4, lr
 754 0038 03F5807C 		add	ip, r3, #256
 755              	.LBB107:
 336:MiniCABClassifier.cpp ****     }
 756              		.loc 1 336 18 view .LVU219
 757 003c E6EC017A 		vstmia.32	r6!, {s15}
 758              	.LBE107:
 329:MiniCABClassifier.cpp ****         float sum = classifierB[k];
 759              		.loc 1 329 5 is_stmt 1 discriminator 2 view .LVU220
 329:MiniCABClassifier.cpp ****         float sum = classifierB[k];
 760              		.loc 1 329 22 discriminator 1 view .LVU221
 761 0040 ECD1     		bne	.L31
 762              	.LBE108:
 339:MiniCABClassifier.cpp **** }
 763              		.loc 1 339 5 view .LVU222
 764              	.LVL51:
 765              	.LBB109:
 766              	.LBI109:
 417:MiniCABClassifier.cpp ****         return hi;
 418:MiniCABClassifier.cpp ****     }
 419:MiniCABClassifier.cpp **** 
 420:MiniCABClassifier.cpp ****     return x;
 421:MiniCABClassifier.cpp **** }
 422:MiniCABClassifier.cpp **** 
 423:MiniCABClassifier.cpp **** float MiniCABClassifier::ConvFilterValue(const float seq[timeSteps][inputSize], int filterId, int t
 424:MiniCABClassifier.cpp ****     float sum = 0.0f;
 425:MiniCABClassifier.cpp **** 
 426:MiniCABClassifier.cpp ****     for(int r = 0; r < convKernelSize; r++){
 427:MiniCABClassifier.cpp ****         int idx = t + r;
 428:MiniCABClassifier.cpp **** 
 429:MiniCABClassifier.cpp ****         switch(filterId){
 430:MiniCABClassifier.cpp ****             case 0:
 431:MiniCABClassifier.cpp ****                 sum += seq[idx][0];
 432:MiniCABClassifier.cpp ****                 break;
 433:MiniCABClassifier.cpp ****             case 1:
 434:MiniCABClassifier.cpp ****                 sum += seq[idx][1];
 435:MiniCABClassifier.cpp ****                 break;
 436:MiniCABClassifier.cpp ****             case 2:
 437:MiniCABClassifier.cpp ****                 sum += seq[idx][4];
 438:MiniCABClassifier.cpp ****                 break;
ARM GAS  /var/folders/6_/psd2b8g56p7696hhrr4ztjs00000gn/T//ccrN3Asy.s 			page 25


 439:MiniCABClassifier.cpp ****             case 3:
 440:MiniCABClassifier.cpp ****                 sum += seq[idx][6];
 441:MiniCABClassifier.cpp ****                 break;
 442:MiniCABClassifier.cpp ****             case 4:
 443:MiniCABClassifier.cpp ****                 sum += 0.60f * seq[idx][10] + 0.40f * seq[idx][5];
 444:MiniCABClassifier.cpp ****                 break;
 445:MiniCABClassifier.cpp ****             case 5:
 446:MiniCABClassifier.cpp ****                 sum += seq[idx][11];
 447:MiniCABClassifier.cpp ****                 break;
 448:MiniCABClassifier.cpp ****             case 6:
 449:MiniCABClassifier.cpp ****                 sum += seq[idx][3];
 450:MiniCABClassifier.cpp ****                 break;
 451:MiniCABClassifier.cpp ****             case 7:
 452:MiniCABClassifier.cpp ****                 if(r == convKernelSize - 1){
 453:MiniCABClassifier.cpp ****                     sum += seq[idx][6] + 0.50f * seq[idx][4] + 0.30f * seq[idx][1];
 454:MiniCABClassifier.cpp ****                 }
 455:MiniCABClassifier.cpp ****                 else if(r == 0){
 456:MiniCABClassifier.cpp ****                     sum -= seq[idx][6] + 0.50f * seq[idx][4] + 0.30f * seq[idx][1];
 457:MiniCABClassifier.cpp ****                 }
 458:MiniCABClassifier.cpp ****                 break;
 459:MiniCABClassifier.cpp ****             default:
 460:MiniCABClassifier.cpp ****                 break;
 461:MiniCABClassifier.cpp ****         }
 462:MiniCABClassifier.cpp ****     }
 463:MiniCABClassifier.cpp **** 
 464:MiniCABClassifier.cpp ****     if(filterId != 7){
 465:MiniCABClassifier.cpp ****         sum /= (float)convKernelSize;
 466:MiniCABClassifier.cpp ****     }
 467:MiniCABClassifier.cpp **** 
 468:MiniCABClassifier.cpp ****     return sum;
 469:MiniCABClassifier.cpp **** }
 470:MiniCABClassifier.cpp **** 
 471:MiniCABClassifier.cpp **** float MiniCABClassifier::EventAttentionLogit(const float input[inputSize]) const{
 472:MiniCABClassifier.cpp ****     float level = 0.35f * fabsf(input[0]) + 0.25f * fabsf(input[1]) + 0.25f * fabsf(input[6]);
 473:MiniCABClassifier.cpp ****     float movement = 0.70f * fabsf(input[4]) + 0.35f * fabsf(input[5]) + 0.35f * fabsf(input[7]) + 
 474:MiniCABClassifier.cpp ****     float logit = -1.0f + level + movement;
 475:MiniCABClassifier.cpp **** 
 476:MiniCABClassifier.cpp ****     return ClipValue(logit, -8.0f, 8.0f);
 477:MiniCABClassifier.cpp **** }
 478:MiniCABClassifier.cpp **** 
 479:MiniCABClassifier.cpp **** float MiniCABClassifier::GapAttentionLogit(const float input[inputSize]) const{
 480:MiniCABClassifier.cpp ****     float quietness = -0.25f * fabsf(input[0]) - 0.20f * fabsf(input[1]) - 0.15f * fabsf(input[4]);
 481:MiniCABClassifier.cpp ****     float logit = 0.85f * input[11] + quietness;
 482:MiniCABClassifier.cpp **** 
 483:MiniCABClassifier.cpp ****     return ClipValue(logit, -8.0f, 8.0f);
 484:MiniCABClassifier.cpp **** }
 485:MiniCABClassifier.cpp **** 
 486:MiniCABClassifier.cpp **** void MiniCABClassifier::Softmax(float* values, int n) const{
 767              		.loc 1 486 6 view .LVU223
 768              	.LBB110:
 487:MiniCABClassifier.cpp ****     float maxVal = values[0];
 769              		.loc 1 487 5 view .LVU224
 770              		.loc 1 487 11 is_stmt 0 view .LVU225
 771 0042 D2ED006A 		vldr.32	s13, [r2]
 488:MiniCABClassifier.cpp **** 
 489:MiniCABClassifier.cpp ****     for(int i = 1; i < n; i++){
 772              		.loc 1 489 5 is_stmt 1 view .LVU226
ARM GAS  /var/folders/6_/psd2b8g56p7696hhrr4ztjs00000gn/T//ccrN3Asy.s 			page 26


 773              	.LVL52:
 774              	.LBB111:
 775              		.loc 1 489 22 discriminator 1 view .LVU227
 490:MiniCABClassifier.cpp ****         if(values[i] > maxVal){
 776              		.loc 1 490 9 view .LVU228
 777 0046 02F11006 		add	r6, r2, #16
 778              		.loc 1 490 20 is_stmt 0 view .LVU229
 779 004a 92ED017A 		vldr.32	s14, [r2, #4]
 780 004e 1446     		mov	r4, r2
 781 0050 D2ED027A 		vldr.32	s15, [r2, #8]
 782              	.LVL53:
 783              		.loc 1 490 20 view .LVU230
 784 0054 B4EEE67A 		vcmpe.f32	s14, s13
 785 0058 D2ED038A 		vldr.32	s17, [r2, #12]
 786              	.LBE111:
 491:MiniCABClassifier.cpp ****             maxVal = values[i];
 492:MiniCABClassifier.cpp ****         }
 493:MiniCABClassifier.cpp ****     }
 494:MiniCABClassifier.cpp **** 
 495:MiniCABClassifier.cpp ****     float sum = 0.0f;
 787              		.loc 1 495 11 view .LVU231
 788 005c 9FED168A 		vldr.32	s16, .L41
 789 0060 F1EE10FA 		vmrs	APSR_nzcv, FPSCR
 790 0064 37FE267A 		vselgt.f32	s14, s14, s13
 791              	.LBB112:
 489:MiniCABClassifier.cpp ****         if(values[i] > maxVal){
 792              		.loc 1 489 5 is_stmt 1 discriminator 2 view .LVU232
 793              	.LVL54:
 489:MiniCABClassifier.cpp ****         if(values[i] > maxVal){
 794              		.loc 1 489 22 discriminator 1 view .LVU233
 490:MiniCABClassifier.cpp ****         if(values[i] > maxVal){
 795              		.loc 1 490 9 view .LVU234
 796 0068 F4EEC77A 		vcmpe.f32	s15, s14
 797 006c F1EE10FA 		vmrs	APSR_nzcv, FPSCR
 798 0070 77FE877A 		vselgt.f32	s15, s15, s14
 489:MiniCABClassifier.cpp ****         if(values[i] > maxVal){
 799              		.loc 1 489 5 discriminator 2 view .LVU235
 800              	.LVL55:
 489:MiniCABClassifier.cpp ****         if(values[i] > maxVal){
 801              		.loc 1 489 22 discriminator 1 view .LVU236
 490:MiniCABClassifier.cpp ****         if(values[i] > maxVal){
 802              		.loc 1 490 9 view .LVU237
 803 0074 F4EEE78A 		vcmpe.f32	s17, s15
 804 0078 F1EE10FA 		vmrs	APSR_nzcv, FPSCR
 805 007c 78FEA78A 		vselgt.f32	s17, s17, s15
 489:MiniCABClassifier.cpp ****         if(values[i] > maxVal){
 806              		.loc 1 489 5 discriminator 2 view .LVU238
 807              	.LVL56:
 489:MiniCABClassifier.cpp ****         if(values[i] > maxVal){
 808              		.loc 1 489 22 discriminator 1 view .LVU239
 489:MiniCABClassifier.cpp ****         if(values[i] > maxVal){
 809              		.loc 1 489 22 is_stmt 0 discriminator 1 view .LVU240
 810              	.LBE112:
 811              	.LBB113:
 496:MiniCABClassifier.cpp **** 
 497:MiniCABClassifier.cpp ****     for(int i = 0; i < n; i++){
 812              		.loc 1 497 22 is_stmt 1 discriminator 1 view .LVU241
ARM GAS  /var/folders/6_/psd2b8g56p7696hhrr4ztjs00000gn/T//ccrN3Asy.s 			page 27


 813              	.L32:
 498:MiniCABClassifier.cpp ****         values[i] = expf(values[i] - maxVal);
 814              		.loc 1 498 9 view .LVU242
 815              		.loc 1 498 34 is_stmt 0 view .LVU243
 816 0080 94ED000A 		vldr.32	s0, [r4]
 817              		.loc 1 498 25 view .LVU244
 818 0084 30EE680A 		vsub.f32	s0, s0, s17
 819 0088 FFF7FEFF 		bl	expf
 820              	.LVL57:
 821              		.loc 1 498 19 discriminator 1 view .LVU245
 822 008c A4EC010A 		vstmia.32	r4!, {s0}
 499:MiniCABClassifier.cpp ****         sum += values[i];
 823              		.loc 1 499 9 is_stmt 1 view .LVU246
 497:MiniCABClassifier.cpp ****         values[i] = expf(values[i] - maxVal);
 824              		.loc 1 497 22 is_stmt 0 discriminator 1 view .LVU247
 825 0090 A642     		cmp	r6, r4
 826              		.loc 1 499 13 view .LVU248
 827 0092 38EE008A 		vadd.f32	s16, s16, s0
 828              	.LVL58:
 497:MiniCABClassifier.cpp ****         values[i] = expf(values[i] - maxVal);
 829              		.loc 1 497 5 is_stmt 1 discriminator 3 view .LVU249
 497:MiniCABClassifier.cpp ****         values[i] = expf(values[i] - maxVal);
 830              		.loc 1 497 22 discriminator 1 view .LVU250
 831 0096 F3D1     		bne	.L32
 832              	.LBE113:
 500:MiniCABClassifier.cpp ****     }
 501:MiniCABClassifier.cpp **** 
 502:MiniCABClassifier.cpp ****     if(sum > 0.0f){
 833              		.loc 1 502 5 view .LVU251
 834              	.LBB114:
 835 0098 B5EEC08A 		vcmpe.f32	s16, #0
 836 009c F1EE10FA 		vmrs	APSR_nzcv, FPSCR
 837 00a0 07DD     		ble	.L29
 838              	.LVL59:
 839              	.L35:
 840              	.LBB115:
 503:MiniCABClassifier.cpp ****         for(int i = 0; i < n; i++){
 504:MiniCABClassifier.cpp ****             values[i] /= sum;
 841              		.loc 1 504 13 view .LVU252
 842              		.loc 1 504 21 is_stmt 0 view .LVU253
 843 00a2 95ED007A 		vldr.32	s14, [r5]
 844              		.loc 1 504 23 view .LVU254
 845 00a6 C7EE087A 		vdiv.f32	s15, s14, s16
 846 00aa E5EC017A 		vstmia.32	r5!, {s15}
 503:MiniCABClassifier.cpp ****         for(int i = 0; i < n; i++){
 847              		.loc 1 503 9 is_stmt 1 discriminator 3 view .LVU255
 503:MiniCABClassifier.cpp ****         for(int i = 0; i < n; i++){
 848              		.loc 1 503 26 discriminator 1 view .LVU256
 849 00ae AE42     		cmp	r6, r5
 850 00b0 F7D1     		bne	.L35
 851              	.L29:
 503:MiniCABClassifier.cpp ****         for(int i = 0; i < n; i++){
 852              		.loc 1 503 26 is_stmt 0 discriminator 1 view .LVU257
 853              	.LBE115:
 854              	.LBE114:
 855              	.LBE110:
 856              	.LBE109:
ARM GAS  /var/folders/6_/psd2b8g56p7696hhrr4ztjs00000gn/T//ccrN3Asy.s 			page 28


 340:MiniCABClassifier.cpp **** 
 857              		.loc 1 340 1 view .LVU258
 858 00b2 BDEC028B 		vldm	sp!, {d8}
 859              		.cfi_restore 80
 860              		.cfi_restore 81
 861              		.cfi_def_cfa_offset 16
 862              	.LVL60:
 340:MiniCABClassifier.cpp **** 
 863              		.loc 1 340 1 view .LVU259
 864 00b6 70BD     		pop	{r4, r5, r6, pc}
 865              	.LVL61:
 866              	.L42:
 340:MiniCABClassifier.cpp **** 
 867              		.loc 1 340 1 view .LVU260
 868              		.align	2
 869              	.L41:
 870 00b8 00000000 		.word	0
 871              		.cfi_endproc
 872              	.LFE564:
 874              		.section	.text._ZN17MiniCABClassifier16SetNormalisationEPKfS1_,"ax",%progbits
 875              		.align	1
 876              		.p2align 2,,3
 877              		.global	_ZN17MiniCABClassifier16SetNormalisationEPKfS1_
 878              		.syntax unified
 879              		.thumb
 880              		.thumb_func
 882              	_ZN17MiniCABClassifier16SetNormalisationEPKfS1_:
 883              	.LVL62:
 884              	.LFB568:
 402:MiniCABClassifier.cpp ****     for(int i = 0; i < inputSize; i++){
 885              		.loc 1 402 98 is_stmt 1 view -0
 886              		.cfi_startproc
 887              		@ args = 0, pretend = 0, frame = 0
 888              		@ frame_needed = 0, uses_anonymous_args = 0
 403:MiniCABClassifier.cpp ****         normMean[i] = mean[i];
 889              		.loc 1 403 5 view .LVU262
 890              	.LBB116:
 403:MiniCABClassifier.cpp ****         normMean[i] = mean[i];
 891              		.loc 1 403 22 discriminator 1 view .LVU263
 892 0000 43F21843 		movw	r3, #13336
 893              	.LBE116:
 402:MiniCABClassifier.cpp ****     for(int i = 0; i < inputSize; i++){
 894              		.loc 1 402 98 is_stmt 0 view .LVU264
 895 0004 00B5     		push	{lr}
 896              		.cfi_def_cfa_offset 4
 897              		.cfi_offset 14, -4
 898 0006 C318     		adds	r3, r0, r3
 899 0008 01F1300E 		add	lr, r1, #48
 900              	.LVL63:
 901              	.L45:
 902              	.LBB117:
 404:MiniCABClassifier.cpp ****         normStd[i] = (std[i] < 1e-6f) ? 1.0f : std[i];
 903              		.loc 1 404 9 is_stmt 1 view .LVU265
 404:MiniCABClassifier.cpp ****         normStd[i] = (std[i] < 1e-6f) ? 1.0f : std[i];
 904              		.loc 1 404 29 is_stmt 0 view .LVU266
 905 000c 51F804CB 		ldr	ip, [r1], #4	@ float
 405:MiniCABClassifier.cpp ****     }
ARM GAS  /var/folders/6_/psd2b8g56p7696hhrr4ztjs00000gn/T//ccrN3Asy.s 			page 29


 906              		.loc 1 405 39 view .LVU267
 907 0010 9FED0B7A 		vldr.32	s14, .L49
 404:MiniCABClassifier.cpp ****         normStd[i] = (std[i] < 1e-6f) ? 1.0f : std[i];
 908              		.loc 1 404 21 view .LVU268
 909 0014 43F804CB 		str	ip, [r3], #4	@ float
 405:MiniCABClassifier.cpp ****     }
 910              		.loc 1 405 9 is_stmt 1 view .LVU269
 405:MiniCABClassifier.cpp ****     }
 911              		.loc 1 405 28 is_stmt 0 view .LVU270
 912 0018 F2EC017A 		vldmia.32	r2!, {s15}
 405:MiniCABClassifier.cpp ****     }
 913              		.loc 1 405 39 view .LVU271
 914 001c F4EEC77A 		vcmpe.f32	s15, s14
 915 0020 F1EE10FA 		vmrs	APSR_nzcv, FPSCR
 916 0024 01D5     		bpl	.L44
 405:MiniCABClassifier.cpp ****     }
 917              		.loc 1 405 39 discriminator 1 view .LVU272
 918 0026 F7EE007A 		vmov.f32	s15, #1.0e+0
 919              	.L44:
 403:MiniCABClassifier.cpp ****         normMean[i] = mean[i];
 920              		.loc 1 403 22 discriminator 1 view .LVU273
 921 002a 7145     		cmp	r1, lr
 405:MiniCABClassifier.cpp ****     }
 922              		.loc 1 405 20 discriminator 4 view .LVU274
 923 002c C3ED0B7A 		vstr.32	s15, [r3, #44]
 403:MiniCABClassifier.cpp ****         normMean[i] = mean[i];
 924              		.loc 1 403 5 is_stmt 1 discriminator 2 view .LVU275
 403:MiniCABClassifier.cpp ****         normMean[i] = mean[i];
 925              		.loc 1 403 22 discriminator 1 view .LVU276
 926 0030 ECD1     		bne	.L45
 927              	.LBE117:
 408:MiniCABClassifier.cpp **** }
 928              		.loc 1 408 5 view .LVU277
 408:MiniCABClassifier.cpp **** }
 929              		.loc 1 408 22 is_stmt 0 view .LVU278
 930 0032 00F54050 		add	r0, r0, #12288
 931              	.LVL64:
 408:MiniCABClassifier.cpp **** }
 932              		.loc 1 408 22 view .LVU279
 933 0036 0123     		movs	r3, #1
 934 0038 80F87834 		strb	r3, [r0, #1144]
 409:MiniCABClassifier.cpp **** 
 935              		.loc 1 409 1 view .LVU280
 936 003c 00BD     		pop	{pc}
 937              	.L50:
 938 003e 00BF     		.align	2
 939              	.L49:
 940 0040 BD378635 		.word	897988541
 941              		.cfi_endproc
 942              	.LFE568:
 944              		.section	.text._ZNK17MiniCABClassifier9ClipValueEfff,"ax",%progbits
 945              		.align	1
 946              		.p2align 2,,3
 947              		.global	_ZNK17MiniCABClassifier9ClipValueEfff
 948              		.syntax unified
 949              		.thumb
 950              		.thumb_func
ARM GAS  /var/folders/6_/psd2b8g56p7696hhrr4ztjs00000gn/T//ccrN3Asy.s 			page 30


 952              	_ZNK17MiniCABClassifier9ClipValueEfff:
 953              	.LVL65:
 954              	.LFB569:
 411:MiniCABClassifier.cpp ****     if(x < lo){
 955              		.loc 1 411 70 is_stmt 1 view -0
 956              		.cfi_startproc
 957              		@ args = 0, pretend = 0, frame = 0
 958              		@ frame_needed = 0, uses_anonymous_args = 0
 959              		@ link register save eliminated.
 412:MiniCABClassifier.cpp ****         return lo;
 960              		.loc 1 412 5 view .LVU282
 961 0000 B4EEE00A 		vcmpe.f32	s0, s1
 962 0004 F1EE10FA 		vmrs	APSR_nzcv, FPSCR
 963 0008 06D4     		bmi	.L53
 416:MiniCABClassifier.cpp ****         return hi;
 964              		.loc 1 416 5 view .LVU283
 965 000a B4EEC10A 		vcmpe.f32	s0, s2
 966 000e F1EE10FA 		vmrs	APSR_nzcv, FPSCR
 967 0012 31FE000A 		vselgt.f32	s0, s2, s0
 968              	.LVL66:
 416:MiniCABClassifier.cpp ****         return hi;
 969              		.loc 1 416 5 is_stmt 0 view .LVU284
 970 0016 7047     		bx	lr
 971              	.LVL67:
 972              	.L53:
 413:MiniCABClassifier.cpp ****     }
 973              		.loc 1 413 16 view .LVU285
 974 0018 B0EE600A 		vmov.f32	s0, s1
 975              	.LVL68:
 421:MiniCABClassifier.cpp **** 
 976              		.loc 1 421 1 view .LVU286
 977 001c 7047     		bx	lr
 978              		.cfi_endproc
 979              	.LFE569:
 981 001e 00BF     		.section	.text._ZNK17MiniCABClassifier15ConvFilterValueEPA12_Kfii,"ax",%progbits
 982              		.align	1
 983              		.p2align 2,,3
 984              		.global	_ZNK17MiniCABClassifier15ConvFilterValueEPA12_Kfii
 985              		.syntax unified
 986              		.thumb
 987              		.thumb_func
 989              	_ZNK17MiniCABClassifier15ConvFilterValueEPA12_Kfii:
 990              	.LVL69:
 991              	.LFB570:
 423:MiniCABClassifier.cpp ****     float sum = 0.0f;
 992              		.loc 1 423 107 is_stmt 1 view -0
 993              		.cfi_startproc
 994              		@ args = 0, pretend = 0, frame = 0
 995              		@ frame_needed = 0, uses_anonymous_args = 0
 996              		@ link register save eliminated.
 424:MiniCABClassifier.cpp **** 
 997              		.loc 1 424 5 view .LVU288
 426:MiniCABClassifier.cpp ****         int idx = t + r;
 998              		.loc 1 426 5 view .LVU289
 999              	.LBB118:
 426:MiniCABClassifier.cpp ****         int idx = t + r;
 1000              		.loc 1 426 22 discriminator 1 view .LVU290
ARM GAS  /var/folders/6_/psd2b8g56p7696hhrr4ztjs00000gn/T//ccrN3Asy.s 			page 31


 1001 0000 03EB4300 		add	r0, r3, r3, lsl #1
 1002              	.LVL70:
 426:MiniCABClassifier.cpp ****         int idx = t + r;
 1003              		.loc 1 426 22 is_stmt 0 discriminator 1 view .LVU291
 1004 0004 01EB0010 		add	r0, r1, r0, lsl #4
 1005              	.LBB119:
 427:MiniCABClassifier.cpp **** 
 1006              		.loc 1 427 9 is_stmt 1 view .LVU292
 1007              	.LVL71:
 429:MiniCABClassifier.cpp ****             case 0:
 1008              		.loc 1 429 9 view .LVU293
 1009 0008 072A     		cmp	r2, #7
 1010 000a 00F2DF80 		bhi	.L69
 1011 000e DFE802F0 		tbb	[pc, r2]
 1012              	.L57:
 1013 0012 CC       		.byte	(.L70-.L57)/2
 1014 0013 1A       		.byte	(.L71-.L57)/2
 1015 0014 6C       		.byte	(.L72-.L57)/2
 1016 0015 30       		.byte	(.L73-.L57)/2
 1017 0016 46       		.byte	(.L74-.L57)/2
 1018 0017 04       		.byte	(.L75-.L57)/2
 1019 0018 B6       		.byte	(.L76-.L57)/2
 1020 0019 82       		.byte	(.L77-.L57)/2
 1021              		.p2align 1
 1022              	.L75:
 1023 001a 0023     		movs	r3, #0
 1024              	.LVL72:
 429:MiniCABClassifier.cpp ****             case 0:
 1025              		.loc 1 429 9 is_stmt 0 view .LVU294
 1026 001c DFED6D7A 		vldr.32	s15, .L113
 1027 0020 04E0     		b	.L59
 1028              	.LVL73:
 1029              	.L105:
 446:MiniCABClassifier.cpp ****                 break;
 1030              		.loc 1 446 21 view .LVU295
 1031 0022 90ED177A 		vldr.32	s14, [r0, #92]
 1032              	.LBE119:
 426:MiniCABClassifier.cpp ****         int idx = t + r;
 1033              		.loc 1 426 22 discriminator 1 view .LVU296
 1034 0026 6030     		adds	r0, r0, #96
 1035              	.LBB120:
 446:MiniCABClassifier.cpp ****                 break;
 1036              		.loc 1 446 21 view .LVU297
 1037 0028 77EE877A 		vadd.f32	s15, s15, s14
 1038              	.LVL74:
 447:MiniCABClassifier.cpp ****             case 6:
 1039              		.loc 1 447 17 is_stmt 1 view .LVU298
 447:MiniCABClassifier.cpp ****             case 6:
 1040              		.loc 1 447 17 is_stmt 0 view .LVU299
 1041              	.LBE120:
 426:MiniCABClassifier.cpp ****         int idx = t + r;
 1042              		.loc 1 426 5 is_stmt 1 discriminator 2 view .LVU300
 426:MiniCABClassifier.cpp ****         int idx = t + r;
 1043              		.loc 1 426 22 discriminator 1 view .LVU301
 1044              	.LBB121:
 427:MiniCABClassifier.cpp **** 
 1045              		.loc 1 427 9 view .LVU302
ARM GAS  /var/folders/6_/psd2b8g56p7696hhrr4ztjs00000gn/T//ccrN3Asy.s 			page 32


 429:MiniCABClassifier.cpp ****             case 0:
 1046              		.loc 1 429 9 view .LVU303
 1047              	.L59:
 445:MiniCABClassifier.cpp ****                 sum += seq[idx][11];
 1048              		.loc 1 445 13 view .LVU304
 446:MiniCABClassifier.cpp ****                 break;
 1049              		.loc 1 446 17 view .LVU305
 446:MiniCABClassifier.cpp ****                 break;
 1050              		.loc 1 446 21 is_stmt 0 view .LVU306
 1051 002c 90ED0B7A 		vldr.32	s14, [r0, #44]
 1052              	.LBE121:
 426:MiniCABClassifier.cpp ****         int idx = t + r;
 1053              		.loc 1 426 22 discriminator 1 view .LVU307
 1054 0030 042B     		cmp	r3, #4
 426:MiniCABClassifier.cpp ****         int idx = t + r;
 1055              		.loc 1 426 5 discriminator 2 view .LVU308
 1056 0032 03F10203 		add	r3, r3, #2
 1057              	.LBB122:
 446:MiniCABClassifier.cpp ****                 break;
 1058              		.loc 1 446 21 view .LVU309
 1059 0036 77EE877A 		vadd.f32	s15, s15, s14
 447:MiniCABClassifier.cpp ****             case 6:
 1060              		.loc 1 447 17 is_stmt 1 view .LVU310
 1061              	.LVL75:
 447:MiniCABClassifier.cpp ****             case 6:
 1062              		.loc 1 447 17 is_stmt 0 view .LVU311
 1063              	.LBE122:
 426:MiniCABClassifier.cpp ****         int idx = t + r;
 1064              		.loc 1 426 5 is_stmt 1 discriminator 2 view .LVU312
 426:MiniCABClassifier.cpp ****         int idx = t + r;
 1065              		.loc 1 426 22 discriminator 1 view .LVU313
 1066              	.LBB123:
 427:MiniCABClassifier.cpp **** 
 1067              		.loc 1 427 9 view .LVU314
 429:MiniCABClassifier.cpp ****             case 0:
 1068              		.loc 1 429 9 view .LVU315
 445:MiniCABClassifier.cpp ****                 sum += seq[idx][11];
 1069              		.loc 1 445 13 view .LVU316
 446:MiniCABClassifier.cpp ****                 break;
 1070              		.loc 1 446 17 view .LVU317
 1071              	.LBE123:
 426:MiniCABClassifier.cpp ****         int idx = t + r;
 1072              		.loc 1 426 22 is_stmt 0 discriminator 1 view .LVU318
 1073 003a F2D1     		bne	.L105
 1074              	.LVL76:
 1075              	.L55:
 426:MiniCABClassifier.cpp ****         int idx = t + r;
 1076              		.loc 1 426 22 discriminator 1 view .LVU319
 1077              	.LBE118:
 464:MiniCABClassifier.cpp ****         sum /= (float)convKernelSize;
 1078              		.loc 1 464 5 is_stmt 1 view .LVU320
 465:MiniCABClassifier.cpp ****     }
 1079              		.loc 1 465 9 view .LVU321
 465:MiniCABClassifier.cpp ****     }
 1080              		.loc 1 465 13 is_stmt 0 view .LVU322
 1081 003c B1EE047A 		vmov.f32	s14, #5.0e+0
 1082 0040 87EE870A 		vdiv.f32	s0, s15, s14
ARM GAS  /var/folders/6_/psd2b8g56p7696hhrr4ztjs00000gn/T//ccrN3Asy.s 			page 33


 1083              	.LVL77:
 469:MiniCABClassifier.cpp **** 
 1084              		.loc 1 469 1 view .LVU323
 1085 0044 7047     		bx	lr
 1086              	.LVL78:
 1087              	.L71:
 1088              	.LBB161:
 1089              	.LBB124:
 429:MiniCABClassifier.cpp ****             case 0:
 1090              		.loc 1 429 9 view .LVU324
 1091 0046 0023     		movs	r3, #0
 1092              	.LVL79:
 429:MiniCABClassifier.cpp ****             case 0:
 1093              		.loc 1 429 9 view .LVU325
 1094 0048 DFED627A 		vldr.32	s15, .L113
 1095 004c 04E0     		b	.L63
 1096              	.LVL80:
 1097              	.L106:
 434:MiniCABClassifier.cpp ****                 break;
 1098              		.loc 1 434 21 view .LVU326
 1099 004e 90ED0D7A 		vldr.32	s14, [r0, #52]
 1100              	.LBE124:
 426:MiniCABClassifier.cpp ****         int idx = t + r;
 1101              		.loc 1 426 22 discriminator 1 view .LVU327
 1102 0052 6030     		adds	r0, r0, #96
 1103              	.LBB125:
 434:MiniCABClassifier.cpp ****                 break;
 1104              		.loc 1 434 21 view .LVU328
 1105 0054 77EE877A 		vadd.f32	s15, s15, s14
 1106              	.LVL81:
 435:MiniCABClassifier.cpp ****             case 2:
 1107              		.loc 1 435 17 is_stmt 1 view .LVU329
 435:MiniCABClassifier.cpp ****             case 2:
 1108              		.loc 1 435 17 is_stmt 0 view .LVU330
 1109              	.LBE125:
 426:MiniCABClassifier.cpp ****         int idx = t + r;
 1110              		.loc 1 426 5 is_stmt 1 discriminator 2 view .LVU331
 426:MiniCABClassifier.cpp ****         int idx = t + r;
 1111              		.loc 1 426 22 discriminator 1 view .LVU332
 1112              	.LBB126:
 427:MiniCABClassifier.cpp **** 
 1113              		.loc 1 427 9 view .LVU333
 429:MiniCABClassifier.cpp ****             case 0:
 1114              		.loc 1 429 9 view .LVU334
 1115              	.L63:
 433:MiniCABClassifier.cpp ****                 sum += seq[idx][1];
 1116              		.loc 1 433 13 view .LVU335
 434:MiniCABClassifier.cpp ****                 break;
 1117              		.loc 1 434 17 view .LVU336
 434:MiniCABClassifier.cpp ****                 break;
 1118              		.loc 1 434 21 is_stmt 0 view .LVU337
 1119 0058 90ED017A 		vldr.32	s14, [r0, #4]
 1120              	.LBE126:
 426:MiniCABClassifier.cpp ****         int idx = t + r;
 1121              		.loc 1 426 22 discriminator 1 view .LVU338
 1122 005c 042B     		cmp	r3, #4
 426:MiniCABClassifier.cpp ****         int idx = t + r;
ARM GAS  /var/folders/6_/psd2b8g56p7696hhrr4ztjs00000gn/T//ccrN3Asy.s 			page 34


 1123              		.loc 1 426 5 discriminator 2 view .LVU339
 1124 005e 03F10203 		add	r3, r3, #2
 1125              	.LBB127:
 434:MiniCABClassifier.cpp ****                 break;
 1126              		.loc 1 434 21 view .LVU340
 1127 0062 77EE877A 		vadd.f32	s15, s15, s14
 435:MiniCABClassifier.cpp ****             case 2:
 1128              		.loc 1 435 17 is_stmt 1 view .LVU341
 1129              	.LVL82:
 435:MiniCABClassifier.cpp ****             case 2:
 1130              		.loc 1 435 17 is_stmt 0 view .LVU342
 1131              	.LBE127:
 426:MiniCABClassifier.cpp ****         int idx = t + r;
 1132              		.loc 1 426 5 is_stmt 1 discriminator 2 view .LVU343
 426:MiniCABClassifier.cpp ****         int idx = t + r;
 1133              		.loc 1 426 22 discriminator 1 view .LVU344
 1134              	.LBB128:
 427:MiniCABClassifier.cpp **** 
 1135              		.loc 1 427 9 view .LVU345
 429:MiniCABClassifier.cpp ****             case 0:
 1136              		.loc 1 429 9 view .LVU346
 433:MiniCABClassifier.cpp ****                 sum += seq[idx][1];
 1137              		.loc 1 433 13 view .LVU347
 434:MiniCABClassifier.cpp ****                 break;
 1138              		.loc 1 434 17 view .LVU348
 1139              	.LBE128:
 426:MiniCABClassifier.cpp ****         int idx = t + r;
 1140              		.loc 1 426 22 is_stmt 0 discriminator 1 view .LVU349
 1141 0066 F2D1     		bne	.L106
 1142              	.LVL83:
 426:MiniCABClassifier.cpp ****         int idx = t + r;
 1143              		.loc 1 426 22 discriminator 1 view .LVU350
 1144              	.LBE161:
 464:MiniCABClassifier.cpp ****         sum /= (float)convKernelSize;
 1145              		.loc 1 464 5 is_stmt 1 view .LVU351
 465:MiniCABClassifier.cpp ****     }
 1146              		.loc 1 465 9 view .LVU352
 465:MiniCABClassifier.cpp ****     }
 1147              		.loc 1 465 13 is_stmt 0 view .LVU353
 1148 0068 B1EE047A 		vmov.f32	s14, #5.0e+0
 1149 006c 87EE870A 		vdiv.f32	s0, s15, s14
 1150              	.LVL84:
 469:MiniCABClassifier.cpp **** 
 1151              		.loc 1 469 1 view .LVU354
 1152 0070 7047     		bx	lr
 1153              	.LVL85:
 1154              	.L73:
 1155              	.LBB162:
 1156              	.LBB129:
 429:MiniCABClassifier.cpp ****             case 0:
 1157              		.loc 1 429 9 view .LVU355
 1158 0072 0023     		movs	r3, #0
 1159              	.LVL86:
 429:MiniCABClassifier.cpp ****             case 0:
 1160              		.loc 1 429 9 view .LVU356
 1161 0074 DFED577A 		vldr.32	s15, .L113
 1162 0078 04E0     		b	.L61
ARM GAS  /var/folders/6_/psd2b8g56p7696hhrr4ztjs00000gn/T//ccrN3Asy.s 			page 35


 1163              	.LVL87:
 1164              	.L107:
 440:MiniCABClassifier.cpp ****                 break;
 1165              		.loc 1 440 21 view .LVU357
 1166 007a 90ED127A 		vldr.32	s14, [r0, #72]
 1167              	.LBE129:
 426:MiniCABClassifier.cpp ****         int idx = t + r;
 1168              		.loc 1 426 22 discriminator 1 view .LVU358
 1169 007e 6030     		adds	r0, r0, #96
 1170              	.LBB130:
 440:MiniCABClassifier.cpp ****                 break;
 1171              		.loc 1 440 21 view .LVU359
 1172 0080 77EE877A 		vadd.f32	s15, s15, s14
 1173              	.LVL88:
 441:MiniCABClassifier.cpp ****             case 4:
 1174              		.loc 1 441 17 is_stmt 1 view .LVU360
 441:MiniCABClassifier.cpp ****             case 4:
 1175              		.loc 1 441 17 is_stmt 0 view .LVU361
 1176              	.LBE130:
 426:MiniCABClassifier.cpp ****         int idx = t + r;
 1177              		.loc 1 426 5 is_stmt 1 discriminator 2 view .LVU362
 426:MiniCABClassifier.cpp ****         int idx = t + r;
 1178              		.loc 1 426 22 discriminator 1 view .LVU363
 1179              	.LBB131:
 427:MiniCABClassifier.cpp **** 
 1180              		.loc 1 427 9 view .LVU364
 429:MiniCABClassifier.cpp ****             case 0:
 1181              		.loc 1 429 9 view .LVU365
 1182              	.L61:
 439:MiniCABClassifier.cpp ****                 sum += seq[idx][6];
 1183              		.loc 1 439 13 view .LVU366
 440:MiniCABClassifier.cpp ****                 break;
 1184              		.loc 1 440 17 view .LVU367
 440:MiniCABClassifier.cpp ****                 break;
 1185              		.loc 1 440 21 is_stmt 0 view .LVU368
 1186 0084 90ED067A 		vldr.32	s14, [r0, #24]
 1187              	.LBE131:
 426:MiniCABClassifier.cpp ****         int idx = t + r;
 1188              		.loc 1 426 22 discriminator 1 view .LVU369
 1189 0088 042B     		cmp	r3, #4
 426:MiniCABClassifier.cpp ****         int idx = t + r;
 1190              		.loc 1 426 5 discriminator 2 view .LVU370
 1191 008a 03F10203 		add	r3, r3, #2
 1192              	.LBB132:
 440:MiniCABClassifier.cpp ****                 break;
 1193              		.loc 1 440 21 view .LVU371
 1194 008e 77EE877A 		vadd.f32	s15, s15, s14
 441:MiniCABClassifier.cpp ****             case 4:
 1195              		.loc 1 441 17 is_stmt 1 view .LVU372
 1196              	.LVL89:
 441:MiniCABClassifier.cpp ****             case 4:
 1197              		.loc 1 441 17 is_stmt 0 view .LVU373
 1198              	.LBE132:
 426:MiniCABClassifier.cpp ****         int idx = t + r;
 1199              		.loc 1 426 5 is_stmt 1 discriminator 2 view .LVU374
 426:MiniCABClassifier.cpp ****         int idx = t + r;
 1200              		.loc 1 426 22 discriminator 1 view .LVU375
ARM GAS  /var/folders/6_/psd2b8g56p7696hhrr4ztjs00000gn/T//ccrN3Asy.s 			page 36


 1201              	.LBB133:
 427:MiniCABClassifier.cpp **** 
 1202              		.loc 1 427 9 view .LVU376
 429:MiniCABClassifier.cpp ****             case 0:
 1203              		.loc 1 429 9 view .LVU377
 439:MiniCABClassifier.cpp ****                 sum += seq[idx][6];
 1204              		.loc 1 439 13 view .LVU378
 440:MiniCABClassifier.cpp ****                 break;
 1205              		.loc 1 440 17 view .LVU379
 1206              	.LBE133:
 426:MiniCABClassifier.cpp ****         int idx = t + r;
 1207              		.loc 1 426 22 is_stmt 0 discriminator 1 view .LVU380
 1208 0092 F2D1     		bne	.L107
 1209              	.LVL90:
 426:MiniCABClassifier.cpp ****         int idx = t + r;
 1210              		.loc 1 426 22 discriminator 1 view .LVU381
 1211              	.LBE162:
 464:MiniCABClassifier.cpp ****         sum /= (float)convKernelSize;
 1212              		.loc 1 464 5 is_stmt 1 view .LVU382
 465:MiniCABClassifier.cpp ****     }
 1213              		.loc 1 465 9 view .LVU383
 465:MiniCABClassifier.cpp ****     }
 1214              		.loc 1 465 13 is_stmt 0 view .LVU384
 1215 0094 B1EE047A 		vmov.f32	s14, #5.0e+0
 1216 0098 87EE870A 		vdiv.f32	s0, s15, s14
 1217              	.LVL91:
 469:MiniCABClassifier.cpp **** 
 1218              		.loc 1 469 1 view .LVU385
 1219 009c 7047     		bx	lr
 1220              	.LVL92:
 1221              	.L74:
 1222              	.LBB163:
 1223              	.LBB134:
 429:MiniCABClassifier.cpp ****             case 0:
 1224              		.loc 1 429 9 view .LVU386
 1225 009e 0023     		movs	r3, #0
 1226              	.LVL93:
 429:MiniCABClassifier.cpp ****             case 0:
 1227              		.loc 1 429 9 view .LVU387
 1228 00a0 DFED4C7A 		vldr.32	s15, .L113
 1229 00a4 0AE0     		b	.L60
 1230              	.LVL94:
 1231              	.L108:
 443:MiniCABClassifier.cpp ****                 break;
 1232              		.loc 1 443 53 view .LVU388
 1233 00a6 90ED117A 		vldr.32	s14, [r0, #68]
 1234              	.LBE134:
 426:MiniCABClassifier.cpp ****         int idx = t + r;
 1235              		.loc 1 426 22 discriminator 1 view .LVU389
 1236 00aa 6030     		adds	r0, r0, #96
 1237              	.LBB135:
 443:MiniCABClassifier.cpp ****                 break;
 1238              		.loc 1 443 21 view .LVU390
 1239 00ac 50ED025A 		vldr.32	s11, [r0, #-8]
 443:MiniCABClassifier.cpp ****                 break;
 1240              		.loc 1 443 53 view .LVU391
 1241 00b0 27EE067A 		vmul.f32	s14, s14, s12
ARM GAS  /var/folders/6_/psd2b8g56p7696hhrr4ztjs00000gn/T//ccrN3Asy.s 			page 37


 443:MiniCABClassifier.cpp ****                 break;
 1242              		.loc 1 443 21 view .LVU392
 1243 00b4 A5EEA67A 		vfma.f32	s14, s11, s13
 1244 00b8 77EE277A 		vadd.f32	s15, s14, s15
 1245              	.LVL95:
 444:MiniCABClassifier.cpp ****             case 5:
 1246              		.loc 1 444 17 is_stmt 1 view .LVU393
 444:MiniCABClassifier.cpp ****             case 5:
 1247              		.loc 1 444 17 is_stmt 0 view .LVU394
 1248              	.LBE135:
 426:MiniCABClassifier.cpp ****         int idx = t + r;
 1249              		.loc 1 426 5 is_stmt 1 discriminator 2 view .LVU395
 426:MiniCABClassifier.cpp ****         int idx = t + r;
 1250              		.loc 1 426 22 discriminator 1 view .LVU396
 1251              	.LBB136:
 427:MiniCABClassifier.cpp **** 
 1252              		.loc 1 427 9 view .LVU397
 429:MiniCABClassifier.cpp ****             case 0:
 1253              		.loc 1 429 9 view .LVU398
 1254              	.L60:
 442:MiniCABClassifier.cpp ****                 sum += 0.60f * seq[idx][10] + 0.40f * seq[idx][5];
 1255              		.loc 1 442 13 view .LVU399
 443:MiniCABClassifier.cpp ****                 break;
 1256              		.loc 1 443 17 view .LVU400
 443:MiniCABClassifier.cpp ****                 break;
 1257              		.loc 1 443 53 is_stmt 0 view .LVU401
 1258 00bc 90ED057A 		vldr.32	s14, [r0, #20]
 1259              	.LBE136:
 426:MiniCABClassifier.cpp ****         int idx = t + r;
 1260              		.loc 1 426 22 discriminator 1 view .LVU402
 1261 00c0 042B     		cmp	r3, #4
 1262              	.LBB137:
 443:MiniCABClassifier.cpp ****                 break;
 1263              		.loc 1 443 53 view .LVU403
 1264 00c2 9FED456A 		vldr.32	s12, .L113+4
 1265              	.LBE137:
 426:MiniCABClassifier.cpp ****         int idx = t + r;
 1266              		.loc 1 426 5 discriminator 2 view .LVU404
 1267 00c6 03F10203 		add	r3, r3, #2
 1268              	.LBB138:
 443:MiniCABClassifier.cpp ****                 break;
 1269              		.loc 1 443 21 view .LVU405
 1270 00ca D0ED0A5A 		vldr.32	s11, [r0, #40]
 443:MiniCABClassifier.cpp ****                 break;
 1271              		.loc 1 443 53 view .LVU406
 1272 00ce 27EE067A 		vmul.f32	s14, s14, s12
 443:MiniCABClassifier.cpp ****                 break;
 1273              		.loc 1 443 21 view .LVU407
 1274 00d2 DFED426A 		vldr.32	s13, .L113+8
 1275 00d6 A5EEA67A 		vfma.f32	s14, s11, s13
 1276 00da 77EE277A 		vadd.f32	s15, s14, s15
 444:MiniCABClassifier.cpp ****             case 5:
 1277              		.loc 1 444 17 is_stmt 1 view .LVU408
 1278              	.LVL96:
 444:MiniCABClassifier.cpp ****             case 5:
 1279              		.loc 1 444 17 is_stmt 0 view .LVU409
 1280              	.LBE138:
ARM GAS  /var/folders/6_/psd2b8g56p7696hhrr4ztjs00000gn/T//ccrN3Asy.s 			page 38


 426:MiniCABClassifier.cpp ****         int idx = t + r;
 1281              		.loc 1 426 5 is_stmt 1 discriminator 2 view .LVU410
 426:MiniCABClassifier.cpp ****         int idx = t + r;
 1282              		.loc 1 426 22 discriminator 1 view .LVU411
 1283              	.LBB139:
 427:MiniCABClassifier.cpp **** 
 1284              		.loc 1 427 9 view .LVU412
 429:MiniCABClassifier.cpp ****             case 0:
 1285              		.loc 1 429 9 view .LVU413
 442:MiniCABClassifier.cpp ****                 sum += 0.60f * seq[idx][10] + 0.40f * seq[idx][5];
 1286              		.loc 1 442 13 view .LVU414
 443:MiniCABClassifier.cpp ****                 break;
 1287              		.loc 1 443 17 view .LVU415
 1288              	.LBE139:
 426:MiniCABClassifier.cpp ****         int idx = t + r;
 1289              		.loc 1 426 22 is_stmt 0 discriminator 1 view .LVU416
 1290 00de E2D1     		bne	.L108
 1291              	.LVL97:
 426:MiniCABClassifier.cpp ****         int idx = t + r;
 1292              		.loc 1 426 22 discriminator 1 view .LVU417
 1293              	.LBE163:
 464:MiniCABClassifier.cpp ****         sum /= (float)convKernelSize;
 1294              		.loc 1 464 5 is_stmt 1 view .LVU418
 465:MiniCABClassifier.cpp ****     }
 1295              		.loc 1 465 9 view .LVU419
 465:MiniCABClassifier.cpp ****     }
 1296              		.loc 1 465 13 is_stmt 0 view .LVU420
 1297 00e0 B1EE047A 		vmov.f32	s14, #5.0e+0
 1298 00e4 87EE870A 		vdiv.f32	s0, s15, s14
 1299              	.LVL98:
 469:MiniCABClassifier.cpp **** 
 1300              		.loc 1 469 1 view .LVU421
 1301 00e8 7047     		bx	lr
 1302              	.LVL99:
 1303              	.L72:
 1304              	.LBB164:
 1305              	.LBB140:
 429:MiniCABClassifier.cpp ****             case 0:
 1306              		.loc 1 429 9 view .LVU422
 1307 00ea 0023     		movs	r3, #0
 1308              	.LVL100:
 429:MiniCABClassifier.cpp ****             case 0:
 1309              		.loc 1 429 9 view .LVU423
 1310 00ec DFED397A 		vldr.32	s15, .L113
 1311 00f0 04E0     		b	.L62
 1312              	.LVL101:
 1313              	.L109:
 437:MiniCABClassifier.cpp ****                 break;
 1314              		.loc 1 437 21 view .LVU424
 1315 00f2 90ED107A 		vldr.32	s14, [r0, #64]
 1316              	.LBE140:
 426:MiniCABClassifier.cpp ****         int idx = t + r;
 1317              		.loc 1 426 22 discriminator 1 view .LVU425
 1318 00f6 6030     		adds	r0, r0, #96
 1319              	.LBB141:
 437:MiniCABClassifier.cpp ****                 break;
 1320              		.loc 1 437 21 view .LVU426
ARM GAS  /var/folders/6_/psd2b8g56p7696hhrr4ztjs00000gn/T//ccrN3Asy.s 			page 39


 1321 00f8 77EE877A 		vadd.f32	s15, s15, s14
 1322              	.LVL102:
 438:MiniCABClassifier.cpp ****             case 3:
 1323              		.loc 1 438 17 is_stmt 1 view .LVU427
 438:MiniCABClassifier.cpp ****             case 3:
 1324              		.loc 1 438 17 is_stmt 0 view .LVU428
 1325              	.LBE141:
 426:MiniCABClassifier.cpp ****         int idx = t + r;
 1326              		.loc 1 426 5 is_stmt 1 discriminator 2 view .LVU429
 426:MiniCABClassifier.cpp ****         int idx = t + r;
 1327              		.loc 1 426 22 discriminator 1 view .LVU430
 1328              	.LBB142:
 427:MiniCABClassifier.cpp **** 
 1329              		.loc 1 427 9 view .LVU431
 429:MiniCABClassifier.cpp ****             case 0:
 1330              		.loc 1 429 9 view .LVU432
 1331              	.L62:
 436:MiniCABClassifier.cpp ****                 sum += seq[idx][4];
 1332              		.loc 1 436 13 view .LVU433
 437:MiniCABClassifier.cpp ****                 break;
 1333              		.loc 1 437 17 view .LVU434
 437:MiniCABClassifier.cpp ****                 break;
 1334              		.loc 1 437 21 is_stmt 0 view .LVU435
 1335 00fc 90ED047A 		vldr.32	s14, [r0, #16]
 1336              	.LBE142:
 426:MiniCABClassifier.cpp ****         int idx = t + r;
 1337              		.loc 1 426 22 discriminator 1 view .LVU436
 1338 0100 042B     		cmp	r3, #4
 426:MiniCABClassifier.cpp ****         int idx = t + r;
 1339              		.loc 1 426 5 discriminator 2 view .LVU437
 1340 0102 03F10203 		add	r3, r3, #2
 1341              	.LBB143:
 437:MiniCABClassifier.cpp ****                 break;
 1342              		.loc 1 437 21 view .LVU438
 1343 0106 77EE877A 		vadd.f32	s15, s15, s14
 438:MiniCABClassifier.cpp ****             case 3:
 1344              		.loc 1 438 17 is_stmt 1 view .LVU439
 1345              	.LVL103:
 438:MiniCABClassifier.cpp ****             case 3:
 1346              		.loc 1 438 17 is_stmt 0 view .LVU440
 1347              	.LBE143:
 426:MiniCABClassifier.cpp ****         int idx = t + r;
 1348              		.loc 1 426 5 is_stmt 1 discriminator 2 view .LVU441
 426:MiniCABClassifier.cpp ****         int idx = t + r;
 1349              		.loc 1 426 22 discriminator 1 view .LVU442
 1350              	.LBB144:
 427:MiniCABClassifier.cpp **** 
 1351              		.loc 1 427 9 view .LVU443
 429:MiniCABClassifier.cpp ****             case 0:
 1352              		.loc 1 429 9 view .LVU444
 436:MiniCABClassifier.cpp ****                 sum += seq[idx][4];
 1353              		.loc 1 436 13 view .LVU445
 437:MiniCABClassifier.cpp ****                 break;
 1354              		.loc 1 437 17 view .LVU446
 1355              	.LBE144:
 426:MiniCABClassifier.cpp ****         int idx = t + r;
 1356              		.loc 1 426 22 is_stmt 0 discriminator 1 view .LVU447
ARM GAS  /var/folders/6_/psd2b8g56p7696hhrr4ztjs00000gn/T//ccrN3Asy.s 			page 40


 1357 010a F2D1     		bne	.L109
 1358              	.LVL104:
 426:MiniCABClassifier.cpp ****         int idx = t + r;
 1359              		.loc 1 426 22 discriminator 1 view .LVU448
 1360              	.LBE164:
 464:MiniCABClassifier.cpp ****         sum /= (float)convKernelSize;
 1361              		.loc 1 464 5 is_stmt 1 view .LVU449
 465:MiniCABClassifier.cpp ****     }
 1362              		.loc 1 465 9 view .LVU450
 465:MiniCABClassifier.cpp ****     }
 1363              		.loc 1 465 13 is_stmt 0 view .LVU451
 1364 010c B1EE047A 		vmov.f32	s14, #5.0e+0
 1365 0110 87EE870A 		vdiv.f32	s0, s15, s14
 1366              	.LVL105:
 469:MiniCABClassifier.cpp **** 
 1367              		.loc 1 469 1 view .LVU452
 1368 0114 7047     		bx	lr
 1369              	.LVL106:
 1370              	.L77:
 1371              	.LBB165:
 1372              	.LBB145:
 429:MiniCABClassifier.cpp ****             case 0:
 1373              		.loc 1 429 9 view .LVU453
 1374 0116 0022     		movs	r2, #0
 1375              	.LVL107:
 429:MiniCABClassifier.cpp ****             case 0:
 1376              		.loc 1 429 9 view .LVU454
 1377 0118 9C46     		mov	ip, r3
 1378 011a 9FED2E7A 		vldr.32	s14, .L113
 451:MiniCABClassifier.cpp ****                 if(r == convKernelSize - 1){
 1379              		.loc 1 451 13 is_stmt 1 view .LVU455
 452:MiniCABClassifier.cpp ****                     sum += seq[idx][6] + 0.50f * seq[idx][4] + 0.30f * seq[idx][1];
 1380              		.loc 1 452 17 view .LVU456
 455:MiniCABClassifier.cpp ****                     sum -= seq[idx][6] + 0.50f * seq[idx][4] + 0.30f * seq[idx][1];
 1381              		.loc 1 455 22 view .LVU457
 452:MiniCABClassifier.cpp ****                     sum += seq[idx][6] + 0.50f * seq[idx][4] + 0.30f * seq[idx][1];
 1382              		.loc 1 452 17 is_stmt 0 view .LVU458
 1383 011e 042A     		cmp	r2, #4
 1384 0120 18D0     		beq	.L110
 1385              	.LVL108:
 1386              	.L65:
 455:MiniCABClassifier.cpp ****                     sum -= seq[idx][6] + 0.50f * seq[idx][4] + 0.30f * seq[idx][1];
 1387              		.loc 1 455 22 view .LVU459
 1388 0122 8AB9     		cbnz	r2, .L99
 456:MiniCABClassifier.cpp ****                 }
 1389              		.loc 1 456 21 is_stmt 1 view .LVU460
 456:MiniCABClassifier.cpp ****                 }
 1390              		.loc 1 456 25 is_stmt 0 view .LVU461
 1391 0124 F6EE005A 		vmov.f32	s11, #5.0e-1
 1392 0128 90ED045A 		vldr.32	s10, [r0, #16]
 1393 012c D0ED067A 		vldr.32	s15, [r0, #24]
 1394              	.LBE145:
 426:MiniCABClassifier.cpp ****         int idx = t + r;
 1395              		.loc 1 426 5 discriminator 2 view .LVU462
 1396 0130 0122     		movs	r2, #1
 1397              	.LBB146:
 456:MiniCABClassifier.cpp ****                 }
ARM GAS  /var/folders/6_/psd2b8g56p7696hhrr4ztjs00000gn/T//ccrN3Asy.s 			page 41


 1398              		.loc 1 456 25 view .LVU463
 1399 0132 90ED016A 		vldr.32	s12, [r0, #4]
 1400              	.LBE146:
 426:MiniCABClassifier.cpp ****         int idx = t + r;
 1401              		.loc 1 426 22 discriminator 1 view .LVU464
 1402 0136 3030     		adds	r0, r0, #48
 1403              	.LBB147:
 456:MiniCABClassifier.cpp ****                 }
 1404              		.loc 1 456 25 view .LVU465
 1405 0138 E5EE257A 		vfma.f32	s15, s10, s11
 1406 013c DFED286A 		vldr.32	s13, .L113+12
 1407 0140 E6EE267A 		vfma.f32	s15, s12, s13
 1408 0144 37EE677A 		vsub.f32	s14, s14, s15
 1409              	.LBE147:
 426:MiniCABClassifier.cpp ****         int idx = t + r;
 1410              		.loc 1 426 5 is_stmt 1 discriminator 2 view .LVU466
 1411              	.LVL109:
 426:MiniCABClassifier.cpp ****         int idx = t + r;
 1412              		.loc 1 426 22 discriminator 1 view .LVU467
 1413              	.LBB148:
 427:MiniCABClassifier.cpp **** 
 1414              		.loc 1 427 9 view .LVU468
 429:MiniCABClassifier.cpp ****             case 0:
 1415              		.loc 1 429 9 view .LVU469
 1416              	.L99:
 429:MiniCABClassifier.cpp ****             case 0:
 1417              		.loc 1 429 9 is_stmt 0 view .LVU470
 1418              	.LBE148:
 426:MiniCABClassifier.cpp ****         int idx = t + r;
 1419              		.loc 1 426 5 is_stmt 1 discriminator 2 view .LVU471
 1420 0148 0132     		adds	r2, r2, #1
 1421              	.LVL110:
 426:MiniCABClassifier.cpp ****         int idx = t + r;
 1422              		.loc 1 426 22 discriminator 1 view .LVU472
 1423 014a 3030     		adds	r0, r0, #48
 1424              	.LBB149:
 427:MiniCABClassifier.cpp **** 
 1425              		.loc 1 427 9 view .LVU473
 452:MiniCABClassifier.cpp ****                     sum += seq[idx][6] + 0.50f * seq[idx][4] + 0.30f * seq[idx][1];
 1426              		.loc 1 452 17 is_stmt 0 view .LVU474
 1427 014c 042A     		cmp	r2, #4
 1428 014e 02EB030C 		add	ip, r2, r3
 1429              	.LVL111:
 429:MiniCABClassifier.cpp ****             case 0:
 1430              		.loc 1 429 9 is_stmt 1 view .LVU475
 451:MiniCABClassifier.cpp ****                 if(r == convKernelSize - 1){
 1431              		.loc 1 451 13 view .LVU476
 452:MiniCABClassifier.cpp ****                     sum += seq[idx][6] + 0.50f * seq[idx][4] + 0.30f * seq[idx][1];
 1432              		.loc 1 452 17 view .LVU477
 455:MiniCABClassifier.cpp ****                     sum -= seq[idx][6] + 0.50f * seq[idx][4] + 0.30f * seq[idx][1];
 1433              		.loc 1 455 22 view .LVU478
 452:MiniCABClassifier.cpp ****                     sum += seq[idx][6] + 0.50f * seq[idx][4] + 0.30f * seq[idx][1];
 1434              		.loc 1 452 17 is_stmt 0 view .LVU479
 1435 0152 E6D1     		bne	.L65
 1436              	.LVL112:
 1437              	.L110:
 453:MiniCABClassifier.cpp ****                 }
ARM GAS  /var/folders/6_/psd2b8g56p7696hhrr4ztjs00000gn/T//ccrN3Asy.s 			page 42


 1438              		.loc 1 453 21 is_stmt 1 view .LVU480
 453:MiniCABClassifier.cpp ****                 }
 1439              		.loc 1 453 35 is_stmt 0 view .LVU481
 1440 0154 0CEB4C0C 		add	ip, ip, ip, lsl #1
 453:MiniCABClassifier.cpp ****                 }
 1441              		.loc 1 453 25 view .LVU482
 1442 0158 B6EE006A 		vmov.f32	s12, #5.0e-1
 1443 015c DFED207A 		vldr.32	s15, .L113+12
 453:MiniCABClassifier.cpp ****                 }
 1444              		.loc 1 453 35 view .LVU483
 1445 0160 01EB0C11 		add	r1, r1, ip, lsl #4
 1446              	.LVL113:
 453:MiniCABClassifier.cpp ****                 }
 1447              		.loc 1 453 25 view .LVU484
 1448 0164 D1ED045A 		vldr.32	s11, [r1, #16]
 1449 0168 91ED060A 		vldr.32	s0, [r1, #24]
 1450 016c D1ED016A 		vldr.32	s13, [r1, #4]
 1451 0170 A5EE860A 		vfma.f32	s0, s11, s12
 1452 0174 A6EEA70A 		vfma.f32	s0, s13, s15
 1453 0178 30EE070A 		vadd.f32	s0, s0, s14
 1454              	.LBE149:
 426:MiniCABClassifier.cpp ****         int idx = t + r;
 1455              		.loc 1 426 5 is_stmt 1 discriminator 2 view .LVU485
 426:MiniCABClassifier.cpp ****         int idx = t + r;
 1456              		.loc 1 426 22 discriminator 1 view .LVU486
 1457              	.LVL114:
 426:MiniCABClassifier.cpp ****         int idx = t + r;
 1458              		.loc 1 426 22 is_stmt 0 discriminator 1 view .LVU487
 1459              	.LBE165:
 464:MiniCABClassifier.cpp ****         sum /= (float)convKernelSize;
 1460              		.loc 1 464 5 is_stmt 1 view .LVU488
 1461 017c 7047     		bx	lr
 1462              	.LVL115:
 1463              	.L76:
 1464              	.LBB166:
 1465              	.LBB150:
 429:MiniCABClassifier.cpp ****             case 0:
 1466              		.loc 1 429 9 is_stmt 0 view .LVU489
 1467 017e 0023     		movs	r3, #0
 1468              	.LVL116:
 429:MiniCABClassifier.cpp ****             case 0:
 1469              		.loc 1 429 9 view .LVU490
 1470 0180 DFED147A 		vldr.32	s15, .L113
 1471 0184 04E0     		b	.L58
 1472              	.LVL117:
 1473              	.L111:
 449:MiniCABClassifier.cpp ****                 break;
 1474              		.loc 1 449 21 view .LVU491
 1475 0186 90ED0F7A 		vldr.32	s14, [r0, #60]
 1476              	.LBE150:
 426:MiniCABClassifier.cpp ****         int idx = t + r;
 1477              		.loc 1 426 22 discriminator 1 view .LVU492
 1478 018a 6030     		adds	r0, r0, #96
 1479              	.LBB151:
 449:MiniCABClassifier.cpp ****                 break;
 1480              		.loc 1 449 21 view .LVU493
 1481 018c 77EE877A 		vadd.f32	s15, s15, s14
ARM GAS  /var/folders/6_/psd2b8g56p7696hhrr4ztjs00000gn/T//ccrN3Asy.s 			page 43


 1482              	.LVL118:
 450:MiniCABClassifier.cpp ****             case 7:
 1483              		.loc 1 450 17 is_stmt 1 view .LVU494
 450:MiniCABClassifier.cpp ****             case 7:
 1484              		.loc 1 450 17 is_stmt 0 view .LVU495
 1485              	.LBE151:
 426:MiniCABClassifier.cpp ****         int idx = t + r;
 1486              		.loc 1 426 5 is_stmt 1 discriminator 2 view .LVU496
 426:MiniCABClassifier.cpp ****         int idx = t + r;
 1487              		.loc 1 426 22 discriminator 1 view .LVU497
 1488              	.LBB152:
 427:MiniCABClassifier.cpp **** 
 1489              		.loc 1 427 9 view .LVU498
 429:MiniCABClassifier.cpp ****             case 0:
 1490              		.loc 1 429 9 view .LVU499
 1491              	.L58:
 448:MiniCABClassifier.cpp ****                 sum += seq[idx][3];
 1492              		.loc 1 448 13 view .LVU500
 449:MiniCABClassifier.cpp ****                 break;
 1493              		.loc 1 449 17 view .LVU501
 449:MiniCABClassifier.cpp ****                 break;
 1494              		.loc 1 449 21 is_stmt 0 view .LVU502
 1495 0190 90ED037A 		vldr.32	s14, [r0, #12]
 1496              	.LBE152:
 426:MiniCABClassifier.cpp ****         int idx = t + r;
 1497              		.loc 1 426 22 discriminator 1 view .LVU503
 1498 0194 042B     		cmp	r3, #4
 426:MiniCABClassifier.cpp ****         int idx = t + r;
 1499              		.loc 1 426 5 discriminator 2 view .LVU504
 1500 0196 03F10203 		add	r3, r3, #2
 1501              	.LBB153:
 449:MiniCABClassifier.cpp ****                 break;
 1502              		.loc 1 449 21 view .LVU505
 1503 019a 77EE877A 		vadd.f32	s15, s15, s14
 450:MiniCABClassifier.cpp ****             case 7:
 1504              		.loc 1 450 17 is_stmt 1 view .LVU506
 1505              	.LVL119:
 450:MiniCABClassifier.cpp ****             case 7:
 1506              		.loc 1 450 17 is_stmt 0 view .LVU507
 1507              	.LBE153:
 426:MiniCABClassifier.cpp ****         int idx = t + r;
 1508              		.loc 1 426 5 is_stmt 1 discriminator 2 view .LVU508
 426:MiniCABClassifier.cpp ****         int idx = t + r;
 1509              		.loc 1 426 22 discriminator 1 view .LVU509
 1510              	.LBB154:
 427:MiniCABClassifier.cpp **** 
 1511              		.loc 1 427 9 view .LVU510
 429:MiniCABClassifier.cpp ****             case 0:
 1512              		.loc 1 429 9 view .LVU511
 448:MiniCABClassifier.cpp ****                 sum += seq[idx][3];
 1513              		.loc 1 448 13 view .LVU512
 449:MiniCABClassifier.cpp ****                 break;
 1514              		.loc 1 449 17 view .LVU513
 1515              	.LBE154:
 426:MiniCABClassifier.cpp ****         int idx = t + r;
 1516              		.loc 1 426 22 is_stmt 0 discriminator 1 view .LVU514
 1517 019e F2D1     		bne	.L111
ARM GAS  /var/folders/6_/psd2b8g56p7696hhrr4ztjs00000gn/T//ccrN3Asy.s 			page 44


 1518              	.LVL120:
 426:MiniCABClassifier.cpp ****         int idx = t + r;
 1519              		.loc 1 426 22 discriminator 1 view .LVU515
 1520              	.LBE166:
 464:MiniCABClassifier.cpp ****         sum /= (float)convKernelSize;
 1521              		.loc 1 464 5 is_stmt 1 view .LVU516
 465:MiniCABClassifier.cpp ****     }
 1522              		.loc 1 465 9 view .LVU517
 465:MiniCABClassifier.cpp ****     }
 1523              		.loc 1 465 13 is_stmt 0 view .LVU518
 1524 01a0 B1EE047A 		vmov.f32	s14, #5.0e+0
 1525 01a4 87EE870A 		vdiv.f32	s0, s15, s14
 1526              	.LVL121:
 469:MiniCABClassifier.cpp **** 
 1527              		.loc 1 469 1 view .LVU519
 1528 01a8 7047     		bx	lr
 1529              	.LVL122:
 1530              	.L70:
 1531              	.LBB167:
 1532              	.LBB155:
 429:MiniCABClassifier.cpp ****             case 0:
 1533              		.loc 1 429 9 view .LVU520
 1534 01aa DFED0A7A 		vldr.32	s15, .L113
 1535 01ae 04E0     		b	.L64
 1536              	.LVL123:
 1537              	.L112:
 431:MiniCABClassifier.cpp ****                 break;
 1538              		.loc 1 431 21 view .LVU521
 1539 01b0 90ED0C7A 		vldr.32	s14, [r0, #48]
 1540              	.LBE155:
 426:MiniCABClassifier.cpp ****         int idx = t + r;
 1541              		.loc 1 426 22 discriminator 1 view .LVU522
 1542 01b4 6030     		adds	r0, r0, #96
 1543              	.LBB156:
 431:MiniCABClassifier.cpp ****                 break;
 1544              		.loc 1 431 21 view .LVU523
 1545 01b6 77EE877A 		vadd.f32	s15, s15, s14
 1546              	.LVL124:
 432:MiniCABClassifier.cpp ****             case 1:
 1547              		.loc 1 432 17 is_stmt 1 view .LVU524
 432:MiniCABClassifier.cpp ****             case 1:
 1548              		.loc 1 432 17 is_stmt 0 view .LVU525
 1549              	.LBE156:
 426:MiniCABClassifier.cpp ****         int idx = t + r;
 1550              		.loc 1 426 5 is_stmt 1 discriminator 2 view .LVU526
 426:MiniCABClassifier.cpp ****         int idx = t + r;
 1551              		.loc 1 426 22 discriminator 1 view .LVU527
 1552              	.LBB157:
 427:MiniCABClassifier.cpp **** 
 1553              		.loc 1 427 9 view .LVU528
 429:MiniCABClassifier.cpp ****             case 0:
 1554              		.loc 1 429 9 view .LVU529
 1555              	.L64:
 430:MiniCABClassifier.cpp ****                 sum += seq[idx][0];
 1556              		.loc 1 430 13 view .LVU530
 431:MiniCABClassifier.cpp ****                 break;
 1557              		.loc 1 431 17 view .LVU531
ARM GAS  /var/folders/6_/psd2b8g56p7696hhrr4ztjs00000gn/T//ccrN3Asy.s 			page 45


 431:MiniCABClassifier.cpp ****                 break;
 1558              		.loc 1 431 21 is_stmt 0 view .LVU532
 1559 01ba 90ED007A 		vldr.32	s14, [r0]
 1560              	.LBE157:
 426:MiniCABClassifier.cpp ****         int idx = t + r;
 1561              		.loc 1 426 22 discriminator 1 view .LVU533
 1562 01be 042A     		cmp	r2, #4
 426:MiniCABClassifier.cpp ****         int idx = t + r;
 1563              		.loc 1 426 5 discriminator 2 view .LVU534
 1564 01c0 02F10202 		add	r2, r2, #2
 1565              	.LBB158:
 431:MiniCABClassifier.cpp ****                 break;
 1566              		.loc 1 431 21 view .LVU535
 1567 01c4 77EE877A 		vadd.f32	s15, s15, s14
 432:MiniCABClassifier.cpp ****             case 1:
 1568              		.loc 1 432 17 is_stmt 1 view .LVU536
 1569              	.LVL125:
 432:MiniCABClassifier.cpp ****             case 1:
 1570              		.loc 1 432 17 is_stmt 0 view .LVU537
 1571              	.LBE158:
 426:MiniCABClassifier.cpp ****         int idx = t + r;
 1572              		.loc 1 426 5 is_stmt 1 discriminator 2 view .LVU538
 426:MiniCABClassifier.cpp ****         int idx = t + r;
 1573              		.loc 1 426 22 discriminator 1 view .LVU539
 1574              	.LBB159:
 427:MiniCABClassifier.cpp **** 
 1575              		.loc 1 427 9 view .LVU540
 429:MiniCABClassifier.cpp ****             case 0:
 1576              		.loc 1 429 9 view .LVU541
 430:MiniCABClassifier.cpp ****                 sum += seq[idx][0];
 1577              		.loc 1 430 13 view .LVU542
 431:MiniCABClassifier.cpp ****                 break;
 1578              		.loc 1 431 17 view .LVU543
 1579              	.LBE159:
 426:MiniCABClassifier.cpp ****         int idx = t + r;
 1580              		.loc 1 426 22 is_stmt 0 discriminator 1 view .LVU544
 1581 01c8 F2D1     		bne	.L112
 1582 01ca 37E7     		b	.L55
 1583              	.LVL126:
 1584              	.L69:
 1585              	.LBB160:
 429:MiniCABClassifier.cpp ****             case 0:
 1586              		.loc 1 429 9 view .LVU545
 1587 01cc DFED017A 		vldr.32	s15, .L113
 1588 01d0 34E7     		b	.L55
 1589              	.L114:
 1590 01d2 00BF     		.align	2
 1591              	.L113:
 1592 01d4 00000000 		.word	0
 1593 01d8 CDCCCC3E 		.word	1053609165
 1594 01dc 9A99193F 		.word	1058642330
 1595 01e0 9A99993E 		.word	1050253722
 1596              	.LBE160:
 1597              	.LBE167:
 1598              		.cfi_endproc
 1599              	.LFE570:
 1601              		.section	.text._ZNK17MiniCABClassifier19EventAttentionLogitEPKf,"ax",%progbits
ARM GAS  /var/folders/6_/psd2b8g56p7696hhrr4ztjs00000gn/T//ccrN3Asy.s 			page 46


 1602              		.align	1
 1603              		.p2align 2,,3
 1604              		.global	_ZNK17MiniCABClassifier19EventAttentionLogitEPKf
 1605              		.syntax unified
 1606              		.thumb
 1607              		.thumb_func
 1609              	_ZNK17MiniCABClassifier19EventAttentionLogitEPKf:
 1610              	.LVL127:
 1611              	.LFB571:
 471:MiniCABClassifier.cpp ****     float level = 0.35f * fabsf(input[0]) + 0.25f * fabsf(input[1]) + 0.25f * fabsf(input[6]);
 1612              		.loc 1 471 81 is_stmt 1 view -0
 1613              		.cfi_startproc
 1614              		@ args = 0, pretend = 0, frame = 0
 1615              		@ frame_needed = 0, uses_anonymous_args = 0
 1616              		@ link register save eliminated.
 472:MiniCABClassifier.cpp ****     float movement = 0.70f * fabsf(input[4]) + 0.35f * fabsf(input[5]) + 0.35f * fabsf(input[7]) + 
 1617              		.loc 1 472 5 view .LVU547
 473:MiniCABClassifier.cpp ****     float logit = -1.0f + level + movement;
 1618              		.loc 1 473 61 is_stmt 0 view .LVU548
 1619 0000 D1ED057A 		vldr.32	s15, [r1, #20]
 472:MiniCABClassifier.cpp ****     float movement = 0.70f * fabsf(input[4]) + 0.35f * fabsf(input[5]) + 0.35f * fabsf(input[7]) + 
 1620              		.loc 1 472 51 view .LVU549
 1621 0004 F5EE003A 		vmov.f32	s7, #2.5e-1
 472:MiniCABClassifier.cpp ****     float movement = 0.70f * fabsf(input[4]) + 0.35f * fabsf(input[5]) + 0.35f * fabsf(input[7]) + 
 1622              		.loc 1 472 11 view .LVU550
 1623 0008 DFED1E5A 		vldr.32	s11, .L116
 476:MiniCABClassifier.cpp **** }
 1624              		.loc 1 476 40 discriminator 2 view .LVU551
 1625 000c B2EE000A 		vmov.f32	s0, #8.0e+0
 473:MiniCABClassifier.cpp ****     float logit = -1.0f + level + movement;
 1626              		.loc 1 473 61 view .LVU552
 1627 0010 F0EEE77A 		vabs.f32	s15, s15
 472:MiniCABClassifier.cpp ****     float movement = 0.70f * fabsf(input[4]) + 0.35f * fabsf(input[5]) + 0.35f * fabsf(input[7]) + 
 1628              		.loc 1 472 58 view .LVU553
 1629 0014 91ED017A 		vldr.32	s14, [r1, #4]
 473:MiniCABClassifier.cpp ****     float logit = -1.0f + level + movement;
 1630              		.loc 1 473 35 view .LVU554
 1631 0018 91ED044A 		vldr.32	s8, [r1, #16]
 472:MiniCABClassifier.cpp ****     float movement = 0.70f * fabsf(input[4]) + 0.35f * fabsf(input[5]) + 0.35f * fabsf(input[7]) + 
 1632              		.loc 1 472 58 view .LVU555
 1633 001c B0EEC77A 		vabs.f32	s14, s14
 474:MiniCABClassifier.cpp **** 
 1634              		.loc 1 474 11 view .LVU556
 1635 0020 DFED192A 		vldr.32	s5, .L116+4
 473:MiniCABClassifier.cpp ****     float logit = -1.0f + level + movement;
 1636              		.loc 1 473 35 view .LVU557
 1637 0024 B0EEC44A 		vabs.f32	s8, s8
 472:MiniCABClassifier.cpp ****     float movement = 0.70f * fabsf(input[4]) + 0.35f * fabsf(input[5]) + 0.35f * fabsf(input[7]) + 
 1638              		.loc 1 472 32 view .LVU558
 1639 0028 D1ED004A 		vldr.32	s9, [r1]
 473:MiniCABClassifier.cpp ****     float logit = -1.0f + level + movement;
 1640              		.loc 1 473 54 view .LVU559
 1641 002c 67EEA57A 		vmul.f32	s15, s15, s11
 473:MiniCABClassifier.cpp ****     float logit = -1.0f + level + movement;
 1642              		.loc 1 473 87 view .LVU560
 1643 0030 91ED075A 		vldr.32	s10, [r1, #28]
 472:MiniCABClassifier.cpp ****     float movement = 0.70f * fabsf(input[4]) + 0.35f * fabsf(input[5]) + 0.35f * fabsf(input[7]) + 
ARM GAS  /var/folders/6_/psd2b8g56p7696hhrr4ztjs00000gn/T//ccrN3Asy.s 			page 47


 1644              		.loc 1 472 32 view .LVU561
 1645 0034 F0EEE44A 		vabs.f32	s9, s9
 472:MiniCABClassifier.cpp ****     float movement = 0.70f * fabsf(input[4]) + 0.35f * fabsf(input[5]) + 0.35f * fabsf(input[7]) + 
 1646              		.loc 1 472 84 view .LVU562
 1647 0038 91ED066A 		vldr.32	s12, [r1, #24]
 472:MiniCABClassifier.cpp ****     float movement = 0.70f * fabsf(input[4]) + 0.35f * fabsf(input[5]) + 0.35f * fabsf(input[7]) + 
 1648              		.loc 1 472 51 view .LVU563
 1649 003c 27EE237A 		vmul.f32	s14, s14, s7
 473:MiniCABClassifier.cpp ****     float logit = -1.0f + level + movement;
 1650              		.loc 1 473 113 view .LVU564
 1651 0040 D1ED0A6A 		vldr.32	s13, [r1, #40]
 474:MiniCABClassifier.cpp **** 
 1652              		.loc 1 474 11 view .LVU565
 1653 0044 E4EE227A 		vfma.f32	s15, s8, s5
 1654 0048 9FED103A 		vldr.32	s6, .L116+8
 473:MiniCABClassifier.cpp ****     float logit = -1.0f + level + movement;
 1655              		.loc 1 473 87 view .LVU566
 1656 004c B0EEC55A 		vabs.f32	s10, s10
 472:MiniCABClassifier.cpp ****     float movement = 0.70f * fabsf(input[4]) + 0.35f * fabsf(input[5]) + 0.35f * fabsf(input[7]) + 
 1657              		.loc 1 472 11 view .LVU567
 1658 0050 A4EEA57A 		vfma.f32	s14, s9, s11
 472:MiniCABClassifier.cpp ****     float movement = 0.70f * fabsf(input[4]) + 0.35f * fabsf(input[5]) + 0.35f * fabsf(input[7]) + 
 1659              		.loc 1 472 84 view .LVU568
 1660 0054 B0EEC66A 		vabs.f32	s12, s12
 473:MiniCABClassifier.cpp ****     float logit = -1.0f + level + movement;
 1661              		.loc 1 473 113 view .LVU569
 1662 0058 F0EEE66A 		vabs.f32	s13, s13
 474:MiniCABClassifier.cpp **** 
 1663              		.loc 1 474 25 view .LVU570
 1664 005c F7EE004A 		vmov.f32	s9, #1.0e+0
 474:MiniCABClassifier.cpp **** 
 1665              		.loc 1 474 11 view .LVU571
 1666 0060 E5EE257A 		vfma.f32	s15, s10, s11
 472:MiniCABClassifier.cpp ****     float movement = 0.70f * fabsf(input[4]) + 0.35f * fabsf(input[5]) + 0.35f * fabsf(input[7]) + 
 1667              		.loc 1 472 11 view .LVU572
 1668 0064 A6EE237A 		vfma.f32	s14, s12, s7
 1669              	.LVL128:
 473:MiniCABClassifier.cpp ****     float logit = -1.0f + level + movement;
 1670              		.loc 1 473 5 is_stmt 1 view .LVU573
 474:MiniCABClassifier.cpp **** 
 1671              		.loc 1 474 5 view .LVU574
 474:MiniCABClassifier.cpp **** 
 1672              		.loc 1 474 11 is_stmt 0 view .LVU575
 1673 0068 E6EE837A 		vfma.f32	s15, s13, s6
 474:MiniCABClassifier.cpp **** 
 1674              		.loc 1 474 25 view .LVU576
 1675 006c 37EE647A 		vsub.f32	s14, s14, s9
 1676              	.LVL129:
 474:MiniCABClassifier.cpp **** 
 1677              		.loc 1 474 11 view .LVU577
 1678 0070 77EE877A 		vadd.f32	s15, s15, s14
 1679              	.LVL130:
 476:MiniCABClassifier.cpp **** }
 1680              		.loc 1 476 5 is_stmt 1 view .LVU578
 476:MiniCABClassifier.cpp **** }
 1681              		.loc 1 476 40 is_stmt 0 discriminator 2 view .LVU579
 1682 0074 F4EEC07A 		vcmpe.f32	s15, s0
ARM GAS  /var/folders/6_/psd2b8g56p7696hhrr4ztjs00000gn/T//ccrN3Asy.s 			page 48


 1683 0078 F1EE10FA 		vmrs	APSR_nzcv, FPSCR
 477:MiniCABClassifier.cpp **** 
 1684              		.loc 1 477 1 view .LVU580
 1685 007c 30FE270A 		vselgt.f32	s0, s0, s15
 1686 0080 7047     		bx	lr
 1687              	.L117:
 1688 0082 00BF     		.align	2
 1689              	.L116:
 1690 0084 3333B33E 		.word	1051931443
 1691 0088 3333333F 		.word	1060320051
 1692 008c CDCC0C3F 		.word	1057803469
 1693              		.cfi_endproc
 1694              	.LFE571:
 1696              		.section	.text._ZNK17MiniCABClassifier19BuildRepresentationEPA12_KfPf,"ax",%progbits
 1697              		.align	1
 1698              		.p2align 2,,3
 1699              		.global	_ZNK17MiniCABClassifier19BuildRepresentationEPA12_KfPf
 1700              		.syntax unified
 1701              		.thumb
 1702              		.thumb_func
 1704              	_ZNK17MiniCABClassifier19BuildRepresentationEPA12_KfPf:
 1705              	.LVL131:
 1706              	.LFB563:
 151:MiniCABClassifier.cpp ****     for(int i = 0; i < representationSize; i++){
 1707              		.loc 1 151 120 is_stmt 1 view -0
 1708              		.cfi_startproc
 1709              		@ args = 0, pretend = 0, frame = 304
 1710              		@ frame_needed = 0, uses_anonymous_args = 0
 152:MiniCABClassifier.cpp ****         rep[i] = 0.0f;
 1711              		.loc 1 152 5 view .LVU582
 1712              	.LBB195:
 152:MiniCABClassifier.cpp ****         rep[i] = 0.0f;
 1713              		.loc 1 152 22 discriminator 1 view .LVU583
 1714              	.LBE195:
 151:MiniCABClassifier.cpp ****     for(int i = 0; i < representationSize; i++){
 1715              		.loc 1 151 120 is_stmt 0 view .LVU584
 1716 0000 2DE9F04F 		push	{r4, r5, r6, r7, r8, r9, r10, fp, lr}
 1717              		.cfi_def_cfa_offset 36
 1718              		.cfi_offset 4, -36
 1719              		.cfi_offset 5, -32
 1720              		.cfi_offset 6, -28
 1721              		.cfi_offset 7, -24
 1722              		.cfi_offset 8, -20
 1723              		.cfi_offset 9, -16
 1724              		.cfi_offset 10, -12
 1725              		.cfi_offset 11, -8
 1726              		.cfi_offset 14, -4
 1727 0004 9046     		mov	r8, r2
 1728              	.LBB196:
 156:MiniCABClassifier.cpp ****         float maxVal = -1000000000.0f;
 1729              		.loc 1 156 13 view .LVU585
 1730 0006 0025     		movs	r5, #0
 1731              	.LBE196:
 151:MiniCABClassifier.cpp ****     for(int i = 0; i < representationSize; i++){
 1732              		.loc 1 151 120 view .LVU586
 1733 0008 0646     		mov	r6, r0
 1734 000a 0F46     		mov	r7, r1
ARM GAS  /var/folders/6_/psd2b8g56p7696hhrr4ztjs00000gn/T//ccrN3Asy.s 			page 49


 1735 000c C146     		mov	r9, r8
 1736              	.LBB204:
 153:MiniCABClassifier.cpp ****     }
 1737              		.loc 1 153 16 view .LVU587
 1738 000e 0021     		movs	r1, #0
 1739              	.LVL132:
 153:MiniCABClassifier.cpp ****     }
 1740              		.loc 1 153 16 view .LVU588
 1741 0010 4046     		mov	r0, r8
 1742              	.LVL133:
 153:MiniCABClassifier.cpp ****     }
 1743              		.loc 1 153 16 view .LVU589
 1744              	.LBE204:
 151:MiniCABClassifier.cpp ****     for(int i = 0; i < representationSize; i++){
 1745              		.loc 1 151 120 view .LVU590
 1746 0012 2DED0A8B 		vpush.64	{d8, d9, d10, d11, d12}
 1747              		.cfi_def_cfa_offset 76
 1748              		.cfi_offset 80, -76
 1749              		.cfi_offset 81, -72
 1750              		.cfi_offset 82, -68
 1751              		.cfi_offset 83, -64
 1752              		.cfi_offset 84, -60
 1753              		.cfi_offset 85, -56
 1754              		.cfi_offset 86, -52
 1755              		.cfi_offset 87, -48
 1756              		.cfi_offset 88, -44
 1757              		.cfi_offset 89, -40
 1758 0016 CDB0     		sub	sp, sp, #308
 1759              		.cfi_def_cfa_offset 384
 151:MiniCABClassifier.cpp ****     for(int i = 0; i < representationSize; i++){
 1760              		.loc 1 151 120 view .LVU591
 1761 0018 0192     		str	r2, [sp, #4]
 1762              	.LBB205:
 153:MiniCABClassifier.cpp ****     }
 1763              		.loc 1 153 16 view .LVU592
 1764 001a 4FF48072 		mov	r2, #256
 1765              	.LVL134:
 153:MiniCABClassifier.cpp ****     }
 1766              		.loc 1 153 16 view .LVU593
 1767 001e FFF7FEFF 		bl	memset
 1768              	.LVL135:
 1769              	.L119:
 153:MiniCABClassifier.cpp ****     }
 1770              		.loc 1 153 16 view .LVU594
 1771              	.LBE205:
 1772              	.LBB206:
 1773              	.LBB197:
 1774              	.LBB198:
 161:MiniCABClassifier.cpp ****             float v = ConvFilterValue(seq, f, t);
 1775              		.loc 1 161 26 is_stmt 1 discriminator 1 view .LVU595
 161:MiniCABClassifier.cpp ****             float v = ConvFilterValue(seq, f, t);
 1776              		.loc 1 161 17 is_stmt 0 view .LVU596
 1777 0022 0024     		movs	r4, #0
 1778              	.LBE198:
 158:MiniCABClassifier.cpp ****         float lastVal = 0.0f;
 1779              		.loc 1 158 15 view .LVU597
 1780 0024 DFEDE18A 		vldr.32	s17, .L180
ARM GAS  /var/folders/6_/psd2b8g56p7696hhrr4ztjs00000gn/T//ccrN3Asy.s 			page 50


 157:MiniCABClassifier.cpp ****         float sumVal = 0.0f;
 1781              		.loc 1 157 15 view .LVU598
 1782 0028 9FEDE18A 		vldr.32	s16, .L180+4
 1783              	.LVL136:
 1784              	.L120:
 1785              	.LBB201:
 1786              	.LBB199:
 162:MiniCABClassifier.cpp ****             v = tanhf(v);
 1787              		.loc 1 162 13 is_stmt 1 view .LVU599
 162:MiniCABClassifier.cpp ****             v = tanhf(v);
 1788              		.loc 1 162 38 is_stmt 0 view .LVU600
 1789 002c 2346     		mov	r3, r4
 1790 002e 2A46     		mov	r2, r5
 1791 0030 3946     		mov	r1, r7
 1792 0032 3046     		mov	r0, r6
 1793 0034 FFF7FEFF 		bl	_ZNK17MiniCABClassifier15ConvFilterValueEPA12_Kfii
 1794              	.LVL137:
 163:MiniCABClassifier.cpp **** 
 1795              		.loc 1 163 13 is_stmt 1 view .LVU601
 1796              	.LBE199:
 161:MiniCABClassifier.cpp ****             float v = ConvFilterValue(seq, f, t);
 1797              		.loc 1 161 9 is_stmt 0 discriminator 2 view .LVU602
 1798 0038 0134     		adds	r4, r4, #1
 1799              	.LVL138:
 1800              	.LBB200:
 163:MiniCABClassifier.cpp **** 
 1801              		.loc 1 163 22 view .LVU603
 1802 003a FFF7FEFF 		bl	tanhf
 1803              	.LVL139:
 165:MiniCABClassifier.cpp ****                 maxVal = v;
 1804              		.loc 1 165 13 is_stmt 1 view .LVU604
 1805 003e B4EEC80A 		vcmpe.f32	s0, s16
 169:MiniCABClassifier.cpp ****             lastVal = v;
 1806              		.loc 1 169 20 is_stmt 0 view .LVU605
 1807 0042 78EE808A 		vadd.f32	s17, s17, s0
 1808              	.LVL140:
 169:MiniCABClassifier.cpp ****             lastVal = v;
 1809              		.loc 1 169 20 view .LVU606
 1810 0046 F1EE10FA 		vmrs	APSR_nzcv, FPSCR
 1811 004a 30FE088A 		vselgt.f32	s16, s0, s16
 1812              	.LVL141:
 169:MiniCABClassifier.cpp ****             lastVal = v;
 1813              		.loc 1 169 13 is_stmt 1 view .LVU607
 170:MiniCABClassifier.cpp ****         }
 1814              		.loc 1 170 13 view .LVU608
 170:MiniCABClassifier.cpp ****         }
 1815              		.loc 1 170 13 is_stmt 0 view .LVU609
 1816              	.LBE200:
 161:MiniCABClassifier.cpp ****             float v = ConvFilterValue(seq, f, t);
 1817              		.loc 1 161 9 is_stmt 1 discriminator 2 view .LVU610
 161:MiniCABClassifier.cpp ****             float v = ConvFilterValue(seq, f, t);
 1818              		.loc 1 161 26 discriminator 1 view .LVU611
 1819 004e FC2C     		cmp	r4, #252
 1820 0050 ECD1     		bne	.L120
 1821              	.LBE201:
 173:MiniCABClassifier.cpp ****         rep[f + numConvFilters] = maxVal;
 1822              		.loc 1 173 9 view .LVU612
ARM GAS  /var/folders/6_/psd2b8g56p7696hhrr4ztjs00000gn/T//ccrN3Asy.s 			page 51


 173:MiniCABClassifier.cpp ****         rep[f + numConvFilters] = maxVal;
 1823              		.loc 1 173 25 is_stmt 0 view .LVU613
 1824 0052 9FEDD87A 		vldr.32	s14, .L180+8
 1825              	.LBE197:
 156:MiniCABClassifier.cpp ****         float maxVal = -1000000000.0f;
 1826              		.loc 1 156 5 discriminator 2 view .LVU614
 1827 0056 0135     		adds	r5, r5, #1
 1828              	.LVL142:
 1829              	.LBB202:
 173:MiniCABClassifier.cpp ****         rep[f + numConvFilters] = maxVal;
 1830              		.loc 1 173 25 view .LVU615
 1831 0058 C8EE877A 		vdiv.f32	s15, s17, s14
 1832              	.LBE202:
 156:MiniCABClassifier.cpp ****         float maxVal = -1000000000.0f;
 1833              		.loc 1 156 22 discriminator 1 view .LVU616
 1834 005c 082D     		cmp	r5, #8
 1835              	.LBB203:
 173:MiniCABClassifier.cpp ****         rep[f + numConvFilters] = maxVal;
 1836              		.loc 1 173 16 view .LVU617
 1837 005e E8EC017A 		vstmia.32	r8!, {s15}
 174:MiniCABClassifier.cpp ****         rep[f + 2 * numConvFilters] = lastVal;
 1838              		.loc 1 174 9 is_stmt 1 view .LVU618
 174:MiniCABClassifier.cpp ****         rep[f + 2 * numConvFilters] = lastVal;
 1839              		.loc 1 174 33 is_stmt 0 view .LVU619
 1840 0062 88ED078A 		vstr.32	s16, [r8, #28]
 175:MiniCABClassifier.cpp ****     }
 1841              		.loc 1 175 9 is_stmt 1 view .LVU620
 175:MiniCABClassifier.cpp ****     }
 1842              		.loc 1 175 37 is_stmt 0 view .LVU621
 1843 0066 88ED0F0A 		vstr.32	s0, [r8, #60]
 1844              	.LBE203:
 156:MiniCABClassifier.cpp ****         float maxVal = -1000000000.0f;
 1845              		.loc 1 156 5 is_stmt 1 discriminator 2 view .LVU622
 1846              	.LVL143:
 156:MiniCABClassifier.cpp ****         float maxVal = -1000000000.0f;
 1847              		.loc 1 156 22 discriminator 1 view .LVU623
 1848 006a DAD1     		bne	.L119
 1849              	.LBE206:
 1850              	.LBB207:
 184:MiniCABClassifier.cpp ****         maxVal[j] = -1000000000.0f;
 1851              		.loc 1 184 17 is_stmt 0 view .LVU624
 1852 006c 0DF11008 		add	r8, sp, #16
 1853 0070 3022     		movs	r2, #48
 1854 0072 0021     		movs	r1, #0
 1855 0074 4046     		mov	r0, r8
 1856 0076 FFF7FEFF 		bl	memset
 1857              	.LVL144:
 184:MiniCABClassifier.cpp ****         maxVal[j] = -1000000000.0f;
 1858              		.loc 1 184 17 view .LVU625
 1859 007a 10AB     		add	r3, sp, #64
 1860 007c 1CAA     		add	r2, sp, #112
 1861              	.LVL145:
 1862              	.L122:
 184:MiniCABClassifier.cpp ****         maxVal[j] = -1000000000.0f;
 1863              		.loc 1 184 9 is_stmt 1 view .LVU626
 185:MiniCABClassifier.cpp ****         minVal[j] = 1000000000.0f;
 1864              		.loc 1 185 9 view .LVU627
ARM GAS  /var/folders/6_/psd2b8g56p7696hhrr4ztjs00000gn/T//ccrN3Asy.s 			page 52


 186:MiniCABClassifier.cpp ****         motion[j] = 0.0f;
 1865              		.loc 1 186 19 is_stmt 0 view .LVU628
 1866 007e CE49     		ldr	r1, .L180+12
 185:MiniCABClassifier.cpp ****         minVal[j] = 1000000000.0f;
 1867              		.loc 1 185 19 view .LVU629
 1868 0080 DFEDCB8A 		vldr.32	s17, .L180+4
 186:MiniCABClassifier.cpp ****         motion[j] = 0.0f;
 1869              		.loc 1 186 19 view .LVU630
 1870 0084 42F8041B 		str	r1, [r2], #4	@ float
 183:MiniCABClassifier.cpp ****         mean[j] = 0.0f;
 1871              		.loc 1 183 22 discriminator 1 view .LVU631
 1872 0088 1CA9     		add	r1, sp, #112
 185:MiniCABClassifier.cpp ****         minVal[j] = 1000000000.0f;
 1873              		.loc 1 185 19 view .LVU632
 1874 008a E3EC018A 		vstmia.32	r3!, {s17}
 186:MiniCABClassifier.cpp ****         motion[j] = 0.0f;
 1875              		.loc 1 186 9 is_stmt 1 view .LVU633
 187:MiniCABClassifier.cpp ****     }
 1876              		.loc 1 187 9 view .LVU634
 183:MiniCABClassifier.cpp ****         mean[j] = 0.0f;
 1877              		.loc 1 183 5 discriminator 3 view .LVU635
 183:MiniCABClassifier.cpp ****         mean[j] = 0.0f;
 1878              		.loc 1 183 22 discriminator 1 view .LVU636
 1879 008e 8B42     		cmp	r3, r1
 1880 0090 F5D1     		bne	.L122
 1881 0092 07F13004 		add	r4, r7, #48
 1882              	.LVL146:
 187:MiniCABClassifier.cpp ****     }
 1883              		.loc 1 187 19 is_stmt 0 view .LVU637
 1884 0096 0021     		movs	r1, #0
 1885 0098 3022     		movs	r2, #48
 1886 009a 28A8     		add	r0, sp, #160
 1887              	.LBE207:
 190:MiniCABClassifier.cpp ****     float gapMax = -1000000000.0f;
 1888              		.loc 1 190 11 view .LVU638
 1889 009c B0EE689A 		vmov.f32	s18, s17
 1890              	.LBB208:
 187:MiniCABClassifier.cpp ****     }
 1891              		.loc 1 187 19 view .LVU639
 1892 00a0 FFF7FEFF 		bl	memset
 1893              	.LVL147:
 1894 00a4 2546     		mov	r5, r4
 1895              	.LVL148:
 187:MiniCABClassifier.cpp ****     }
 1896              		.loc 1 187 19 view .LVU640
 1897 00a6 3046     		mov	r0, r6
 1898 00a8 3946     		mov	r1, r7
 1899 00aa 0026     		movs	r6, #0
 1900              	.LVL149:
 187:MiniCABClassifier.cpp ****     }
 1901              		.loc 1 187 19 view .LVU641
 1902 00ac CDE90249 		strd	r4, r9, [sp, #8]
 1903              	.L123:
 1904              	.LVL150:
 187:MiniCABClassifier.cpp ****     }
 1905              		.loc 1 187 19 view .LVU642
 1906              	.LBE208:
ARM GAS  /var/folders/6_/psd2b8g56p7696hhrr4ztjs00000gn/T//ccrN3Asy.s 			page 53


 1907              	.LBB209:
 1908              	.LBB210:
 1909              	.LBB211:
 194:MiniCABClassifier.cpp ****             float v = seq[t][j];
 1910              		.loc 1 194 26 is_stmt 1 discriminator 1 view .LVU643
 1911 00b0 C246     		mov	r10, r8
 1912 00b2 A5F1600B 		sub	fp, r5, #96
 1913              	.LBB212:
 195:MiniCABClassifier.cpp ****             mean[j] += v;
 1914              		.loc 1 195 28 is_stmt 0 view .LVU644
 1915 00b6 28AB     		add	r3, sp, #160
 1916 00b8 0DF1700E 		add	lr, sp, #112
 1917 00bc 0DF1400C 		add	ip, sp, #64
 1918 00c0 4446     		mov	r4, r8
 1919 00c2 0A46     		mov	r2, r1
 1920              	.LVL151:
 1921              	.L125:
 195:MiniCABClassifier.cpp ****             mean[j] += v;
 1922              		.loc 1 195 13 is_stmt 1 view .LVU645
 207:MiniCABClassifier.cpp ****             }
 1923              		.loc 1 207 17 view .LVU646
 1924              	.LBE212:
 194:MiniCABClassifier.cpp ****             float v = seq[t][j];
 1925              		.loc 1 194 9 discriminator 2 view .LVU647
 194:MiniCABClassifier.cpp ****             float v = seq[t][j];
 1926              		.loc 1 194 26 discriminator 1 view .LVU648
 1927              	.LBB213:
 195:MiniCABClassifier.cpp ****             mean[j] += v;
 1928              		.loc 1 195 19 is_stmt 0 view .LVU649
 1929 00c4 F2EC017A 		vldmia.32	r2!, {s15}
 1930              	.LVL152:
 196:MiniCABClassifier.cpp **** 
 1931              		.loc 1 196 13 is_stmt 1 view .LVU650
 198:MiniCABClassifier.cpp ****                 maxVal[j] = v;
 1932              		.loc 1 198 28 is_stmt 0 view .LVU651
 1933 00c8 DCED006A 		vldr.32	s13, [ip]
 202:MiniCABClassifier.cpp ****                 minVal[j] = v;
 1934              		.loc 1 202 28 view .LVU652
 1935 00cc 9EED007A 		vldr.32	s14, [lr]
 1936 00d0 F4EEE67A 		vcmpe.f32	s15, s13
 196:MiniCABClassifier.cpp **** 
 1937              		.loc 1 196 19 view .LVU653
 1938 00d4 94ED006A 		vldr.32	s12, [r4]
 196:MiniCABClassifier.cpp **** 
 1939              		.loc 1 196 21 view .LVU654
 1940 00d8 36EE276A 		vadd.f32	s12, s12, s15
 1941 00dc F1EE10FA 		vmrs	APSR_nzcv, FPSCR
 1942 00e0 B4EEE77A 		vcmpe.f32	s14, s15
 1943 00e4 A4EC016A 		vstmia.32	r4!, {s12}
 198:MiniCABClassifier.cpp ****                 maxVal[j] = v;
 1944              		.loc 1 198 13 is_stmt 1 view .LVU655
 1945 00e8 77FEA66A 		vselgt.f32	s13, s15, s13
 1946 00ec ECEC016A 		vstmia.32	ip!, {s13}
 202:MiniCABClassifier.cpp ****                 minVal[j] = v;
 1947              		.loc 1 202 13 view .LVU656
 1948 00f0 F1EE10FA 		vmrs	APSR_nzcv, FPSCR
 1949 00f4 37FE877A 		vselgt.f32	s14, s15, s14
ARM GAS  /var/folders/6_/psd2b8g56p7696hhrr4ztjs00000gn/T//ccrN3Asy.s 			page 54


 1950 00f8 AEEC017A 		vstmia.32	lr!, {s14}
 206:MiniCABClassifier.cpp ****                 motion[j] += fabsf(seq[t][j] - seq[t - 1][j]);
 1951              		.loc 1 206 13 view .LVU657
 1952 00fc 5EB1     		cbz	r6, .L124
 207:MiniCABClassifier.cpp ****             }
 1953              		.loc 1 207 46 is_stmt 0 view .LVU658
 1954 00fe DBED006A 		vldr.32	s13, [fp]
 207:MiniCABClassifier.cpp ****             }
 1955              		.loc 1 207 27 view .LVU659
 1956 0102 93ED007A 		vldr.32	s14, [r3]
 207:MiniCABClassifier.cpp ****             }
 1957              		.loc 1 207 46 view .LVU660
 1958 0106 77EEE67A 		vsub.f32	s15, s15, s13
 1959              	.LVL153:
 207:MiniCABClassifier.cpp ****             }
 1960              		.loc 1 207 35 view .LVU661
 1961 010a F0EEE77A 		vabs.f32	s15, s15
 207:MiniCABClassifier.cpp ****             }
 1962              		.loc 1 207 27 view .LVU662
 1963 010e 77EE277A 		vadd.f32	s15, s14, s15
 1964 0112 C3ED007A 		vstr.32	s15, [r3]
 1965              	.L124:
 1966              	.LBE213:
 194:MiniCABClassifier.cpp ****             float v = seq[t][j];
 1967              		.loc 1 194 26 discriminator 1 view .LVU663
 1968 0116 AA42     		cmp	r2, r5
 1969 0118 03F10403 		add	r3, r3, #4
 1970 011c 0BF1040B 		add	fp, fp, #4
 1971 0120 D0D1     		bne	.L125
 1972              	.LBE211:
 211:MiniCABClassifier.cpp ****         float gapLogit = GapAttentionLogit(seq[t]);
 1973              		.loc 1 211 9 is_stmt 1 view .LVU664
 211:MiniCABClassifier.cpp ****         float gapLogit = GapAttentionLogit(seq[t]);
 1974              		.loc 1 211 47 is_stmt 0 view .LVU665
 1975 0122 FFF7FEFF 		bl	_ZNK17MiniCABClassifier19EventAttentionLogitEPKf
 1976              	.LVL154:
 212:MiniCABClassifier.cpp **** 
 1977              		.loc 1 212 9 is_stmt 1 view .LVU666
 1978              	.LBB214:
 1979              	.LBI214:
 479:MiniCABClassifier.cpp ****     float quietness = -0.25f * fabsf(input[0]) - 0.20f * fabsf(input[1]) - 0.15f * fabsf(input[4]);
 1980              		.loc 1 479 7 view .LVU667
 1981              	.LBB215:
 480:MiniCABClassifier.cpp ****     float logit = 0.85f * input[11] + quietness;
 1982              		.loc 1 480 5 view .LVU668
 481:MiniCABClassifier.cpp **** 
 1983              		.loc 1 481 5 view .LVU669
 480:MiniCABClassifier.cpp ****     float logit = 0.85f * input[11] + quietness;
 1984              		.loc 1 480 63 is_stmt 0 view .LVU670
 1985 0126 15ED0B7A 		vldr.32	s14, [r5, #-44]
 480:MiniCABClassifier.cpp ****     float logit = 0.85f * input[11] + quietness;
 1986              		.loc 1 480 37 view .LVU671
 1987 012a 15ED0C6A 		vldr.32	s12, [r5, #-48]
 481:MiniCABClassifier.cpp **** 
 1988              		.loc 1 481 11 view .LVU672
 1989 012e BDEE004A 		vmov.f32	s8, #-2.5e-1
 480:MiniCABClassifier.cpp ****     float logit = 0.85f * input[11] + quietness;
ARM GAS  /var/folders/6_/psd2b8g56p7696hhrr4ztjs00000gn/T//ccrN3Asy.s 			page 55


 1990              		.loc 1 480 63 view .LVU673
 1991 0132 B0EEC77A 		vabs.f32	s14, s14
 480:MiniCABClassifier.cpp ****     float logit = 0.85f * input[11] + quietness;
 1992              		.loc 1 480 56 view .LVU674
 1993 0136 DFEDA17A 		vldr.32	s15, .L180+16
 480:MiniCABClassifier.cpp ****     float logit = 0.85f * input[11] + quietness;
 1994              		.loc 1 480 37 view .LVU675
 1995 013a B0EEC66A 		vabs.f32	s12, s12
 480:MiniCABClassifier.cpp ****     float logit = 0.85f * input[11] + quietness;
 1996              		.loc 1 480 89 view .LVU676
 1997 013e 55ED086A 		vldr.32	s13, [r5, #-32]
 481:MiniCABClassifier.cpp **** 
 1998              		.loc 1 481 11 view .LVU677
 1999 0142 DFED9F4A 		vldr.32	s9, .L180+20
 2000 0146 67EEC77A 		vnmul.f32	s15, s15, s14
 2001 014a 15ED015A 		vldr.32	s10, [r5, #-4]
 480:MiniCABClassifier.cpp ****     float logit = 0.85f * input[11] + quietness;
 2002              		.loc 1 480 89 view .LVU678
 2003 014e F0EEE66A 		vabs.f32	s13, s13
 481:MiniCABClassifier.cpp **** 
 2004              		.loc 1 481 11 view .LVU679
 2005 0152 DFED9C5A 		vldr.32	s11, .L180+24
 2006              	.LBB216:
 2007              	.LBB217:
 412:MiniCABClassifier.cpp ****         return lo;
 2008              		.loc 1 412 5 view .LVU680
 2009 0156 BAEE007A 		vmov.f32	s14, #-8.0e+0
 2010              	.LBE217:
 2011              	.LBE216:
 481:MiniCABClassifier.cpp **** 
 2012              		.loc 1 481 11 view .LVU681
 2013 015a E6EE047A 		vfma.f32	s15, s12, s8
 2014 015e E6EEE47A 		vfms.f32	s15, s13, s9
 2015 0162 E5EE257A 		vfma.f32	s15, s10, s11
 2016              	.LVL155:
 483:MiniCABClassifier.cpp **** }
 2017              		.loc 1 483 5 is_stmt 1 view .LVU682
 2018              	.LBB220:
 2019              	.LBI216:
 411:MiniCABClassifier.cpp ****     if(x < lo){
 2020              		.loc 1 411 7 view .LVU683
 2021              	.LBB218:
 412:MiniCABClassifier.cpp ****         return lo;
 2022              		.loc 1 412 5 view .LVU684
 2023 0166 F4EEC77A 		vcmpe.f32	s15, s14
 2024 016a F1EE10FA 		vmrs	APSR_nzcv, FPSCR
 2025 016e 00F1D581 		bmi	.L151
 416:MiniCABClassifier.cpp ****         return hi;
 2026              		.loc 1 416 5 view .LVU685
 2027 0172 B2EE007A 		vmov.f32	s14, #8.0e+0
 2028 0176 F4EEC77A 		vcmpe.f32	s15, s14
 2029 017a F1EE10FA 		vmrs	APSR_nzcv, FPSCR
 2030 017e 77FE277A 		vselgt.f32	s15, s14, s15
 2031              	.LVL156:
 2032              	.L126:
 416:MiniCABClassifier.cpp ****         return hi;
 2033              		.loc 1 416 5 is_stmt 0 view .LVU686
ARM GAS  /var/folders/6_/psd2b8g56p7696hhrr4ztjs00000gn/T//ccrN3Asy.s 			page 56


 2034              	.LBE218:
 2035              	.LBE220:
 2036              	.LBE215:
 2037              	.LBE214:
 214:MiniCABClassifier.cpp ****             eventMax = eventLogit;
 2038              		.loc 1 214 9 is_stmt 1 view .LVU687
 2039 0182 B4EEC90A 		vcmpe.f32	s0, s18
 2040              	.LBE210:
 193:MiniCABClassifier.cpp ****         for(int j = 0; j < inputSize; j++){
 2041              		.loc 1 193 5 is_stmt 0 discriminator 2 view .LVU688
 2042 0186 0136     		adds	r6, r6, #1
 2043              	.LVL157:
 193:MiniCABClassifier.cpp ****         for(int j = 0; j < inputSize; j++){
 2044              		.loc 1 193 22 discriminator 1 view .LVU689
 2045 0188 3031     		adds	r1, r1, #48
 2046 018a 3035     		adds	r5, r5, #48
 2047 018c F1EE10FA 		vmrs	APSR_nzcv, FPSCR
 2048 0190 F4EEE87A 		vcmpe.f32	s15, s17
 2049 0194 30FE099A 		vselgt.f32	s18, s0, s18
 2050              	.LVL158:
 2051              	.LBB224:
 218:MiniCABClassifier.cpp ****             gapMax = gapLogit;
 2052              		.loc 1 218 9 is_stmt 1 view .LVU690
 2053 0198 F1EE10FA 		vmrs	APSR_nzcv, FPSCR
 2054 019c 77FEA88A 		vselgt.f32	s17, s15, s17
 2055              	.LVL159:
 218:MiniCABClassifier.cpp ****             gapMax = gapLogit;
 2056              		.loc 1 218 9 is_stmt 0 view .LVU691
 2057              	.LBE224:
 193:MiniCABClassifier.cpp ****         for(int j = 0; j < inputSize; j++){
 2058              		.loc 1 193 5 is_stmt 1 discriminator 2 view .LVU692
 193:MiniCABClassifier.cpp ****         for(int j = 0; j < inputSize; j++){
 2059              		.loc 1 193 22 discriminator 1 view .LVU693
 2060 01a0 B6F5807F 		cmp	r6, #256
 2061 01a4 84D1     		bne	.L123
 2062 01a6 029C     		ldr	r4, [sp, #8]
 2063 01a8 28A9     		add	r1, sp, #160
 2064 01aa DDF80C90 		ldr	r9, [sp, #12]
 2065              	.LVL160:
 193:MiniCABClassifier.cpp ****         for(int j = 0; j < inputSize; j++){
 2066              		.loc 1 193 22 is_stmt 0 discriminator 1 view .LVU694
 2067 01ae 5246     		mov	r2, r10
 2068 01b0 0646     		mov	r6, r0
 2069              	.LVL161:
 193:MiniCABClassifier.cpp ****         for(int j = 0; j < inputSize; j++){
 2070              		.loc 1 193 22 discriminator 1 view .LVU695
 2071 01b2 08F13003 		add	r3, r8, #48
 2072              	.LVL162:
 2073              	.L128:
 193:MiniCABClassifier.cpp ****         for(int j = 0; j < inputSize; j++){
 2074              		.loc 1 193 22 discriminator 1 view .LVU696
 2075              	.LBE209:
 2076              	.LBB226:
 224:MiniCABClassifier.cpp ****         motion[j] /= (float)(timeSteps - 1);
 2077              		.loc 1 224 9 is_stmt 1 view .LVU697
 225:MiniCABClassifier.cpp ****     }
 2078              		.loc 1 225 17 is_stmt 0 view .LVU698
ARM GAS  /var/folders/6_/psd2b8g56p7696hhrr4ztjs00000gn/T//ccrN3Asy.s 			page 57


 2079 01b6 D1ED005A 		vldr.32	s11, [r1]
 225:MiniCABClassifier.cpp ****     }
 2080              		.loc 1 225 19 view .LVU699
 2081 01ba 9FED836A 		vldr.32	s12, .L180+28
 224:MiniCABClassifier.cpp ****         motion[j] /= (float)(timeSteps - 1);
 2082              		.loc 1 224 15 view .LVU700
 2083 01be D2ED007A 		vldr.32	s15, [r2]
 225:MiniCABClassifier.cpp ****     }
 2084              		.loc 1 225 19 view .LVU701
 2085 01c2 85EE867A 		vdiv.f32	s14, s11, s12
 224:MiniCABClassifier.cpp ****         motion[j] /= (float)(timeSteps - 1);
 2086              		.loc 1 224 17 view .LVU702
 2087 01c6 DFED816A 		vldr.32	s13, .L180+32
 2088 01ca 67EEA67A 		vmul.f32	s15, s15, s13
 2089 01ce E2EC017A 		vstmia.32	r2!, {s15}
 225:MiniCABClassifier.cpp ****     }
 2090              		.loc 1 225 9 is_stmt 1 view .LVU703
 223:MiniCABClassifier.cpp ****         mean[j] /= (float)timeSteps;
 2091              		.loc 1 223 22 is_stmt 0 discriminator 1 view .LVU704
 2092 01d2 9342     		cmp	r3, r2
 225:MiniCABClassifier.cpp ****     }
 2093              		.loc 1 225 19 view .LVU705
 2094 01d4 A1EC017A 		vstmia.32	r1!, {s14}
 223:MiniCABClassifier.cpp ****         mean[j] /= (float)timeSteps;
 2095              		.loc 1 223 5 is_stmt 1 discriminator 3 view .LVU706
 223:MiniCABClassifier.cpp ****         mean[j] /= (float)timeSteps;
 2096              		.loc 1 223 22 discriminator 1 view .LVU707
 2097 01d8 EDD1     		bne	.L128
 2098              	.LBE226:
 229:MiniCABClassifier.cpp ****     float eventMean[inputSize];
 2099              		.loc 1 229 11 is_stmt 0 view .LVU708
 2100 01da 9FED74BA 		vldr.32	s22, .L180
 2101              	.LBB227:
 234:MiniCABClassifier.cpp ****         gapMean[j] = 0.0f;
 2102              		.loc 1 234 22 view .LVU709
 2103 01de 3022     		movs	r2, #48
 2104 01e0 0021     		movs	r1, #0
 2105              	.LBE227:
 240:MiniCABClassifier.cpp **** 
 2106              		.loc 1 240 9 view .LVU710
 2107 01e2 4FF0000B 		mov	fp, #0
 2108              	.LBB228:
 234:MiniCABClassifier.cpp ****         gapMean[j] = 0.0f;
 2109              		.loc 1 234 22 view .LVU711
 2110 01e6 34A8     		add	r0, sp, #208
 2111              	.LVL163:
 234:MiniCABClassifier.cpp ****         gapMean[j] = 0.0f;
 2112              		.loc 1 234 22 view .LVU712
 2113              	.LBE228:
 238:MiniCABClassifier.cpp ****     int quietFrames = 0;
 2114              		.loc 1 238 9 view .LVU713
 2115 01e8 43F23005 		movw	r5, #12336
 2116              	.LBB229:
 234:MiniCABClassifier.cpp ****         gapMean[j] = 0.0f;
 2117              		.loc 1 234 22 view .LVU714
 2118 01ec FFF7FEFF 		bl	memset
 2119              	.LVL164:
ARM GAS  /var/folders/6_/psd2b8g56p7696hhrr4ztjs00000gn/T//ccrN3Asy.s 			page 58


 234:MiniCABClassifier.cpp ****         gapMean[j] = 0.0f;
 2120              		.loc 1 234 22 view .LVU715
 2121              	.LBE229:
 228:MiniCABClassifier.cpp ****     float gapSum = 0.0f;
 2122              		.loc 1 228 11 view .LVU716
 2123 01f0 F0EE4BBA 		vmov.f32	s23, s22
 2124              	.LBB230:
 235:MiniCABClassifier.cpp ****     }
 2125              		.loc 1 235 20 view .LVU717
 2126 01f4 3022     		movs	r2, #48
 2127 01f6 0021     		movs	r1, #0
 2128 01f8 40A8     		add	r0, sp, #256
 2129              	.LBE230:
 238:MiniCABClassifier.cpp ****     int quietFrames = 0;
 2130              		.loc 1 238 9 view .LVU718
 2131 01fa 7D19     		adds	r5, r7, r5
 2132              	.LBB231:
 235:MiniCABClassifier.cpp ****     }
 2133              		.loc 1 235 20 view .LVU719
 2134 01fc FFF7FEFF 		bl	memset
 2135              	.LVL165:
 2136              	.LBE231:
 238:MiniCABClassifier.cpp ****     int quietFrames = 0;
 2137              		.loc 1 238 9 view .LVU720
 2138 0200 DA46     		mov	r10, fp
 2139 0202 0397     		str	r7, [sp, #12]
 2140 0204 2746     		mov	r7, r4
 2141              	.LVL166:
 238:MiniCABClassifier.cpp ****     int quietFrames = 0;
 2142              		.loc 1 238 9 view .LVU721
 2143 0206 5C46     		mov	r4, fp
 2144 0208 CDF80890 		str	r9, [sp, #8]
 2145              	.LVL167:
 2146              	.L145:
 2147              	.LBB232:
 2148              	.LBB233:
 243:MiniCABClassifier.cpp ****         float gapWeight = expf(GapAttentionLogit(seq[t]) - gapMax);
 2149              		.loc 1 243 9 is_stmt 1 view .LVU722
 2150 020c A7F13009 		sub	r9, r7, #48
 243:MiniCABClassifier.cpp ****         float gapWeight = expf(GapAttentionLogit(seq[t]) - gapMax);
 2151              		.loc 1 243 53 is_stmt 0 view .LVU723
 2152 0210 3046     		mov	r0, r6
 2153 0212 4946     		mov	r1, r9
 2154 0214 FFF7FEFF 		bl	_ZNK17MiniCABClassifier19EventAttentionLogitEPKf
 2155              	.LVL168:
 243:MiniCABClassifier.cpp ****         float gapWeight = expf(GapAttentionLogit(seq[t]) - gapMax);
 2156              		.loc 1 243 33 discriminator 1 view .LVU724
 2157 0218 30EE490A 		vsub.f32	s0, s0, s18
 2158 021c FFF7FEFF 		bl	expf
 2159              	.LVL169:
 2160              	.LBB234:
 2161              	.LBB235:
 480:MiniCABClassifier.cpp ****     float logit = 0.85f * input[11] + quietness;
 2162              		.loc 1 480 71 view .LVU725
 2163 0220 57ED0BAA 		vldr.32	s21, [r7, #-44]
 480:MiniCABClassifier.cpp ****     float logit = 0.85f * input[11] + quietness;
 2164              		.loc 1 480 45 view .LVU726
ARM GAS  /var/folders/6_/psd2b8g56p7696hhrr4ztjs00000gn/T//ccrN3Asy.s 			page 59


 2165 0224 57ED0C9A 		vldr.32	s19, [r7, #-48]
 481:MiniCABClassifier.cpp **** 
 2166              		.loc 1 481 11 view .LVU727
 2167 0228 FDEE005A 		vmov.f32	s11, #-2.5e-1
 480:MiniCABClassifier.cpp ****     float logit = 0.85f * input[11] + quietness;
 2168              		.loc 1 480 63 view .LVU728
 2169 022c B0EEEA6A 		vabs.f32	s12, s21
 480:MiniCABClassifier.cpp ****     float logit = 0.85f * input[11] + quietness;
 2170              		.loc 1 480 56 view .LVU729
 2171 0230 DFED627A 		vldr.32	s15, .L180+16
 480:MiniCABClassifier.cpp ****     float logit = 0.85f * input[11] + quietness;
 2172              		.loc 1 480 37 view .LVU730
 2173 0234 B0EEE95A 		vabs.f32	s10, s19
 480:MiniCABClassifier.cpp ****     float logit = 0.85f * input[11] + quietness;
 2174              		.loc 1 480 97 view .LVU731
 2175 0238 17ED08CA 		vldr.32	s24, [r7, #-32]
 481:MiniCABClassifier.cpp **** 
 2176              		.loc 1 481 11 view .LVU732
 2177 023c DFED606A 		vldr.32	s13, .L180+20
 2178              	.LBE235:
 2179              	.LBE234:
 243:MiniCABClassifier.cpp ****         float gapWeight = expf(GapAttentionLogit(seq[t]) - gapMax);
 2180              		.loc 1 243 33 discriminator 1 view .LVU733
 2181 0240 B0EE408A 		vmov.f32	s16, s0
 2182              	.LVL170:
 244:MiniCABClassifier.cpp **** 
 2183              		.loc 1 244 9 is_stmt 1 view .LVU734
 2184              	.LBB241:
 2185              	.LBI234:
 479:MiniCABClassifier.cpp ****     float quietness = -0.25f * fabsf(input[0]) - 0.20f * fabsf(input[1]) - 0.15f * fabsf(input[4]);
 2186              		.loc 1 479 7 view .LVU735
 2187              	.LBB240:
 480:MiniCABClassifier.cpp ****     float logit = 0.85f * input[11] + quietness;
 2188              		.loc 1 480 5 view .LVU736
 481:MiniCABClassifier.cpp **** 
 2189              		.loc 1 481 5 view .LVU737
 481:MiniCABClassifier.cpp **** 
 2190              		.loc 1 481 11 is_stmt 0 view .LVU738
 2191 0244 67EEC67A 		vnmul.f32	s15, s15, s12
 481:MiniCABClassifier.cpp **** 
 2192              		.loc 1 481 35 view .LVU739
 2193 0248 17ED01AA 		vldr.32	s20, [r7, #-4]
 480:MiniCABClassifier.cpp ****     float logit = 0.85f * input[11] + quietness;
 2194              		.loc 1 480 89 view .LVU740
 2195 024c B0EECC6A 		vabs.f32	s12, s24
 481:MiniCABClassifier.cpp **** 
 2196              		.loc 1 481 11 view .LVU741
 2197 0250 9FED5C7A 		vldr.32	s14, .L180+24
 2198              	.LBB236:
 2199              	.LBB237:
 412:MiniCABClassifier.cpp ****         return lo;
 2200              		.loc 1 412 5 view .LVU742
 2201 0254 BAEE000A 		vmov.f32	s0, #-8.0e+0
 2202              	.LVL171:
 412:MiniCABClassifier.cpp ****         return lo;
 2203              		.loc 1 412 5 view .LVU743
 2204              	.LBE237:
ARM GAS  /var/folders/6_/psd2b8g56p7696hhrr4ztjs00000gn/T//ccrN3Asy.s 			page 60


 2205              	.LBE236:
 481:MiniCABClassifier.cpp **** 
 2206              		.loc 1 481 11 view .LVU744
 2207 0258 E5EE257A 		vfma.f32	s15, s10, s11
 2208 025c E6EE667A 		vfms.f32	s15, s12, s13
 2209 0260 EAEE077A 		vfma.f32	s15, s20, s14
 2210              	.LVL172:
 483:MiniCABClassifier.cpp **** }
 2211              		.loc 1 483 5 is_stmt 1 view .LVU745
 2212              	.LBB239:
 2213              	.LBI236:
 411:MiniCABClassifier.cpp ****     if(x < lo){
 2214              		.loc 1 411 7 view .LVU746
 2215              	.LBB238:
 412:MiniCABClassifier.cpp ****         return lo;
 2216              		.loc 1 412 5 view .LVU747
 2217 0264 F4EEC07A 		vcmpe.f32	s15, s0
 2218 0268 F1EE10FA 		vmrs	APSR_nzcv, FPSCR
 2219 026c 07D4     		bmi	.L129
 416:MiniCABClassifier.cpp ****         return hi;
 2220              		.loc 1 416 5 view .LVU748
 2221 026e B2EE000A 		vmov.f32	s0, #8.0e+0
 2222 0272 F4EEC07A 		vcmpe.f32	s15, s0
 2223 0276 F1EE10FA 		vmrs	APSR_nzcv, FPSCR
 2224 027a 30FE270A 		vselgt.f32	s0, s0, s15
 2225              	.L129:
 2226              	.LVL173:
 416:MiniCABClassifier.cpp ****         return hi;
 2227              		.loc 1 416 5 is_stmt 0 view .LVU749
 2228              	.LBE238:
 2229              	.LBE239:
 2230              	.LBE240:
 2231              	.LBE241:
 244:MiniCABClassifier.cpp **** 
 2232              		.loc 1 244 31 discriminator 1 view .LVU750
 2233 027e 30EE680A 		vsub.f32	s0, s0, s17
 2234 0282 FFF7FEFF 		bl	expf
 2235              	.LVL174:
 246:MiniCABClassifier.cpp ****         gapSum += gapWeight;
 2236              		.loc 1 246 9 is_stmt 1 view .LVU751
 2237 0286 40A8     		add	r0, sp, #256
 246:MiniCABClassifier.cpp ****         gapSum += gapWeight;
 2238              		.loc 1 246 18 is_stmt 0 view .LVU752
 2239 0288 7BEE88BA 		vadd.f32	s23, s23, s16
 2240              	.LVL175:
 247:MiniCABClassifier.cpp **** 
 2241              		.loc 1 247 9 is_stmt 1 view .LVU753
 247:MiniCABClassifier.cpp **** 
 2242              		.loc 1 247 16 is_stmt 0 view .LVU754
 2243 028c 34AA     		add	r2, sp, #208
 2244 028e 3BEE00BA 		vadd.f32	s22, s22, s0
 2245              	.LVL176:
 249:MiniCABClassifier.cpp ****             eventMean[j] += eventWeight * seq[t][j];
 2246              		.loc 1 249 9 is_stmt 1 view .LVU755
 2247              	.LBB242:
 249:MiniCABClassifier.cpp ****             eventMean[j] += eventWeight * seq[t][j];
 2248              		.loc 1 249 26 discriminator 1 view .LVU756
ARM GAS  /var/folders/6_/psd2b8g56p7696hhrr4ztjs00000gn/T//ccrN3Asy.s 			page 61


 2249              	.LBE242:
 247:MiniCABClassifier.cpp **** 
 2250              		.loc 1 247 16 is_stmt 0 view .LVU757
 2251 0292 8446     		mov	ip, r0
 2252              	.LVL177:
 2253              	.L130:
 2254              	.LBB243:
 250:MiniCABClassifier.cpp ****             gapMean[j] += gapWeight * seq[t][j];
 2255              		.loc 1 250 13 is_stmt 1 view .LVU758
 250:MiniCABClassifier.cpp ****             gapMean[j] += gapWeight * seq[t][j];
 2256              		.loc 1 250 51 is_stmt 0 view .LVU759
 2257 0294 F9EC016A 		vldmia.32	r9!, {s13}
 250:MiniCABClassifier.cpp ****             gapMean[j] += gapWeight * seq[t][j];
 2258              		.loc 1 250 24 view .LVU760
 2259 0298 92ED007A 		vldr.32	s14, [r2]
 251:MiniCABClassifier.cpp ****         }
 2260              		.loc 1 251 22 view .LVU761
 2261 029c DCED007A 		vldr.32	s15, [ip]
 249:MiniCABClassifier.cpp ****             eventMean[j] += eventWeight * seq[t][j];
 2262              		.loc 1 249 26 discriminator 1 view .LVU762
 2263 02a0 B945     		cmp	r9, r7
 250:MiniCABClassifier.cpp ****             gapMean[j] += gapWeight * seq[t][j];
 2264              		.loc 1 250 26 view .LVU763
 2265 02a2 A6EE887A 		vfma.f32	s14, s13, s16
 251:MiniCABClassifier.cpp ****         }
 2266              		.loc 1 251 24 view .LVU764
 2267 02a6 E6EE807A 		vfma.f32	s15, s13, s0
 250:MiniCABClassifier.cpp ****             gapMean[j] += gapWeight * seq[t][j];
 2268              		.loc 1 250 26 view .LVU765
 2269 02aa A2EC017A 		vstmia.32	r2!, {s14}
 251:MiniCABClassifier.cpp ****         }
 2270              		.loc 1 251 13 is_stmt 1 view .LVU766
 251:MiniCABClassifier.cpp ****         }
 2271              		.loc 1 251 24 is_stmt 0 view .LVU767
 2272 02ae ECEC017A 		vstmia.32	ip!, {s15}
 249:MiniCABClassifier.cpp ****             eventMean[j] += eventWeight * seq[t][j];
 2273              		.loc 1 249 9 is_stmt 1 discriminator 3 view .LVU768
 249:MiniCABClassifier.cpp ****             eventMean[j] += eventWeight * seq[t][j];
 2274              		.loc 1 249 26 discriminator 1 view .LVU769
 2275 02b2 EFD1     		bne	.L130
 2276              	.LBE243:
 254:MiniCABClassifier.cpp ****             activeFrames++;
 2277              		.loc 1 254 9 view .LVU770
 2278 02b4 F5EEC09A 		vcmpe.f32	s19, #0
 2279 02b8 F1EE10FA 		vmrs	APSR_nzcv, FPSCR
 2280 02bc 40F30581 		ble	.L175
 2281              	.L179:
 255:MiniCABClassifier.cpp ****         }
 2282              		.loc 1 255 13 view .LVU771
 255:MiniCABClassifier.cpp ****         }
 2283              		.loc 1 255 25 is_stmt 0 view .LVU772
 2284 02c0 0AF1010A 		add	r10, r10, #1
 2285              	.LVL178:
 258:MiniCABClassifier.cpp ****             quietFrames++;
 2286              		.loc 1 258 9 is_stmt 1 view .LVU773
 2287              	.L133:
 262:MiniCABClassifier.cpp ****             longGapFrames++;
ARM GAS  /var/folders/6_/psd2b8g56p7696hhrr4ztjs00000gn/T//ccrN3Asy.s 			page 62


 2288              		.loc 1 262 9 view .LVU774
 2289 02c4 F6EE007A 		vmov.f32	s15, #5.0e-1
 2290 02c8 B4EEE7AA 		vcmpe.f32	s20, s15
 2291 02cc F1EE10FA 		vmrs	APSR_nzcv, FPSCR
 2292 02d0 01DD     		ble	.L143
 263:MiniCABClassifier.cpp ****         }
 2293              		.loc 1 263 13 view .LVU775
 263:MiniCABClassifier.cpp ****         }
 2294              		.loc 1 263 26 is_stmt 0 view .LVU776
 2295 02d2 0BF1010B 		add	fp, fp, #1
 2296              	.LVL179:
 2297              	.L143:
 263:MiniCABClassifier.cpp ****         }
 2298              		.loc 1 263 26 view .LVU777
 2299              	.LBE233:
 242:MiniCABClassifier.cpp ****         float eventWeight = expf(EventAttentionLogit(seq[t]) - eventMax);
 2300              		.loc 1 242 5 is_stmt 1 discriminator 2 view .LVU778
 242:MiniCABClassifier.cpp ****         float eventWeight = expf(EventAttentionLogit(seq[t]) - eventMax);
 2301              		.loc 1 242 22 discriminator 1 view .LVU779
 2302 02d6 3037     		adds	r7, r7, #48
 2303 02d8 AF42     		cmp	r7, r5
 2304 02da 97D1     		bne	.L145
 242:MiniCABClassifier.cpp ****         float eventWeight = expf(EventAttentionLogit(seq[t]) - eventMax);
 2305              		.loc 1 242 22 is_stmt 0 discriminator 1 view .LVU780
 2306              	.LBE232:
 267:MiniCABClassifier.cpp ****         eventSum = 1.0f;
 2307              		.loc 1 267 5 view .LVU781
 2308 02dc DFED3C7A 		vldr.32	s15, .L180+36
 2309 02e0 2246     		mov	r2, r4
 2310 02e2 34A9     		add	r1, sp, #208
 2311 02e4 F4EEE7BA 		vcmpe.f32	s23, s15
 2312 02e8 DDE90297 		ldrd	r9, r7, [sp, #8]
 267:MiniCABClassifier.cpp ****         eventSum = 1.0f;
 2313              		.loc 1 267 5 is_stmt 1 view .LVU782
 2314 02ec F1EE10FA 		vmrs	APSR_nzcv, FPSCR
 2315 02f0 01D5     		bpl	.L146
 2316              	.LVL180:
 268:MiniCABClassifier.cpp ****     }
 2317              		.loc 1 268 18 is_stmt 0 view .LVU783
 2318 02f2 F7EE00BA 		vmov.f32	s23, #1.0e+0
 2319              	.LVL181:
 2320              	.L146:
 271:MiniCABClassifier.cpp ****         gapSum = 1.0f;
 2321              		.loc 1 271 5 is_stmt 1 view .LVU784
 2322 02f6 DFED367A 		vldr.32	s15, .L180+36
 2323 02fa B4EEE7BA 		vcmpe.f32	s22, s15
 2324 02fe F1EE10FA 		vmrs	APSR_nzcv, FPSCR
 2325 0302 01D5     		bpl	.L147
 272:MiniCABClassifier.cpp ****     }
 2326              		.loc 1 272 16 is_stmt 0 view .LVU785
 2327 0304 B7EE00BA 		vmov.f32	s22, #1.0e+0
 2328              	.LVL182:
 2329              	.L147:
 275:MiniCABClassifier.cpp ****         eventMean[j] /= eventSum;
 2330              		.loc 1 275 5 is_stmt 1 view .LVU786
 2331              	.LBB245:
 275:MiniCABClassifier.cpp ****         eventMean[j] /= eventSum;
ARM GAS  /var/folders/6_/psd2b8g56p7696hhrr4ztjs00000gn/T//ccrN3Asy.s 			page 63


 2332              		.loc 1 275 22 discriminator 1 view .LVU787
 2333 0308 40AB     		add	r3, sp, #256
 2334              	.LVL183:
 2335              	.L148:
 276:MiniCABClassifier.cpp ****         gapMean[j] /= gapSum;
 2336              		.loc 1 276 9 view .LVU788
 276:MiniCABClassifier.cpp ****         gapMean[j] /= gapSum;
 2337              		.loc 1 276 20 is_stmt 0 view .LVU789
 2338 030a D1ED007A 		vldr.32	s15, [r1]
 277:MiniCABClassifier.cpp ****     }
 2339              		.loc 1 277 18 view .LVU790
 2340 030e D0ED006A 		vldr.32	s13, [r0]
 276:MiniCABClassifier.cpp ****         gapMean[j] /= gapSum;
 2341              		.loc 1 276 22 view .LVU791
 2342 0312 87EEAB7A 		vdiv.f32	s14, s15, s23
 277:MiniCABClassifier.cpp ****     }
 2343              		.loc 1 277 20 view .LVU792
 2344 0316 C6EE8B7A 		vdiv.f32	s15, s13, s22
 276:MiniCABClassifier.cpp ****         gapMean[j] /= gapSum;
 2345              		.loc 1 276 22 view .LVU793
 2346 031a A1EC017A 		vstmia.32	r1!, {s14}
 277:MiniCABClassifier.cpp ****     }
 2347              		.loc 1 277 9 is_stmt 1 view .LVU794
 275:MiniCABClassifier.cpp ****         eventMean[j] /= eventSum;
 2348              		.loc 1 275 22 is_stmt 0 discriminator 1 view .LVU795
 2349 031e 8B42     		cmp	r3, r1
 277:MiniCABClassifier.cpp ****     }
 2350              		.loc 1 277 20 view .LVU796
 2351 0320 E0EC017A 		vstmia.32	r0!, {s15}
 275:MiniCABClassifier.cpp ****         eventMean[j] /= eventSum;
 2352              		.loc 1 275 5 is_stmt 1 discriminator 3 view .LVU797
 275:MiniCABClassifier.cpp ****         eventMean[j] /= eventSum;
 2353              		.loc 1 275 22 discriminator 1 view .LVU798
 2354 0324 F1D1     		bne	.L148
 2355              	.LBE245:
 280:MiniCABClassifier.cpp **** 
 2356              		.loc 1 280 5 view .LVU799
 2357              	.LVL184:
 282:MiniCABClassifier.cpp ****     rep[base + 1] = maxVal[0];
 2358              		.loc 1 282 5 view .LVU800
 283:MiniCABClassifier.cpp ****     rep[base + 2] = maxVal[0] - minVal[0];
 2359              		.loc 1 283 19 is_stmt 0 view .LVU801
 2360 0326 019C     		ldr	r4, [sp, #4]
 319:MiniCABClassifier.cpp ****     rep[base + 38] = (float)longGapFrames / (float)timeSteps;
 2361              		.loc 1 319 22 view .LVU802
 2362 0328 07EE102A 		vmov	s14, r2	@ int
 285:MiniCABClassifier.cpp ****     rep[base + 4] = mean[1];
 2363              		.loc 1 285 19 view .LVU803
 2364 032c 289B     		ldr	r3, [sp, #160]	@ float
 318:MiniCABClassifier.cpp ****     rep[base + 37] = (float)quietFrames / (float)timeSteps;
 2365              		.loc 1 318 22 view .LVU804
 2366 032e 07EE90AA 		vmov	s15, r10	@ int
 283:MiniCABClassifier.cpp ****     rep[base + 2] = maxVal[0] - minVal[0];
 2367              		.loc 1 283 29 view .LVU805
 2368 0332 9DED106A 		vldr.32	s12, [sp, #64]
 319:MiniCABClassifier.cpp ****     rep[base + 38] = (float)longGapFrames / (float)timeSteps;
 2369              		.loc 1 319 22 view .LVU806
ARM GAS  /var/folders/6_/psd2b8g56p7696hhrr4ztjs00000gn/T//ccrN3Asy.s 			page 64


 2370 0336 F8EEC76A 		vcvt.f32.s32	s13, s14
 285:MiniCABClassifier.cpp ****     rep[base + 4] = mean[1];
 2371              		.loc 1 285 19 view .LVU807
 2372 033a E366     		str	r3, [r4, #108]	@ float
 320:MiniCABClassifier.cpp ****     rep[base + 39] = eventMean[11] - mean[11];
 2373              		.loc 1 320 22 view .LVU808
 2374 033c 07EE10BA 		vmov	s14, fp	@ int
 286:MiniCABClassifier.cpp ****     rep[base + 5] = maxVal[1];
 2375              		.loc 1 286 19 view .LVU809
 2376 0340 D8F80430 		ldr	r3, [r8, #4]	@ float
 318:MiniCABClassifier.cpp ****     rep[base + 37] = (float)quietFrames / (float)timeSteps;
 2377              		.loc 1 318 22 view .LVU810
 2378 0344 F8EEE77A 		vcvt.f32.s32	s15, s15
 290:MiniCABClassifier.cpp ****     rep[base + 9] = motion[3];
 2379              		.loc 1 290 31 view .LVU811
 2380 0348 DDED1F4A 		vldr.32	s9, [sp, #124]
 320:MiniCABClassifier.cpp ****     rep[base + 39] = eventMean[11] - mean[11];
 2381              		.loc 1 320 22 view .LVU812
 2382 034c B8EEC77A 		vcvt.f32.s32	s14, s14
 286:MiniCABClassifier.cpp ****     rep[base + 5] = maxVal[1];
 2383              		.loc 1 286 19 view .LVU813
 2384 0350 2367     		str	r3, [r4, #112]	@ float
 287:MiniCABClassifier.cpp ****     rep[base + 6] = mean[2];
 2385              		.loc 1 287 19 view .LVU814
 2386 0352 119B     		ldr	r3, [sp, #68]	@ float
 284:MiniCABClassifier.cpp ****     rep[base + 3] = motion[0];
 2387              		.loc 1 284 31 view .LVU815
 2388 0354 9DED1C5A 		vldr.32	s10, [sp, #112]
 287:MiniCABClassifier.cpp ****     rep[base + 6] = mean[2];
 2389              		.loc 1 287 19 view .LVU816
 2390 0358 6367     		str	r3, [r4, #116]	@ float
 288:MiniCABClassifier.cpp ****     rep[base + 7] = mean[3];
 2391              		.loc 1 288 19 view .LVU817
 2392 035a D8F80830 		ldr	r3, [r8, #8]	@ float
 284:MiniCABClassifier.cpp ****     rep[base + 3] = motion[0];
 2393              		.loc 1 284 31 view .LVU818
 2394 035e 36EE455A 		vsub.f32	s10, s12, s10
 290:MiniCABClassifier.cpp ****     rep[base + 9] = motion[3];
 2395              		.loc 1 290 31 view .LVU819
 2396 0362 DDED135A 		vldr.32	s11, [sp, #76]
 288:MiniCABClassifier.cpp ****     rep[base + 7] = mean[3];
 2397              		.loc 1 288 19 view .LVU820
 2398 0366 A367     		str	r3, [r4, #120]	@ float
 289:MiniCABClassifier.cpp ****     rep[base + 8] = maxVal[3] - minVal[3];
 2399              		.loc 1 289 19 view .LVU821
 2400 0368 D8F80C30 		ldr	r3, [r8, #12]	@ float
 290:MiniCABClassifier.cpp ****     rep[base + 9] = motion[3];
 2401              		.loc 1 290 31 view .LVU822
 2402 036c 75EEE45A 		vsub.f32	s11, s11, s9
 282:MiniCABClassifier.cpp ****     rep[base + 1] = maxVal[0];
 2403              		.loc 1 282 19 view .LVU823
 2404 0370 D8F80020 		ldr	r2, [r8]	@ float
 2405              	.LVL185:
 289:MiniCABClassifier.cpp ****     rep[base + 8] = maxVal[3] - minVal[3];
 2406              		.loc 1 289 19 view .LVU824
 2407 0374 E367     		str	r3, [r4, #124]	@ float
 291:MiniCABClassifier.cpp ****     rep[base + 10] = mean[4];
ARM GAS  /var/folders/6_/psd2b8g56p7696hhrr4ztjs00000gn/T//ccrN3Asy.s 			page 65


 2408              		.loc 1 291 19 view .LVU825
 2409 0376 2B9B     		ldr	r3, [sp, #172]	@ float
 283:MiniCABClassifier.cpp ****     rep[base + 2] = maxVal[0] - minVal[0];
 2410              		.loc 1 283 19 view .LVU826
 2411 0378 84ED196A 		vstr.32	s12, [r4, #100]
 291:MiniCABClassifier.cpp ****     rep[base + 10] = mean[4];
 2412              		.loc 1 291 19 view .LVU827
 2413 037c C4F88430 		str	r3, [r4, #132]	@ float
 292:MiniCABClassifier.cpp ****     rep[base + 11] = maxVal[4];
 2414              		.loc 1 292 20 view .LVU828
 2415 0380 D8F81030 		ldr	r3, [r8, #16]	@ float
 284:MiniCABClassifier.cpp ****     rep[base + 3] = motion[0];
 2416              		.loc 1 284 19 view .LVU829
 2417 0384 84ED1A5A 		vstr.32	s10, [r4, #104]
 292:MiniCABClassifier.cpp ****     rep[base + 11] = maxVal[4];
 2418              		.loc 1 292 20 view .LVU830
 2419 0388 C4F88830 		str	r3, [r4, #136]	@ float
 293:MiniCABClassifier.cpp ****     rep[base + 12] = motion[4];
 2420              		.loc 1 293 20 view .LVU831
 2421 038c 149B     		ldr	r3, [sp, #80]	@ float
 290:MiniCABClassifier.cpp ****     rep[base + 9] = motion[3];
 2422              		.loc 1 290 19 view .LVU832
 2423 038e C4ED205A 		vstr.32	s11, [r4, #128]
 293:MiniCABClassifier.cpp ****     rep[base + 12] = motion[4];
 2424              		.loc 1 293 20 view .LVU833
 2425 0392 C4F88C30 		str	r3, [r4, #140]	@ float
 294:MiniCABClassifier.cpp ****     rep[base + 13] = mean[6];
 2426              		.loc 1 294 20 view .LVU834
 2427 0396 2C9B     		ldr	r3, [sp, #176]	@ float
 318:MiniCABClassifier.cpp ****     rep[base + 37] = (float)quietFrames / (float)timeSteps;
 2428              		.loc 1 318 42 view .LVU835
 2429 0398 9FED0C6A 		vldr.32	s12, .L180+32
 294:MiniCABClassifier.cpp ****     rep[base + 13] = mean[6];
 2430              		.loc 1 294 20 view .LVU836
 2431 039c C4F89030 		str	r3, [r4, #144]	@ float
 295:MiniCABClassifier.cpp ****     rep[base + 14] = maxVal[6];
 2432              		.loc 1 295 20 view .LVU837
 2433 03a0 D8F81830 		ldr	r3, [r8, #24]	@ float
 318:MiniCABClassifier.cpp ****     rep[base + 37] = (float)quietFrames / (float)timeSteps;
 2434              		.loc 1 318 42 view .LVU838
 2435 03a4 67EE867A 		vmul.f32	s15, s15, s12
 2436 03a8 14E0     		b	.L181
 2437              	.L182:
 2438 03aa 00BF     		.align	2
 2439              	.L180:
 2440 03ac 00000000 		.word	0
 2441 03b0 286B6ECE 		.word	-831624408
 2442 03b4 00007C43 		.word	1132199936
 2443 03b8 286B6E4E 		.word	1315859240
 2444 03bc CDCC4C3E 		.word	1045220557
 2445 03c0 9A99193E 		.word	1041865114
 2446 03c4 9A99593F 		.word	1062836634
 2447 03c8 00007F43 		.word	1132396544
 2448 03cc 0000803B 		.word	998244352
 2449 03d0 BD378635 		.word	897988541
 2450              	.L181:
 319:MiniCABClassifier.cpp ****     rep[base + 38] = (float)longGapFrames / (float)timeSteps;
ARM GAS  /var/folders/6_/psd2b8g56p7696hhrr4ztjs00000gn/T//ccrN3Asy.s 			page 66


 2451              		.loc 1 319 41 view .LVU839
 2452 03d4 66EE866A 		vmul.f32	s13, s13, s12
 295:MiniCABClassifier.cpp ****     rep[base + 14] = maxVal[6];
 2453              		.loc 1 295 20 view .LVU840
 2454 03d8 C4F89430 		str	r3, [r4, #148]	@ float
 320:MiniCABClassifier.cpp ****     rep[base + 39] = eventMean[11] - mean[11];
 2455              		.loc 1 320 43 view .LVU841
 2456 03dc 27EE067A 		vmul.f32	s14, s14, s12
 296:MiniCABClassifier.cpp ****     rep[base + 15] = motion[6];
 2457              		.loc 1 296 20 view .LVU842
 2458 03e0 169B     		ldr	r3, [sp, #88]	@ float
 2459 03e2 C4F89830 		str	r3, [r4, #152]	@ float
 297:MiniCABClassifier.cpp ****     rep[base + 16] = mean[7];
 2460              		.loc 1 297 20 view .LVU843
 2461 03e6 2E9B     		ldr	r3, [sp, #184]	@ float
 282:MiniCABClassifier.cpp ****     rep[base + 1] = maxVal[0];
 2462              		.loc 1 282 19 view .LVU844
 2463 03e8 2266     		str	r2, [r4, #96]	@ float
 283:MiniCABClassifier.cpp ****     rep[base + 2] = maxVal[0] - minVal[0];
 2464              		.loc 1 283 5 is_stmt 1 view .LVU845
 284:MiniCABClassifier.cpp ****     rep[base + 3] = motion[0];
 2465              		.loc 1 284 5 view .LVU846
 285:MiniCABClassifier.cpp ****     rep[base + 4] = mean[1];
 2466              		.loc 1 285 5 view .LVU847
 286:MiniCABClassifier.cpp ****     rep[base + 5] = maxVal[1];
 2467              		.loc 1 286 5 view .LVU848
 287:MiniCABClassifier.cpp ****     rep[base + 6] = mean[2];
 2468              		.loc 1 287 5 view .LVU849
 288:MiniCABClassifier.cpp ****     rep[base + 7] = mean[3];
 2469              		.loc 1 288 5 view .LVU850
 289:MiniCABClassifier.cpp ****     rep[base + 8] = maxVal[3] - minVal[3];
 2470              		.loc 1 289 5 view .LVU851
 290:MiniCABClassifier.cpp ****     rep[base + 9] = motion[3];
 2471              		.loc 1 290 5 view .LVU852
 291:MiniCABClassifier.cpp ****     rep[base + 10] = mean[4];
 2472              		.loc 1 291 5 view .LVU853
 292:MiniCABClassifier.cpp ****     rep[base + 11] = maxVal[4];
 2473              		.loc 1 292 5 view .LVU854
 293:MiniCABClassifier.cpp ****     rep[base + 12] = motion[4];
 2474              		.loc 1 293 5 view .LVU855
 294:MiniCABClassifier.cpp ****     rep[base + 13] = mean[6];
 2475              		.loc 1 294 5 view .LVU856
 295:MiniCABClassifier.cpp ****     rep[base + 14] = maxVal[6];
 2476              		.loc 1 295 5 view .LVU857
 296:MiniCABClassifier.cpp ****     rep[base + 15] = motion[6];
 2477              		.loc 1 296 5 view .LVU858
 297:MiniCABClassifier.cpp ****     rep[base + 16] = mean[7];
 2478              		.loc 1 297 5 view .LVU859
 298:MiniCABClassifier.cpp ****     rep[base + 17] = maxVal[7];
 2479              		.loc 1 298 20 is_stmt 0 view .LVU860
 2480 03ea D8F81C20 		ldr	r2, [r8, #28]	@ float
 300:MiniCABClassifier.cpp ****     rep[base + 19] = maxVal[5];
 2481              		.loc 1 300 20 view .LVU861
 2482 03ee D8F81410 		ldr	r1, [r8, #20]	@ float
 298:MiniCABClassifier.cpp ****     rep[base + 17] = maxVal[7];
 2483              		.loc 1 298 20 view .LVU862
 2484 03f2 C4F8A020 		str	r2, [r4, #160]	@ float
ARM GAS  /var/folders/6_/psd2b8g56p7696hhrr4ztjs00000gn/T//ccrN3Asy.s 			page 67


 299:MiniCABClassifier.cpp ****     rep[base + 18] = mean[5];
 2485              		.loc 1 299 20 view .LVU863
 2486 03f6 179A     		ldr	r2, [sp, #92]	@ float
 297:MiniCABClassifier.cpp ****     rep[base + 16] = mean[7];
 2487              		.loc 1 297 20 view .LVU864
 2488 03f8 C4F89C30 		str	r3, [r4, #156]	@ float
 298:MiniCABClassifier.cpp ****     rep[base + 17] = maxVal[7];
 2489              		.loc 1 298 5 is_stmt 1 view .LVU865
 299:MiniCABClassifier.cpp ****     rep[base + 18] = mean[5];
 2490              		.loc 1 299 5 view .LVU866
 306:MiniCABClassifier.cpp ****     rep[base + 25] = maxVal[11] - minVal[11];
 2491              		.loc 1 306 43 is_stmt 0 view .LVU867
 2492 03fc 42F6D073 		movw	r3, #12240
 299:MiniCABClassifier.cpp ****     rep[base + 18] = mean[5];
 2493              		.loc 1 299 20 view .LVU868
 2494 0400 C4F8A420 		str	r2, [r4, #164]	@ float
 300:MiniCABClassifier.cpp ****     rep[base + 19] = maxVal[5];
 2495              		.loc 1 300 5 is_stmt 1 view .LVU869
 302:MiniCABClassifier.cpp ****     rep[base + 21] = maxVal[10];
 2496              		.loc 1 302 20 is_stmt 0 view .LVU870
 2497 0404 D8F82820 		ldr	r2, [r8, #40]	@ float
 306:MiniCABClassifier.cpp ****     rep[base + 25] = maxVal[11] - minVal[11];
 2498              		.loc 1 306 43 view .LVU871
 2499 0408 FB18     		adds	r3, r7, r3
 305:MiniCABClassifier.cpp ****     rep[base + 24] = seq[timeSteps - 1][11];
 2500              		.loc 1 305 31 view .LVU872
 2501 040a DDED1B4A 		vldr.32	s9, [sp, #108]
 304:MiniCABClassifier.cpp ****     rep[base + 23] = maxVal[11];
 2502              		.loc 1 304 29 view .LVU873
 2503 040e 98ED0B6A 		vldr.32	s12, [r8, #44]
 300:MiniCABClassifier.cpp ****     rep[base + 19] = maxVal[5];
 2504              		.loc 1 300 20 view .LVU874
 2505 0412 C4F8A810 		str	r1, [r4, #168]	@ float
 301:MiniCABClassifier.cpp ****     rep[base + 20] = mean[10];
 2506              		.loc 1 301 5 is_stmt 1 view .LVU875
 302:MiniCABClassifier.cpp ****     rep[base + 21] = maxVal[10];
 2507              		.loc 1 302 20 is_stmt 0 view .LVU876
 2508 0416 C4F8B020 		str	r2, [r4, #176]	@ float
 301:MiniCABClassifier.cpp ****     rep[base + 20] = mean[10];
 2509              		.loc 1 301 20 view .LVU877
 2510 041a 1599     		ldr	r1, [sp, #84]	@ float
 303:MiniCABClassifier.cpp ****     rep[base + 22] = mean[11];
 2511              		.loc 1 303 20 view .LVU878
 2512 041c 1A9A     		ldr	r2, [sp, #104]	@ float
 307:MiniCABClassifier.cpp ****     rep[base + 26] = eventMean[0];
 2513              		.loc 1 307 33 view .LVU879
 2514 041e DDED275A 		vldr.32	s11, [sp, #156]
 304:MiniCABClassifier.cpp ****     rep[base + 23] = maxVal[11];
 2515              		.loc 1 304 20 view .LVU880
 2516 0422 84ED2E6A 		vstr.32	s12, [r4, #184]
 301:MiniCABClassifier.cpp ****     rep[base + 20] = mean[10];
 2517              		.loc 1 301 20 view .LVU881
 2518 0426 C4F8AC10 		str	r1, [r4, #172]	@ float
 302:MiniCABClassifier.cpp ****     rep[base + 21] = maxVal[10];
 2519              		.loc 1 302 5 is_stmt 1 view .LVU882
 303:MiniCABClassifier.cpp ****     rep[base + 22] = mean[11];
 2520              		.loc 1 303 5 view .LVU883
ARM GAS  /var/folders/6_/psd2b8g56p7696hhrr4ztjs00000gn/T//ccrN3Asy.s 			page 68


 307:MiniCABClassifier.cpp ****     rep[base + 26] = eventMean[0];
 2521              		.loc 1 307 33 is_stmt 0 view .LVU884
 2522 042a 74EEE55A 		vsub.f32	s11, s9, s11
 303:MiniCABClassifier.cpp ****     rep[base + 22] = mean[11];
 2523              		.loc 1 303 20 view .LVU885
 2524 042e C4F8B420 		str	r2, [r4, #180]	@ float
 304:MiniCABClassifier.cpp ****     rep[base + 23] = maxVal[11];
 2525              		.loc 1 304 5 is_stmt 1 view .LVU886
 305:MiniCABClassifier.cpp ****     rep[base + 24] = seq[timeSteps - 1][11];
 2526              		.loc 1 305 5 view .LVU887
 306:MiniCABClassifier.cpp ****     rep[base + 25] = maxVal[11] - minVal[11];
 2527              		.loc 1 306 5 view .LVU888
 305:MiniCABClassifier.cpp ****     rep[base + 24] = seq[timeSteps - 1][11];
 2528              		.loc 1 305 20 is_stmt 0 view .LVU889
 2529 0432 C4ED2F4A 		vstr.32	s9, [r4, #188]
 310:MiniCABClassifier.cpp ****     rep[base + 29] = eventMean[10];
 2530              		.loc 1 310 20 view .LVU890
 2531 0436 389A     		ldr	r2, [sp, #224]	@ float
 306:MiniCABClassifier.cpp ****     rep[base + 25] = maxVal[11] - minVal[11];
 2532              		.loc 1 306 43 view .LVU891
 2533 0438 DB6A     		ldr	r3, [r3, #44]	@ float
 312:MiniCABClassifier.cpp ****     rep[base + 31] = gapMean[0];
 2534              		.loc 1 312 34 view .LVU892
 2535 043a 9DED3F5A 		vldr.32	s10, [sp, #252]
 309:MiniCABClassifier.cpp ****     rep[base + 28] = eventMean[4];
 2536              		.loc 1 309 20 view .LVU893
 2537 043e 3599     		ldr	r1, [sp, #212]	@ float
 308:MiniCABClassifier.cpp ****     rep[base + 27] = eventMean[1];
 2538              		.loc 1 308 20 view .LVU894
 2539 0440 3498     		ldr	r0, [sp, #208]	@ float
 321:MiniCABClassifier.cpp **** 
 2540              		.loc 1 321 36 view .LVU895
 2541 0442 35EE466A 		vsub.f32	s12, s10, s12
 306:MiniCABClassifier.cpp ****     rep[base + 25] = maxVal[11] - minVal[11];
 2542              		.loc 1 306 20 view .LVU896
 2543 0446 C4F8C030 		str	r3, [r4, #192]	@ float
 307:MiniCABClassifier.cpp ****     rep[base + 26] = eventMean[0];
 2544              		.loc 1 307 5 is_stmt 1 view .LVU897
 308:MiniCABClassifier.cpp ****     rep[base + 27] = eventMean[1];
 2545              		.loc 1 308 5 view .LVU898
 310:MiniCABClassifier.cpp ****     rep[base + 29] = eventMean[10];
 2546              		.loc 1 310 20 is_stmt 0 view .LVU899
 2547 044a C4F8D020 		str	r2, [r4, #208]	@ float
 311:MiniCABClassifier.cpp ****     rep[base + 30] = eventMean[11];
 2548              		.loc 1 311 20 view .LVU900
 2549 044e 3E9B     		ldr	r3, [sp, #248]	@ float
 313:MiniCABClassifier.cpp ****     rep[base + 32] = gapMean[1];
 2550              		.loc 1 313 20 view .LVU901
 2551 0450 409A     		ldr	r2, [sp, #256]	@ float
 309:MiniCABClassifier.cpp ****     rep[base + 28] = eventMean[4];
 2552              		.loc 1 309 20 view .LVU902
 2553 0452 C4F8CC10 		str	r1, [r4, #204]	@ float
 311:MiniCABClassifier.cpp ****     rep[base + 30] = eventMean[11];
 2554              		.loc 1 311 20 view .LVU903
 2555 0456 C4F8D430 		str	r3, [r4, #212]	@ float
 2556 045a 04F58073 		add	r3, r4, #256
 307:MiniCABClassifier.cpp ****     rep[base + 26] = eventMean[0];
ARM GAS  /var/folders/6_/psd2b8g56p7696hhrr4ztjs00000gn/T//ccrN3Asy.s 			page 69


 2557              		.loc 1 307 20 view .LVU904
 2558 045e C4ED315A 		vstr.32	s11, [r4, #196]
 308:MiniCABClassifier.cpp ****     rep[base + 27] = eventMean[1];
 2559              		.loc 1 308 20 view .LVU905
 2560 0462 C4F8C800 		str	r0, [r4, #200]	@ float
 309:MiniCABClassifier.cpp ****     rep[base + 28] = eventMean[4];
 2561              		.loc 1 309 5 is_stmt 1 view .LVU906
 310:MiniCABClassifier.cpp ****     rep[base + 29] = eventMean[10];
 2562              		.loc 1 310 5 view .LVU907
 311:MiniCABClassifier.cpp ****     rep[base + 30] = eventMean[11];
 2563              		.loc 1 311 5 view .LVU908
 312:MiniCABClassifier.cpp ****     rep[base + 31] = gapMean[0];
 2564              		.loc 1 312 5 view .LVU909
 312:MiniCABClassifier.cpp ****     rep[base + 31] = gapMean[0];
 2565              		.loc 1 312 20 is_stmt 0 view .LVU910
 2566 0466 84ED365A 		vstr.32	s10, [r4, #216]
 313:MiniCABClassifier.cpp ****     rep[base + 32] = gapMean[1];
 2567              		.loc 1 313 5 is_stmt 1 view .LVU911
 313:MiniCABClassifier.cpp ****     rep[base + 32] = gapMean[1];
 2568              		.loc 1 313 20 is_stmt 0 view .LVU912
 2569 046a C4F8DC20 		str	r2, [r4, #220]	@ float
 314:MiniCABClassifier.cpp ****     rep[base + 33] = gapMean[4];
 2570              		.loc 1 314 5 is_stmt 1 view .LVU913
 314:MiniCABClassifier.cpp ****     rep[base + 33] = gapMean[4];
 2571              		.loc 1 314 20 is_stmt 0 view .LVU914
 2572 046e 419A     		ldr	r2, [sp, #260]	@ float
 315:MiniCABClassifier.cpp ****     rep[base + 34] = gapMean[10];
 2573              		.loc 1 315 20 view .LVU915
 2574 0470 4499     		ldr	r1, [sp, #272]	@ float
 314:MiniCABClassifier.cpp ****     rep[base + 33] = gapMean[4];
 2575              		.loc 1 314 20 view .LVU916
 2576 0472 C4F8E020 		str	r2, [r4, #224]	@ float
 315:MiniCABClassifier.cpp ****     rep[base + 34] = gapMean[10];
 2577              		.loc 1 315 5 is_stmt 1 view .LVU917
 316:MiniCABClassifier.cpp ****     rep[base + 35] = gapMean[11];
 2578              		.loc 1 316 20 is_stmt 0 view .LVU918
 2579 0476 4A9A     		ldr	r2, [sp, #296]	@ float
 318:MiniCABClassifier.cpp ****     rep[base + 37] = (float)quietFrames / (float)timeSteps;
 2580              		.loc 1 318 20 view .LVU919
 2581 0478 C4ED3C7A 		vstr.32	s15, [r4, #240]
 316:MiniCABClassifier.cpp ****     rep[base + 35] = gapMean[11];
 2582              		.loc 1 316 20 view .LVU920
 2583 047c C4F8E820 		str	r2, [r4, #232]	@ float
 317:MiniCABClassifier.cpp ****     rep[base + 36] = (float)activeFrames / (float)timeSteps;
 2584              		.loc 1 317 20 view .LVU921
 2585 0480 4B9A     		ldr	r2, [sp, #300]	@ float
 315:MiniCABClassifier.cpp ****     rep[base + 34] = gapMean[10];
 2586              		.loc 1 315 20 view .LVU922
 2587 0482 C4F8E410 		str	r1, [r4, #228]	@ float
 316:MiniCABClassifier.cpp ****     rep[base + 35] = gapMean[11];
 2588              		.loc 1 316 5 is_stmt 1 view .LVU923
 317:MiniCABClassifier.cpp ****     rep[base + 36] = (float)activeFrames / (float)timeSteps;
 2589              		.loc 1 317 5 view .LVU924
 319:MiniCABClassifier.cpp ****     rep[base + 38] = (float)longGapFrames / (float)timeSteps;
 2590              		.loc 1 319 20 is_stmt 0 view .LVU925
 2591 0486 C4ED3D6A 		vstr.32	s13, [r4, #244]
 320:MiniCABClassifier.cpp ****     rep[base + 39] = eventMean[11] - mean[11];
ARM GAS  /var/folders/6_/psd2b8g56p7696hhrr4ztjs00000gn/T//ccrN3Asy.s 			page 70


 2592              		.loc 1 320 20 view .LVU926
 2593 048a 84ED3E7A 		vstr.32	s14, [r4, #248]
 321:MiniCABClassifier.cpp **** 
 2594              		.loc 1 321 20 view .LVU927
 2595 048e 84ED3F6A 		vstr.32	s12, [r4, #252]
 317:MiniCABClassifier.cpp ****     rep[base + 36] = (float)activeFrames / (float)timeSteps;
 2596              		.loc 1 317 20 view .LVU928
 2597 0492 C4F8EC20 		str	r2, [r4, #236]	@ float
 318:MiniCABClassifier.cpp ****     rep[base + 37] = (float)quietFrames / (float)timeSteps;
 2598              		.loc 1 318 5 is_stmt 1 view .LVU929
 319:MiniCABClassifier.cpp ****     rep[base + 38] = (float)longGapFrames / (float)timeSteps;
 2599              		.loc 1 319 5 view .LVU930
 320:MiniCABClassifier.cpp ****     rep[base + 39] = eventMean[11] - mean[11];
 2600              		.loc 1 320 5 view .LVU931
 321:MiniCABClassifier.cpp **** 
 2601              		.loc 1 321 5 view .LVU932
 323:MiniCABClassifier.cpp ****         rep[i] = ClipValue(rep[i], -8.0f, 8.0f);
 2602              		.loc 1 323 5 view .LVU933
 2603              	.LVL186:
 2604              	.LBB246:
 323:MiniCABClassifier.cpp ****         rep[i] = ClipValue(rep[i], -8.0f, 8.0f);
 2605              		.loc 1 323 22 discriminator 1 view .LVU934
 2606              	.L150:
 324:MiniCABClassifier.cpp ****     }
 2607              		.loc 1 324 9 view .LVU935
 2608              	.LBB247:
 2609              	.LBB248:
 416:MiniCABClassifier.cpp ****         return hi;
 2610              		.loc 1 416 5 view .LVU936
 412:MiniCABClassifier.cpp ****         return lo;
 2611              		.loc 1 412 5 is_stmt 0 view .LVU937
 2612 0496 FAEE007A 		vmov.f32	s15, #-8.0e+0
 2613              	.LBE248:
 2614              	.LBE247:
 324:MiniCABClassifier.cpp ****     }
 2615              		.loc 1 324 27 view .LVU938
 2616 049a B9EC017A 		vldmia.32	r9!, {s14}
 2617              	.LVL187:
 2618              	.LBB250:
 2619              	.LBI247:
 411:MiniCABClassifier.cpp ****     if(x < lo){
 2620              		.loc 1 411 7 is_stmt 1 view .LVU939
 2621              	.LBB249:
 412:MiniCABClassifier.cpp ****         return lo;
 2622              		.loc 1 412 5 view .LVU940
 2623 049e F2EE006A 		vmov.f32	s13, #8.0e+0
 2624 04a2 B4EEE77A 		vcmpe.f32	s14, s15
 2625 04a6 F1EE10FA 		vmrs	APSR_nzcv, FPSCR
 2626 04aa 05D4     		bmi	.L149
 2627 04ac B4EEE67A 		vcmpe.f32	s14, s13
 2628 04b0 F1EE10FA 		vmrs	APSR_nzcv, FPSCR
 2629 04b4 76FE877A 		vselgt.f32	s15, s13, s14
 2630              	.L149:
 2631              	.LVL188:
 412:MiniCABClassifier.cpp ****         return lo;
 2632              		.loc 1 412 5 is_stmt 0 view .LVU941
 2633              	.LBE249:
ARM GAS  /var/folders/6_/psd2b8g56p7696hhrr4ztjs00000gn/T//ccrN3Asy.s 			page 71


 2634              	.LBE250:
 323:MiniCABClassifier.cpp ****         rep[i] = ClipValue(rep[i], -8.0f, 8.0f);
 2635              		.loc 1 323 22 discriminator 1 view .LVU942
 2636 04b8 4B45     		cmp	r3, r9
 324:MiniCABClassifier.cpp ****     }
 2637              		.loc 1 324 16 discriminator 1 view .LVU943
 2638 04ba 49ED017A 		vstr.32	s15, [r9, #-4]
 323:MiniCABClassifier.cpp ****         rep[i] = ClipValue(rep[i], -8.0f, 8.0f);
 2639              		.loc 1 323 5 is_stmt 1 discriminator 3 view .LVU944
 323:MiniCABClassifier.cpp ****         rep[i] = ClipValue(rep[i], -8.0f, 8.0f);
 2640              		.loc 1 323 22 discriminator 1 view .LVU945
 2641 04be EAD1     		bne	.L150
 2642              	.LBE246:
 326:MiniCABClassifier.cpp **** 
 2643              		.loc 1 326 1 is_stmt 0 view .LVU946
 2644 04c0 4DB0     		add	sp, sp, #308
 2645              		.cfi_remember_state
 2646              		.cfi_def_cfa_offset 76
 2647              		@ sp needed
 2648 04c2 BDEC0A8B 		vldm	sp!, {d8-d12}
 2649              		.cfi_restore 88
 2650              		.cfi_restore 89
 2651              		.cfi_restore 86
 2652              		.cfi_restore 87
 2653              		.cfi_restore 84
 2654              		.cfi_restore 85
 2655              		.cfi_restore 82
 2656              		.cfi_restore 83
 2657              		.cfi_restore 80
 2658              		.cfi_restore 81
 2659              		.cfi_def_cfa_offset 36
 2660              	.LVL189:
 326:MiniCABClassifier.cpp **** 
 2661              		.loc 1 326 1 view .LVU947
 2662 04c6 BDE8F08F 		pop	{r4, r5, r6, r7, r8, r9, r10, fp, pc}
 2663              	.LVL190:
 2664              	.L175:
 2665              		.cfi_restore_state
 2666              	.LBB251:
 2667              	.LBB244:
 254:MiniCABClassifier.cpp ****             activeFrames++;
 2668              		.loc 1 254 29 discriminator 1 view .LVU948
 2669 04ca F5EEC0AA 		vcmpe.f32	s21, #0
 2670 04ce F1EE10FA 		vmrs	APSR_nzcv, FPSCR
 2671 04d2 3FF7F5AE 		bgt	.L179
 254:MiniCABClassifier.cpp ****             activeFrames++;
 2672              		.loc 1 254 60 discriminator 2 view .LVU949
 2673 04d6 57ED067A 		vldr.32	s15, [r7, #-24]
 254:MiniCABClassifier.cpp ****             activeFrames++;
 2674              		.loc 1 254 49 discriminator 2 view .LVU950
 2675 04da F5EEC07A 		vcmpe.f32	s15, #0
 2676 04de F1EE10FA 		vmrs	APSR_nzcv, FPSCR
 2677 04e2 3FF7EDAE 		bgt	.L179
 254:MiniCABClassifier.cpp ****             activeFrames++;
 2678              		.loc 1 254 69 discriminator 3 view .LVU951
 2679 04e6 B5EEC0CA 		vcmpe.f32	s24, #0
 2680 04ea F1EE10FA 		vmrs	APSR_nzcv, FPSCR
ARM GAS  /var/folders/6_/psd2b8g56p7696hhrr4ztjs00000gn/T//ccrN3Asy.s 			page 72


 2681 04ee 01DD     		ble	.L138
 255:MiniCABClassifier.cpp ****         }
 2682              		.loc 1 255 13 is_stmt 1 view .LVU952
 255:MiniCABClassifier.cpp ****         }
 2683              		.loc 1 255 25 is_stmt 0 view .LVU953
 2684 04f0 0AF1010A 		add	r10, r10, #1
 2685              	.LVL191:
 2686              	.L138:
 258:MiniCABClassifier.cpp ****             quietFrames++;
 2687              		.loc 1 258 9 is_stmt 1 view .LVU954
 2688 04f4 F5EEC09A 		vcmpe.f32	s19, #0
 2689 04f8 F1EE10FA 		vmrs	APSR_nzcv, FPSCR
 2690 04fc 7FF5E2AE 		bpl	.L133
 258:MiniCABClassifier.cpp ****             quietFrames++;
 2691              		.loc 1 258 29 is_stmt 0 discriminator 1 view .LVU955
 2692 0500 F5EEC0AA 		vcmpe.f32	s21, #0
 2693 0504 F1EE10FA 		vmrs	APSR_nzcv, FPSCR
 2694 0508 7FF5DCAE 		bpl	.L133
 258:MiniCABClassifier.cpp ****             quietFrames++;
 2695              		.loc 1 258 49 discriminator 2 view .LVU956
 2696 050c F5EEC07A 		vcmpe.f32	s15, #0
 2697 0510 F1EE10FA 		vmrs	APSR_nzcv, FPSCR
 2698 0514 7FF5D6AE 		bpl	.L133
 259:MiniCABClassifier.cpp ****         }
 2699              		.loc 1 259 13 is_stmt 1 view .LVU957
 259:MiniCABClassifier.cpp ****         }
 2700              		.loc 1 259 24 is_stmt 0 view .LVU958
 2701 0518 0134     		adds	r4, r4, #1
 2702              	.LVL192:
 259:MiniCABClassifier.cpp ****         }
 2703              		.loc 1 259 24 view .LVU959
 2704 051a D3E6     		b	.L133
 2705              	.LVL193:
 2706              	.L151:
 259:MiniCABClassifier.cpp ****         }
 2707              		.loc 1 259 24 view .LVU960
 2708              	.LBE244:
 2709              	.LBE251:
 2710              	.LBB252:
 2711              	.LBB225:
 2712              	.LBB223:
 2713              	.LBB222:
 2714              	.LBB221:
 2715              	.LBB219:
 413:MiniCABClassifier.cpp ****     }
 2716              		.loc 1 413 16 view .LVU961
 2717 051c F0EE477A 		vmov.f32	s15, s14
 2718              	.LVL194:
 413:MiniCABClassifier.cpp ****     }
 2719              		.loc 1 413 16 view .LVU962
 2720 0520 2FE6     		b	.L126
 2721              	.LBE219:
 2722              	.LBE221:
 2723              	.LBE222:
 2724              	.LBE223:
 2725              	.LBE225:
 2726              	.LBE252:
ARM GAS  /var/folders/6_/psd2b8g56p7696hhrr4ztjs00000gn/T//ccrN3Asy.s 			page 73


 2727              		.cfi_endproc
 2728              	.LFE563:
 2730 0522 00BF     		.section	.text._ZNK17MiniCABClassifier15PredictSequenceEv,"ax",%progbits
 2731              		.align	1
 2732              		.p2align 2,,3
 2733              		.global	_ZNK17MiniCABClassifier15PredictSequenceEv
 2734              		.syntax unified
 2735              		.thumb
 2736              		.thumb_func
 2738              	_ZNK17MiniCABClassifier15PredictSequenceEv:
 2739              	.LVL195:
 2740              	.LFB559:
  52:MiniCABClassifier.cpp ****     CABOutput out = {};
 2741              		.loc 1 52 53 is_stmt 1 view -0
 2742              		.cfi_startproc
 2743              		@ args = 0, pretend = 0, frame = 12568
 2744              		@ frame_needed = 0, uses_anonymous_args = 0
  53:MiniCABClassifier.cpp **** 
 2745              		.loc 1 53 5 view .LVU964
  55:MiniCABClassifier.cpp ****         return out;
 2746              		.loc 1 55 8 is_stmt 0 view .LVU965
 2747 0000 01F54052 		add	r2, r1, #12288
  52:MiniCABClassifier.cpp ****     CABOutput out = {};
 2748              		.loc 1 52 53 view .LVU966
 2749 0004 0346     		mov	r3, r0
 2750 0006 30B5     		push	{r4, r5, lr}
 2751              		.cfi_def_cfa_offset 12
 2752              		.cfi_offset 4, -12
 2753              		.cfi_offset 5, -8
 2754              		.cfi_offset 14, -4
  55:MiniCABClassifier.cpp ****         return out;
 2755              		.loc 1 55 5 view .LVU967
 2756 0008 5268     		ldr	r2, [r2, #4]
  52:MiniCABClassifier.cpp ****     CABOutput out = {};
 2757              		.loc 1 52 53 view .LVU968
 2758 000a ADF5445D 		sub	sp, sp, #12544
 2759              		.cfi_def_cfa_offset 12556
  53:MiniCABClassifier.cpp **** 
 2760              		.loc 1 53 15 view .LVU969
 2761 000e 0024     		movs	r4, #0
  52:MiniCABClassifier.cpp ****     CABOutput out = {};
 2762              		.loc 1 52 53 view .LVU970
 2763 0010 87B0     		sub	sp, sp, #28
 2764              		.cfi_def_cfa_offset 12584
  53:MiniCABClassifier.cpp **** 
 2765              		.loc 1 53 15 view .LVU971
 2766 0012 0461     		str	r4, [r0, #16]
  55:MiniCABClassifier.cpp ****         return out;
 2767              		.loc 1 55 5 is_stmt 1 view .LVU972
  53:MiniCABClassifier.cpp **** 
 2768              		.loc 1 53 15 is_stmt 0 view .LVU973
 2769 0014 C0E90044 		strd	r4, r4, [r0]
 2770 0018 C0E90244 		strd	r4, r4, [r0, #8]
  55:MiniCABClassifier.cpp ****         return out;
 2771              		.loc 1 55 5 view .LVU974
 2772 001c 22B9     		cbnz	r2, .L195
  83:MiniCABClassifier.cpp **** 
ARM GAS  /var/folders/6_/psd2b8g56p7696hhrr4ztjs00000gn/T//ccrN3Asy.s 			page 74


 2773              		.loc 1 83 1 view .LVU975
 2774 001e 1846     		mov	r0, r3
  83:MiniCABClassifier.cpp **** 
 2775              		.loc 1 83 1 view .LVU976
 2776 0020 0DF5445D 		add	sp, sp, #12544
 2777 0024 07B0     		add	sp, sp, #28
 2778              		.cfi_remember_state
 2779              		.cfi_def_cfa_offset 12
 2780              		@ sp needed
 2781 0026 30BD     		pop	{r4, r5, pc}
 2782              	.L195:
 2783              		.cfi_restore_state
  59:MiniCABClassifier.cpp ****     float rep[representationSize];
 2784              		.loc 1 59 5 is_stmt 1 view .LVU977
  60:MiniCABClassifier.cpp ****     float probs[numClasses];
 2785              		.loc 1 60 5 view .LVU978
  61:MiniCABClassifier.cpp **** 
 2786              		.loc 1 61 5 view .LVU979
  63:MiniCABClassifier.cpp ****     BuildRepresentation(seq, rep);
 2787              		.loc 1 63 5 view .LVU980
 2788 0028 0D46     		mov	r5, r1
 2789 002a 0190     		str	r0, [sp, #4]
  63:MiniCABClassifier.cpp ****     BuildRepresentation(seq, rep);
 2790              		.loc 1 63 28 is_stmt 0 view .LVU981
 2791 002c 46A9     		add	r1, sp, #280
 2792              	.LVL196:
  63:MiniCABClassifier.cpp ****     BuildRepresentation(seq, rep);
 2793              		.loc 1 63 28 view .LVU982
 2794 002e 2846     		mov	r0, r5
 2795 0030 FFF7FEFF 		bl	_ZNK17MiniCABClassifier23BuildSequenceFromBufferEPA12_f
 2796              	.LVL197:
  64:MiniCABClassifier.cpp ****     ClassifierPredict(rep, probs);
 2797              		.loc 1 64 5 is_stmt 1 view .LVU983
  64:MiniCABClassifier.cpp ****     ClassifierPredict(rep, probs);
 2798              		.loc 1 64 24 is_stmt 0 view .LVU984
 2799 0034 46A9     		add	r1, sp, #280
 2800 0036 2846     		mov	r0, r5
 2801 0038 06AA     		add	r2, sp, #24
 2802 003a FFF7FEFF 		bl	_ZNK17MiniCABClassifier19BuildRepresentationEPA12_KfPf
 2803              	.LVL198:
  65:MiniCABClassifier.cpp **** 
 2804              		.loc 1 65 5 is_stmt 1 view .LVU985
  65:MiniCABClassifier.cpp **** 
 2805              		.loc 1 65 22 is_stmt 0 view .LVU986
 2806 003e 06A9     		add	r1, sp, #24
 2807 0040 2846     		mov	r0, r5
 2808 0042 02AA     		add	r2, sp, #8
 2809 0044 FFF7FEFF 		bl	_ZNK17MiniCABClassifier17ClassifierPredictEPKfPf
 2810              	.LVL199:
  67:MiniCABClassifier.cpp ****     float bestScore = probs[0];
 2811              		.loc 1 67 5 is_stmt 1 view .LVU987
  68:MiniCABClassifier.cpp **** 
 2812              		.loc 1 68 5 view .LVU988
  68:MiniCABClassifier.cpp **** 
 2813              		.loc 1 68 11 is_stmt 0 view .LVU989
 2814 0048 9DED026A 		vldr.32	s12, [sp, #8]
  70:MiniCABClassifier.cpp ****         if(probs[i] > bestScore){
ARM GAS  /var/folders/6_/psd2b8g56p7696hhrr4ztjs00000gn/T//ccrN3Asy.s 			page 75


 2815              		.loc 1 70 5 is_stmt 1 view .LVU990
 2816              	.LVL200:
 2817              	.LBB253:
  70:MiniCABClassifier.cpp ****         if(probs[i] > bestScore){
 2818              		.loc 1 70 22 discriminator 1 view .LVU991
  71:MiniCABClassifier.cpp ****             bestScore = probs[i];
 2819              		.loc 1 71 9 view .LVU992
  71:MiniCABClassifier.cpp ****             bestScore = probs[i];
 2820              		.loc 1 71 19 is_stmt 0 view .LVU993
 2821 004c DDED036A 		vldr.32	s13, [sp, #12]
  71:MiniCABClassifier.cpp ****             bestScore = probs[i];
 2822              		.loc 1 71 9 view .LVU994
 2823 0050 019B     		ldr	r3, [sp, #4]
 2824 0052 B4EEE66A 		vcmpe.f32	s12, s13
 2825 0056 F1EE10FA 		vmrs	APSR_nzcv, FPSCR
 2826 005a 21D4     		bmi	.L188
 2827              	.LVL201:
  71:MiniCABClassifier.cpp ****             bestScore = probs[i];
 2828              		.loc 1 71 9 view .LVU995
 2829              	.LBE253:
  68:MiniCABClassifier.cpp **** 
 2830              		.loc 1 68 11 view .LVU996
 2831 005c F0EE467A 		vmov.f32	s15, s12
 2832              	.L185:
 2833              	.LBB254:
  70:MiniCABClassifier.cpp ****         if(probs[i] > bestScore){
 2834              		.loc 1 70 5 is_stmt 1 discriminator 2 view .LVU997
 2835              	.LVL202:
  70:MiniCABClassifier.cpp ****         if(probs[i] > bestScore){
 2836              		.loc 1 70 22 discriminator 1 view .LVU998
  71:MiniCABClassifier.cpp ****             bestScore = probs[i];
 2837              		.loc 1 71 9 view .LVU999
  71:MiniCABClassifier.cpp ****             bestScore = probs[i];
 2838              		.loc 1 71 19 is_stmt 0 view .LVU1000
 2839 0060 9DED047A 		vldr.32	s14, [sp, #16]
  71:MiniCABClassifier.cpp ****             bestScore = probs[i];
 2840              		.loc 1 71 9 view .LVU1001
 2841 0064 F4EEC77A 		vcmpe.f32	s15, s14
 2842 0068 F1EE10FA 		vmrs	APSR_nzcv, FPSCR
 2843 006c 02D5     		bpl	.L186
  72:MiniCABClassifier.cpp ****             bestClass = i;
 2844              		.loc 1 72 23 view .LVU1002
 2845 006e F0EE477A 		vmov.f32	s15, s14
 2846              	.LVL203:
  73:MiniCABClassifier.cpp ****         }
 2847              		.loc 1 73 23 view .LVU1003
 2848 0072 0224     		movs	r4, #2
 2849              	.LVL204:
 2850              	.L186:
  70:MiniCABClassifier.cpp ****         if(probs[i] > bestScore){
 2851              		.loc 1 70 5 is_stmt 1 discriminator 2 view .LVU1004
  70:MiniCABClassifier.cpp ****         if(probs[i] > bestScore){
 2852              		.loc 1 70 22 discriminator 1 view .LVU1005
  71:MiniCABClassifier.cpp ****             bestScore = probs[i];
 2853              		.loc 1 71 9 view .LVU1006
 2854              	.LBE254:
 2855              	.LBB255:
ARM GAS  /var/folders/6_/psd2b8g56p7696hhrr4ztjs00000gn/T//ccrN3Asy.s 			page 76


  78:MiniCABClassifier.cpp ****     }
 2856              		.loc 1 78 23 is_stmt 0 view .LVU1007
 2857 0074 83ED027A 		vstr.32	s14, [r3, #8]
 2858              	.LBE255:
  83:MiniCABClassifier.cpp **** 
 2859              		.loc 1 83 1 view .LVU1008
 2860 0078 1846     		mov	r0, r3
 2861              	.LBB256:
  71:MiniCABClassifier.cpp ****             bestScore = probs[i];
 2862              		.loc 1 71 19 view .LVU1009
 2863 007a 9DED057A 		vldr.32	s14, [sp, #20]
 2864              	.LBE256:
 2865              	.LBB257:
  78:MiniCABClassifier.cpp ****     }
 2866              		.loc 1 78 23 view .LVU1010
 2867 007e 83ED006A 		vstr.32	s12, [r3]
 2868              	.LBE257:
 2869              	.LBB258:
  73:MiniCABClassifier.cpp ****         }
 2870              		.loc 1 73 23 view .LVU1011
 2871 0082 B4EEE77A 		vcmpe.f32	s14, s15
 2872              	.LBE258:
 2873              	.LBB259:
  78:MiniCABClassifier.cpp ****     }
 2874              		.loc 1 78 23 view .LVU1012
 2875 0086 C3ED016A 		vstr.32	s13, [r3, #4]
 2876 008a 83ED037A 		vstr.32	s14, [r3, #12]
 2877              	.LBE259:
 2878              	.LBB260:
  73:MiniCABClassifier.cpp ****         }
 2879              		.loc 1 73 23 view .LVU1013
 2880 008e F1EE10FA 		vmrs	APSR_nzcv, FPSCR
 2881 0092 C8BF     		it	gt
 2882 0094 0324     		movgt	r4, #3
 2883              	.LVL205:
  70:MiniCABClassifier.cpp ****         if(probs[i] > bestScore){
 2884              		.loc 1 70 5 is_stmt 1 discriminator 2 view .LVU1014
  70:MiniCABClassifier.cpp ****         if(probs[i] > bestScore){
 2885              		.loc 1 70 22 discriminator 1 view .LVU1015
  70:MiniCABClassifier.cpp ****         if(probs[i] > bestScore){
 2886              		.loc 1 70 22 is_stmt 0 discriminator 1 view .LVU1016
 2887              	.LBE260:
 2888              	.LBB261:
  77:MiniCABClassifier.cpp ****         out.scores[i] = probs[i];
 2889              		.loc 1 77 22 is_stmt 1 discriminator 1 view .LVU1017
  78:MiniCABClassifier.cpp ****     }
 2890              		.loc 1 78 9 view .LVU1018
  77:MiniCABClassifier.cpp ****         out.scores[i] = probs[i];
 2891              		.loc 1 77 5 discriminator 3 view .LVU1019
  77:MiniCABClassifier.cpp ****         out.scores[i] = probs[i];
 2892              		.loc 1 77 22 discriminator 1 view .LVU1020
  78:MiniCABClassifier.cpp ****     }
 2893              		.loc 1 78 9 view .LVU1021
  77:MiniCABClassifier.cpp ****         out.scores[i] = probs[i];
 2894              		.loc 1 77 5 discriminator 3 view .LVU1022
  77:MiniCABClassifier.cpp ****         out.scores[i] = probs[i];
 2895              		.loc 1 77 22 discriminator 1 view .LVU1023
ARM GAS  /var/folders/6_/psd2b8g56p7696hhrr4ztjs00000gn/T//ccrN3Asy.s 			page 77


  78:MiniCABClassifier.cpp ****     }
 2896              		.loc 1 78 9 view .LVU1024
  77:MiniCABClassifier.cpp ****         out.scores[i] = probs[i];
 2897              		.loc 1 77 5 discriminator 3 view .LVU1025
  77:MiniCABClassifier.cpp ****         out.scores[i] = probs[i];
 2898              		.loc 1 77 22 discriminator 1 view .LVU1026
  78:MiniCABClassifier.cpp ****     }
 2899              		.loc 1 78 9 view .LVU1027
  77:MiniCABClassifier.cpp ****         out.scores[i] = probs[i];
 2900              		.loc 1 77 5 discriminator 3 view .LVU1028
  77:MiniCABClassifier.cpp ****         out.scores[i] = probs[i];
 2901              		.loc 1 77 22 discriminator 1 view .LVU1029
 2902              	.LBE261:
  81:MiniCABClassifier.cpp ****     return out;
 2903              		.loc 1 81 5 view .LVU1030
  81:MiniCABClassifier.cpp ****     return out;
 2904              		.loc 1 81 24 is_stmt 0 view .LVU1031
 2905 0096 1C61     		str	r4, [r3, #16]
  82:MiniCABClassifier.cpp **** }
 2906              		.loc 1 82 5 is_stmt 1 view .LVU1032
  83:MiniCABClassifier.cpp **** 
 2907              		.loc 1 83 1 is_stmt 0 view .LVU1033
 2908 0098 0DF5445D 		add	sp, sp, #12544
 2909 009c 07B0     		add	sp, sp, #28
 2910              		.cfi_remember_state
 2911              		.cfi_def_cfa_offset 12
 2912              		@ sp needed
 2913 009e 30BD     		pop	{r4, r5, pc}
 2914              	.LVL206:
 2915              	.L188:
 2916              		.cfi_restore_state
 2917              	.LBB262:
  72:MiniCABClassifier.cpp ****             bestClass = i;
 2918              		.loc 1 72 23 view .LVU1034
 2919 00a0 F0EE667A 		vmov.f32	s15, s13
  73:MiniCABClassifier.cpp ****         }
 2920              		.loc 1 73 23 view .LVU1035
 2921 00a4 0124     		movs	r4, #1
 2922 00a6 DBE7     		b	.L185
 2923              	.LBE262:
 2924              		.cfi_endproc
 2925              	.LFE559:
 2927              		.section	.text._ZN17MiniCABClassifier15TrainOnSequenceEPA12_Kfif.part.0,"ax",%progbits
 2928              		.align	1
 2929              		.p2align 2,,3
 2930              		.syntax unified
 2931              		.thumb
 2932              		.thumb_func
 2934              	_ZN17MiniCABClassifier15TrainOnSequenceEPA12_Kfif.part.0:
 2935              	.LVL207:
 2936              	.LFB574:
 360:MiniCABClassifier.cpp ****     if(label < 0 || label >= numClasses){
 2937              		.loc 1 360 6 is_stmt 1 view -0
 2938              		.cfi_startproc
 2939              		@ args = 0, pretend = 0, frame = 296
 2940              		@ frame_needed = 0, uses_anonymous_args = 0
 365:MiniCABClassifier.cpp ****     float probs[numClasses];
ARM GAS  /var/folders/6_/psd2b8g56p7696hhrr4ztjs00000gn/T//ccrN3Asy.s 			page 78


 2941              		.loc 1 365 5 view .LVU1037
 366:MiniCABClassifier.cpp ****     float target[numClasses];
 2942              		.loc 1 366 5 view .LVU1038
 367:MiniCABClassifier.cpp **** 
 2943              		.loc 1 367 5 view .LVU1039
 369:MiniCABClassifier.cpp ****     ClassifierPredict(rep, probs);
 2944              		.loc 1 369 5 view .LVU1040
 360:MiniCABClassifier.cpp ****     if(label < 0 || label >= numClasses){
 2945              		.loc 1 360 6 is_stmt 0 view .LVU1041
 2946 0000 30B5     		push	{r4, r5, lr}
 2947              		.cfi_def_cfa_offset 12
 2948              		.cfi_offset 4, -12
 2949              		.cfi_offset 5, -8
 2950              		.cfi_offset 14, -4
 2951 0002 CBB0     		sub	sp, sp, #300
 2952              		.cfi_def_cfa_offset 312
 360:MiniCABClassifier.cpp ****     if(label < 0 || label >= numClasses){
 2953              		.loc 1 360 6 view .LVU1042
 2954 0004 0546     		mov	r5, r0
 2955 0006 1446     		mov	r4, r2
 369:MiniCABClassifier.cpp ****     ClassifierPredict(rep, probs);
 2956              		.loc 1 369 24 view .LVU1043
 2957 0008 0AAA     		add	r2, sp, #40
 2958              	.LVL208:
 360:MiniCABClassifier.cpp ****     if(label < 0 || label >= numClasses){
 2959              		.loc 1 360 6 view .LVU1044
 2960 000a 8DED010A 		vstr.32	s0, [sp, #4]	@ int
 369:MiniCABClassifier.cpp ****     ClassifierPredict(rep, probs);
 2961              		.loc 1 369 24 view .LVU1045
 2962 000e FFF7FEFF 		bl	_ZNK17MiniCABClassifier19BuildRepresentationEPA12_KfPf
 2963              	.LVL209:
 370:MiniCABClassifier.cpp **** 
 2964              		.loc 1 370 5 is_stmt 1 view .LVU1046
 370:MiniCABClassifier.cpp **** 
 2965              		.loc 1 370 22 is_stmt 0 view .LVU1047
 2966 0012 02AA     		add	r2, sp, #8
 2967 0014 0AA9     		add	r1, sp, #40
 2968 0016 2846     		mov	r0, r5
 2969 0018 FFF7FEFF 		bl	_ZNK17MiniCABClassifier17ClassifierPredictEPKfPf
 2970              	.LVL210:
 372:MiniCABClassifier.cpp ****         target[k] = 0.02f;
 2971              		.loc 1 372 5 is_stmt 1 view .LVU1048
 2972              	.LBB263:
 372:MiniCABClassifier.cpp ****         target[k] = 0.02f;
 2973              		.loc 1 372 22 discriminator 1 view .LVU1049
 373:MiniCABClassifier.cpp ****     }
 2974              		.loc 1 373 9 view .LVU1050
 2975              	.LBE263:
 380:MiniCABClassifier.cpp ****         lr = 0.0001f;
 2976              		.loc 1 380 5 is_stmt 0 view .LVU1051
 2977 001c DFED377A 		vldr.32	s15, .L208
 2978 0020 9DED010A 		vldr.32	s0, [sp, #4]	@ int
 2979              	.LBB264:
 373:MiniCABClassifier.cpp ****     }
 2980              		.loc 1 373 19 view .LVU1052
 2981 0024 0DF1180E 		add	lr, sp, #24
 2982 0028 354B     		ldr	r3, .L208+4
ARM GAS  /var/folders/6_/psd2b8g56p7696hhrr4ztjs00000gn/T//ccrN3Asy.s 			page 79


 2983              	.LBE264:
 380:MiniCABClassifier.cpp ****         lr = 0.0001f;
 2984              		.loc 1 380 5 view .LVU1053
 2985 002a B4EEE70A 		vcmpe.f32	s0, s15
 376:MiniCABClassifier.cpp **** 
 2986              		.loc 1 376 19 view .LVU1054
 2987 002e 0EEB8404 		add	r4, lr, r4, lsl #2
 2988              	.LVL211:
 2989              	.LBB265:
 373:MiniCABClassifier.cpp ****     }
 2990              		.loc 1 373 19 view .LVU1055
 2991 0032 CEF80030 		str	r3, [lr]	@ float
 372:MiniCABClassifier.cpp ****         target[k] = 0.02f;
 2992              		.loc 1 372 5 is_stmt 1 discriminator 3 view .LVU1056
 2993              	.LVL212:
 372:MiniCABClassifier.cpp ****         target[k] = 0.02f;
 2994              		.loc 1 372 22 discriminator 1 view .LVU1057
 373:MiniCABClassifier.cpp ****     }
 2995              		.loc 1 373 9 view .LVU1058
 373:MiniCABClassifier.cpp ****     }
 2996              		.loc 1 373 19 is_stmt 0 view .LVU1059
 2997 0036 CEF80430 		str	r3, [lr, #4]	@ float
 372:MiniCABClassifier.cpp ****         target[k] = 0.02f;
 2998              		.loc 1 372 5 is_stmt 1 discriminator 3 view .LVU1060
 2999              	.LVL213:
 372:MiniCABClassifier.cpp ****         target[k] = 0.02f;
 3000              		.loc 1 372 22 discriminator 1 view .LVU1061
 373:MiniCABClassifier.cpp ****     }
 3001              		.loc 1 373 9 view .LVU1062
 3002              	.LBE265:
 380:MiniCABClassifier.cpp ****         lr = 0.0001f;
 3003              		.loc 1 380 5 is_stmt 0 view .LVU1063
 3004 003a F1EE10FA 		vmrs	APSR_nzcv, FPSCR
 3005              	.LBB266:
 373:MiniCABClassifier.cpp ****     }
 3006              		.loc 1 373 19 view .LVU1064
 3007 003e CEF80830 		str	r3, [lr, #8]	@ float
 372:MiniCABClassifier.cpp ****         target[k] = 0.02f;
 3008              		.loc 1 372 5 is_stmt 1 discriminator 3 view .LVU1065
 3009              	.LVL214:
 372:MiniCABClassifier.cpp ****         target[k] = 0.02f;
 3010              		.loc 1 372 22 discriminator 1 view .LVU1066
 373:MiniCABClassifier.cpp ****     }
 3011              		.loc 1 373 9 view .LVU1067
 373:MiniCABClassifier.cpp ****     }
 3012              		.loc 1 373 19 is_stmt 0 view .LVU1068
 3013 0042 CEF80C30 		str	r3, [lr, #12]	@ float
 372:MiniCABClassifier.cpp ****         target[k] = 0.02f;
 3014              		.loc 1 372 5 is_stmt 1 discriminator 3 view .LVU1069
 3015              	.LVL215:
 372:MiniCABClassifier.cpp ****         target[k] = 0.02f;
 3016              		.loc 1 372 22 discriminator 1 view .LVU1070
 3017              	.LBE266:
 376:MiniCABClassifier.cpp **** 
 3018              		.loc 1 376 5 view .LVU1071
 376:MiniCABClassifier.cpp **** 
 3019              		.loc 1 376 19 is_stmt 0 view .LVU1072
ARM GAS  /var/folders/6_/psd2b8g56p7696hhrr4ztjs00000gn/T//ccrN3Asy.s 			page 80


 3020 0046 2F4B     		ldr	r3, .L208+8
 3021 0048 2360     		str	r3, [r4]	@ float
 378:MiniCABClassifier.cpp **** 
 3022              		.loc 1 378 5 is_stmt 1 view .LVU1073
 3023              	.LVL216:
 380:MiniCABClassifier.cpp ****         lr = 0.0001f;
 3024              		.loc 1 380 5 view .LVU1074
 3025 004a 07D4     		bmi	.L197
 3026              	.LVL217:
 384:MiniCABClassifier.cpp ****         lr = 0.05f;
 3027              		.loc 1 384 5 view .LVU1075
 3028 004c DFED2E7A 		vldr.32	s15, .L208+12
 3029 0050 B4EEE70A 		vcmpe.f32	s0, s15
 3030 0054 F1EE10FA 		vmrs	APSR_nzcv, FPSCR
 3031 0058 77FE807A 		vselgt.f32	s15, s15, s0
 3032              	.LVL218:
 3033              	.L197:
 388:MiniCABClassifier.cpp **** 
 3034              		.loc 1 388 5 view .LVU1076
 390:MiniCABClassifier.cpp ****         float d = ClipGrad(probs[k] - target[k]);
 3035              		.loc 1 390 5 view .LVU1077
 3036              	.LBB267:
 390:MiniCABClassifier.cpp ****         float d = ClipGrad(probs[k] - target[k]);
 3037              		.loc 1 390 22 discriminator 1 view .LVU1078
 3038 005c 43F2080C 		movw	ip, #12296
 3039 0060 43F20841 		movw	r1, #13320
 3040 0064 43F21844 		movw	r4, #13336
 3041 0068 F1EE674A 		vneg.f32	s9, s15
 3042 006c 02A8     		add	r0, sp, #8
 3043 006e AC44     		add	ip, r5, ip
 3044 0070 6918     		adds	r1, r5, r1
 3045 0072 2C19     		adds	r4, r5, r4
 3046              	.LVL219:
 3047              	.L201:
 3048              	.LBB268:
 391:MiniCABClassifier.cpp **** 
 3049              		.loc 1 391 9 view .LVU1079
 391:MiniCABClassifier.cpp **** 
 3050              		.loc 1 391 35 is_stmt 0 view .LVU1080
 3051 0074 F0EC017A 		vldmia.32	r0!, {s15}
 3052              	.LBB269:
 3053              	.LBB270:
   7:MiniCABClassifier.cpp ****         return 5.0f;
 3054              		.loc 1 7 5 view .LVU1081
 3055 0078 B1EE045A 		vmov.f32	s10, #5.0e+0
 3056              	.LBE270:
 3057              	.LBE269:
 391:MiniCABClassifier.cpp **** 
 3058              		.loc 1 391 47 view .LVU1082
 3059 007c BEEC017A 		vldmia.32	lr!, {s14}
 391:MiniCABClassifier.cpp **** 
 3060              		.loc 1 391 27 view .LVU1083
 3061 0080 77EEC77A 		vsub.f32	s15, s15, s14
 3062              	.LVL220:
 3063              	.LBB272:
 3064              	.LBI269:
   6:MiniCABClassifier.cpp ****     if(x > 5.0f){
ARM GAS  /var/folders/6_/psd2b8g56p7696hhrr4ztjs00000gn/T//ccrN3Asy.s 			page 81


 3065              		.loc 1 6 14 is_stmt 1 view .LVU1084
 3066              	.LBB271:
   7:MiniCABClassifier.cpp ****         return 5.0f;
 3067              		.loc 1 7 5 view .LVU1085
 3068 0084 F4EEC57A 		vcmpe.f32	s15, s10
 3069 0088 F1EE10FA 		vmrs	APSR_nzcv, FPSCR
 3070 008c 07DC     		bgt	.L198
  11:MiniCABClassifier.cpp ****         return -5.0f;
 3071              		.loc 1 11 5 view .LVU1086
 3072 008e B9EE045A 		vmov.f32	s10, #-5.0e+0
 3073 0092 B4EEE75A 		vcmpe.f32	s10, s15
 3074 0096 F1EE10FA 		vmrs	APSR_nzcv, FPSCR
 3075 009a 35FE275A 		vselgt.f32	s10, s10, s15
 3076              	.L198:
 3077              	.LVL221:
  11:MiniCABClassifier.cpp ****         return -5.0f;
 3078              		.loc 1 11 5 is_stmt 0 view .LVU1087
 3079              	.LBE271:
 3080              	.LBE272:
 393:MiniCABClassifier.cpp **** 
 3081              		.loc 1 393 9 is_stmt 1 view .LVU1088
 393:MiniCABClassifier.cpp **** 
 3082              		.loc 1 393 22 is_stmt 0 view .LVU1089
 3083 009e D1ED007A 		vldr.32	s15, [r1]
 3084 00a2 0AAA     		add	r2, sp, #40
 393:MiniCABClassifier.cpp **** 
 3085              		.loc 1 393 24 view .LVU1090
 3086 00a4 6346     		mov	r3, ip
 3087 00a6 E5EE247A 		vfma.f32	s15, s10, s9
 3088 00aa E1EC017A 		vstmia.32	r1!, {s15}
 395:MiniCABClassifier.cpp ****             float grad = d * rep[j] + weightDecay * classifierW[k][j];
 3089              		.loc 1 395 9 is_stmt 1 view .LVU1091
 3090              	.LVL222:
 3091              	.LBB273:
 395:MiniCABClassifier.cpp ****             float grad = d * rep[j] + weightDecay * classifierW[k][j];
 3092              		.loc 1 395 26 discriminator 1 view .LVU1092
 3093              	.L200:
 3094              	.LBB274:
 396:MiniCABClassifier.cpp ****             classifierW[k][j] -= lr * ClipGrad(grad);
 3095              		.loc 1 396 13 view .LVU1093
 3096              	.LBB275:
 3097              	.LBB276:
  11:MiniCABClassifier.cpp ****         return -5.0f;
 3098              		.loc 1 11 5 view .LVU1094
 3099              	.LBE276:
 3100              	.LBE275:
 396:MiniCABClassifier.cpp ****             classifierW[k][j] -= lr * ClipGrad(grad);
 3101              		.loc 1 396 69 is_stmt 0 view .LVU1095
 3102 00ae B3EC017A 		vldmia.32	r3!, {s14}
 3103              	.LBB279:
 3104              	.LBB277:
   7:MiniCABClassifier.cpp ****         return 5.0f;
 3105              		.loc 1 7 5 view .LVU1096
 3106 00b2 F1EE046A 		vmov.f32	s13, #5.0e+0
 3107              	.LBE277:
 3108              	.LBE279:
 396:MiniCABClassifier.cpp ****             classifierW[k][j] -= lr * ClipGrad(grad);
ARM GAS  /var/folders/6_/psd2b8g56p7696hhrr4ztjs00000gn/T//ccrN3Asy.s 			page 82


 3109              		.loc 1 396 51 view .LVU1097
 3110 00b6 DFED157A 		vldr.32	s15, .L208+16
 3111 00ba B9EE046A 		vmov.f32	s12, #-5.0e+0
 396:MiniCABClassifier.cpp ****             classifierW[k][j] -= lr * ClipGrad(grad);
 3112              		.loc 1 396 35 view .LVU1098
 3113 00be F2EC015A 		vldmia.32	r2!, {s11}
 396:MiniCABClassifier.cpp ****             classifierW[k][j] -= lr * ClipGrad(grad);
 3114              		.loc 1 396 51 view .LVU1099
 3115 00c2 67EE277A 		vmul.f32	s15, s14, s15
 396:MiniCABClassifier.cpp ****             classifierW[k][j] -= lr * ClipGrad(grad);
 3116              		.loc 1 396 19 view .LVU1100
 3117 00c6 E5EE257A 		vfma.f32	s15, s10, s11
 3118              	.LVL223:
 397:MiniCABClassifier.cpp ****         }
 3119              		.loc 1 397 13 is_stmt 1 view .LVU1101
 3120              	.LBB280:
 3121              	.LBI275:
   6:MiniCABClassifier.cpp ****     if(x > 5.0f){
 3122              		.loc 1 6 14 view .LVU1102
 3123              	.LBB278:
   7:MiniCABClassifier.cpp ****         return 5.0f;
 3124              		.loc 1 7 5 view .LVU1103
 3125 00ca F4EEE67A 		vcmpe.f32	s15, s13
 3126 00ce F1EE10FA 		vmrs	APSR_nzcv, FPSCR
 3127 00d2 05DC     		bgt	.L199
 3128 00d4 B4EEE76A 		vcmpe.f32	s12, s15
 3129 00d8 F1EE10FA 		vmrs	APSR_nzcv, FPSCR
 3130 00dc 76FE276A 		vselgt.f32	s13, s12, s15
 3131              	.L199:
 3132              	.LVL224:
   7:MiniCABClassifier.cpp ****         return 5.0f;
 3133              		.loc 1 7 5 is_stmt 0 view .LVU1104
 3134              	.LBE278:
 3135              	.LBE280:
 397:MiniCABClassifier.cpp ****         }
 3136              		.loc 1 397 31 discriminator 1 view .LVU1105
 3137 00e0 A6EEA47A 		vfma.f32	s14, s13, s9
 3138              	.LBE274:
 395:MiniCABClassifier.cpp ****             float grad = d * rep[j] + weightDecay * classifierW[k][j];
 3139              		.loc 1 395 26 discriminator 1 view .LVU1106
 3140 00e4 4AAD     		add	r5, sp, #296
 3141 00e6 AA42     		cmp	r2, r5
 3142              	.LBB281:
 397:MiniCABClassifier.cpp ****         }
 3143              		.loc 1 397 31 discriminator 1 view .LVU1107
 3144 00e8 03ED017A 		vstr.32	s14, [r3, #-4]
 3145              	.LBE281:
 395:MiniCABClassifier.cpp ****             float grad = d * rep[j] + weightDecay * classifierW[k][j];
 3146              		.loc 1 395 9 is_stmt 1 discriminator 3 view .LVU1108
 395:MiniCABClassifier.cpp ****             float grad = d * rep[j] + weightDecay * classifierW[k][j];
 3147              		.loc 1 395 26 discriminator 1 view .LVU1109
 3148 00ec DFD1     		bne	.L200
 3149              	.LBE273:
 3150              	.LBE268:
 390:MiniCABClassifier.cpp ****         float d = ClipGrad(probs[k] - target[k]);
 3151              		.loc 1 390 5 discriminator 2 view .LVU1110
 390:MiniCABClassifier.cpp ****         float d = ClipGrad(probs[k] - target[k]);
ARM GAS  /var/folders/6_/psd2b8g56p7696hhrr4ztjs00000gn/T//ccrN3Asy.s 			page 83


 3152              		.loc 1 390 22 discriminator 1 view .LVU1111
 3153 00ee A142     		cmp	r1, r4
 3154 00f0 0CF5807C 		add	ip, ip, #256
 3155 00f4 BED1     		bne	.L201
 3156              	.LBE267:
 400:MiniCABClassifier.cpp **** 
 3157              		.loc 1 400 1 is_stmt 0 view .LVU1112
 3158 00f6 4BB0     		add	sp, sp, #300
 3159              		.cfi_def_cfa_offset 12
 3160              		@ sp needed
 3161 00f8 30BD     		pop	{r4, r5, pc}
 3162              	.LVL225:
 3163              	.L209:
 400:MiniCABClassifier.cpp **** 
 3164              		.loc 1 400 1 view .LVU1113
 3165 00fa 00BF     		.align	2
 3166              	.L208:
 3167 00fc 17B7D138 		.word	953267991
 3168 0100 0AD7A33C 		.word	1017370378
 3169 0104 D7A3703F 		.word	1064346583
 3170 0108 CDCC4C3D 		.word	1028443341
 3171 010c ACC5A738 		.word	950519212
 3172              		.cfi_endproc
 3173              	.LFE574:
 3175              		.section	.text._ZN17MiniCABClassifier15TrainOnSequenceEPA12_Kfif,"ax",%progbits
 3176              		.align	1
 3177              		.p2align 2,,3
 3178              		.global	_ZN17MiniCABClassifier15TrainOnSequenceEPA12_Kfif
 3179              		.syntax unified
 3180              		.thumb
 3181              		.thumb_func
 3183              	_ZN17MiniCABClassifier15TrainOnSequenceEPA12_Kfif:
 3184              	.LVL226:
 3185              	.LFB567:
 360:MiniCABClassifier.cpp ****     if(label < 0 || label >= numClasses){
 3186              		.loc 1 360 101 is_stmt 1 view -0
 3187              		.cfi_startproc
 3188              		@ args = 0, pretend = 0, frame = 0
 3189              		@ frame_needed = 0, uses_anonymous_args = 0
 3190              		@ link register save eliminated.
 361:MiniCABClassifier.cpp ****         return;
 3191              		.loc 1 361 5 view .LVU1115
 3192 0000 032A     		cmp	r2, #3
 3193 0002 00D9     		bls	.L212
 400:MiniCABClassifier.cpp **** 
 3194              		.loc 1 400 1 is_stmt 0 view .LVU1116
 3195 0004 7047     		bx	lr
 3196              	.L212:
 3197 0006 FFF7FEBF 		b	_ZN17MiniCABClassifier15TrainOnSequenceEPA12_Kfif.part.0
 3198              	.LVL227:
 400:MiniCABClassifier.cpp **** 
 3199              		.loc 1 400 1 view .LVU1117
 3200              		.cfi_endproc
 3201              	.LFE567:
 3203 000a 00BF     		.section	.text._ZN17MiniCABClassifier16TrainFromExampleERK13AudioFeaturesif,"ax",%progbits
 3204              		.align	1
 3205              		.p2align 2,,3
ARM GAS  /var/folders/6_/psd2b8g56p7696hhrr4ztjs00000gn/T//ccrN3Asy.s 			page 84


 3206              		.global	_ZN17MiniCABClassifier16TrainFromExampleERK13AudioFeaturesif
 3207              		.syntax unified
 3208              		.thumb
 3209              		.thumb_func
 3211              	_ZN17MiniCABClassifier16TrainFromExampleERK13AudioFeaturesif:
 3212              	.LVL228:
 3213              	.LFB565:
 342:MiniCABClassifier.cpp ****     float seq[timeSteps][inputSize];
 3214              		.loc 1 342 87 is_stmt 1 view -0
 3215              		.cfi_startproc
 3216              		@ args = 0, pretend = 0, frame = 12288
 3217              		@ frame_needed = 0, uses_anonymous_args = 0
 343:MiniCABClassifier.cpp **** 
 3218              		.loc 1 343 5 view .LVU1119
 345:MiniCABClassifier.cpp ****     TrainOnSequence(seq, label, eta);
 3219              		.loc 1 345 5 view .LVU1120
 342:MiniCABClassifier.cpp ****     float seq[timeSteps][inputSize];
 3220              		.loc 1 342 87 is_stmt 0 view .LVU1121
 3221 0000 30B5     		push	{r4, r5, lr}
 3222              		.cfi_def_cfa_offset 12
 3223              		.cfi_offset 4, -12
 3224              		.cfi_offset 5, -8
 3225              		.cfi_offset 14, -4
 3226 0002 2DED028B 		vpush.64	{d8}
 3227              		.cfi_def_cfa_offset 20
 3228              		.cfi_offset 80, -20
 3229              		.cfi_offset 81, -16
 3230 0006 ADF5405D 		sub	sp, sp, #12288
 3231              		.cfi_def_cfa_offset 12308
 3232 000a 1446     		mov	r4, r2
 3233 000c B0EE408A 		vmov.f32	s16, s0
 3234 0010 0546     		mov	r5, r0
 3235 0012 81B0     		sub	sp, sp, #4
 3236              		.cfi_def_cfa_offset 12312
 345:MiniCABClassifier.cpp ****     TrainOnSequence(seq, label, eta);
 3237              		.loc 1 345 28 view .LVU1122
 3238 0014 6A46     		mov	r2, sp
 3239              	.LVL229:
 345:MiniCABClassifier.cpp ****     TrainOnSequence(seq, label, eta);
 3240              		.loc 1 345 28 view .LVU1123
 3241 0016 FFF7FEFF 		bl	_ZNK17MiniCABClassifier23BuildSequenceWithLatestERK13AudioFeaturesPA12_f
 3242              	.LVL230:
 346:MiniCABClassifier.cpp **** }
 3243              		.loc 1 346 5 is_stmt 1 view .LVU1124
 3244              	.LBB282:
 3245              	.LBI282:
 360:MiniCABClassifier.cpp ****     if(label < 0 || label >= numClasses){
 3246              		.loc 1 360 6 view .LVU1125
 3247              	.LBB283:
 361:MiniCABClassifier.cpp ****         return;
 3248              		.loc 1 361 5 view .LVU1126
 3249 001a 032C     		cmp	r4, #3
 3250 001c 06D8     		bhi	.L213
 3251 001e B0EE480A 		vmov.f32	s0, s16
 3252 0022 2246     		mov	r2, r4
 3253 0024 6946     		mov	r1, sp
 3254 0026 2846     		mov	r0, r5
ARM GAS  /var/folders/6_/psd2b8g56p7696hhrr4ztjs00000gn/T//ccrN3Asy.s 			page 85


 3255 0028 FFF7FEFF 		bl	_ZN17MiniCABClassifier15TrainOnSequenceEPA12_Kfif.part.0
 3256              	.LVL231:
 3257              	.L213:
 361:MiniCABClassifier.cpp ****         return;
 3258              		.loc 1 361 5 is_stmt 0 view .LVU1127
 3259              	.LBE283:
 3260              	.LBE282:
 347:MiniCABClassifier.cpp **** 
 3261              		.loc 1 347 1 view .LVU1128
 3262 002c 0DF5405D 		add	sp, sp, #12288
 3263 0030 01B0     		add	sp, sp, #4
 3264              		.cfi_def_cfa_offset 20
 3265              		@ sp needed
 3266 0032 BDEC028B 		vldm	sp!, {d8}
 3267              		.cfi_restore 80
 3268              		.cfi_restore 81
 3269              		.cfi_def_cfa_offset 12
 3270              	.LVL232:
 347:MiniCABClassifier.cpp **** 
 3271              		.loc 1 347 1 view .LVU1129
 3272 0036 30BD     		pop	{r4, r5, pc}
 347:MiniCABClassifier.cpp **** 
 3273              		.loc 1 347 1 view .LVU1130
 3274              		.cfi_endproc
 3275              	.LFE565:
 3277              		.section	.text._ZN17MiniCABClassifier24TrainFromCurrentSequenceEif,"ax",%progbits
 3278              		.align	1
 3279              		.p2align 2,,3
 3280              		.global	_ZN17MiniCABClassifier24TrainFromCurrentSequenceEif
 3281              		.syntax unified
 3282              		.thumb
 3283              		.thumb_func
 3285              	_ZN17MiniCABClassifier24TrainFromCurrentSequenceEif:
 3286              	.LVL233:
 3287              	.LFB566:
 349:MiniCABClassifier.cpp ****     if(frameCount == 0){
 3288              		.loc 1 349 71 is_stmt 1 view -0
 3289              		.cfi_startproc
 3290              		@ args = 0, pretend = 0, frame = 12296
 3291              		@ frame_needed = 0, uses_anonymous_args = 0
 350:MiniCABClassifier.cpp ****         return;
 3292              		.loc 1 350 5 view .LVU1132
 350:MiniCABClassifier.cpp ****         return;
 3293              		.loc 1 350 8 is_stmt 0 view .LVU1133
 3294 0000 00F54052 		add	r2, r0, #12288
 350:MiniCABClassifier.cpp ****         return;
 3295              		.loc 1 350 5 view .LVU1134
 3296 0004 5268     		ldr	r2, [r2, #4]
 3297 0006 02B9     		cbnz	r2, .L223
 3298 0008 7047     		bx	lr
 3299              	.L223:
 354:MiniCABClassifier.cpp **** 
 3300              		.loc 1 354 5 is_stmt 1 view .LVU1135
 356:MiniCABClassifier.cpp ****     TrainOnSequence(seq, label, eta);
 3301              		.loc 1 356 5 view .LVU1136
 349:MiniCABClassifier.cpp ****     if(frameCount == 0){
 3302              		.loc 1 349 71 is_stmt 0 view .LVU1137
ARM GAS  /var/folders/6_/psd2b8g56p7696hhrr4ztjs00000gn/T//ccrN3Asy.s 			page 86


 3303 000a 10B5     		push	{r4, lr}
 3304              		.cfi_def_cfa_offset 8
 3305              		.cfi_offset 4, -8
 3306              		.cfi_offset 14, -4
 3307 000c 2DED028B 		vpush.64	{d8}
 3308              		.cfi_def_cfa_offset 16
 3309              		.cfi_offset 80, -16
 3310              		.cfi_offset 81, -12
 3311 0010 ADF5405D 		sub	sp, sp, #12288
 3312              		.cfi_def_cfa_offset 12304
 3313 0014 B0EE408A 		vmov.f32	s16, s0
 3314 0018 0446     		mov	r4, r0
 3315 001a 82B0     		sub	sp, sp, #8
 3316              		.cfi_def_cfa_offset 12312
 3317 001c 0191     		str	r1, [sp, #4]
 356:MiniCABClassifier.cpp ****     TrainOnSequence(seq, label, eta);
 3318              		.loc 1 356 28 view .LVU1138
 3319 001e 02A9     		add	r1, sp, #8
 3320              	.LVL234:
 356:MiniCABClassifier.cpp ****     TrainOnSequence(seq, label, eta);
 3321              		.loc 1 356 28 view .LVU1139
 3322 0020 FFF7FEFF 		bl	_ZNK17MiniCABClassifier23BuildSequenceFromBufferEPA12_f
 3323              	.LVL235:
 357:MiniCABClassifier.cpp **** }
 3324              		.loc 1 357 5 is_stmt 1 view .LVU1140
 3325              	.LBB284:
 3326              	.LBI284:
 360:MiniCABClassifier.cpp ****     if(label < 0 || label >= numClasses){
 3327              		.loc 1 360 6 view .LVU1141
 3328              	.LBB285:
 361:MiniCABClassifier.cpp ****         return;
 3329              		.loc 1 361 5 view .LVU1142
 3330 0024 019A     		ldr	r2, [sp, #4]
 3331 0026 032A     		cmp	r2, #3
 3332 0028 05D8     		bhi	.L216
 361:MiniCABClassifier.cpp ****         return;
 3333              		.loc 1 361 5 is_stmt 0 view .LVU1143
 3334 002a B0EE480A 		vmov.f32	s0, s16
 3335 002e 02A9     		add	r1, sp, #8
 3336              	.LVL236:
 361:MiniCABClassifier.cpp ****         return;
 3337              		.loc 1 361 5 view .LVU1144
 3338 0030 2046     		mov	r0, r4
 3339 0032 FFF7FEFF 		bl	_ZN17MiniCABClassifier15TrainOnSequenceEPA12_Kfif.part.0
 3340              	.LVL237:
 3341              	.L216:
 361:MiniCABClassifier.cpp ****         return;
 3342              		.loc 1 361 5 view .LVU1145
 3343              	.LBE285:
 3344              	.LBE284:
 358:MiniCABClassifier.cpp **** 
 3345              		.loc 1 358 1 view .LVU1146
 3346 0036 0DF5405D 		add	sp, sp, #12288
 3347 003a 02B0     		add	sp, sp, #8
 3348              		.cfi_def_cfa_offset 16
 3349              		@ sp needed
 3350 003c BDEC028B 		vldm	sp!, {d8}
ARM GAS  /var/folders/6_/psd2b8g56p7696hhrr4ztjs00000gn/T//ccrN3Asy.s 			page 87


 3351              		.cfi_restore 80
 3352              		.cfi_restore 81
 3353              		.cfi_def_cfa_offset 8
 3354              	.LVL238:
 358:MiniCABClassifier.cpp **** 
 3355              		.loc 1 358 1 view .LVU1147
 3356 0040 10BD     		pop	{r4, pc}
 358:MiniCABClassifier.cpp **** 
 3357              		.loc 1 358 1 view .LVU1148
 3358              		.cfi_endproc
 3359              	.LFE566:
 3361 0042 00BF     		.section	.text._ZNK17MiniCABClassifier17GapAttentionLogitEPKf,"ax",%progbits
 3362              		.align	1
 3363              		.p2align 2,,3
 3364              		.global	_ZNK17MiniCABClassifier17GapAttentionLogitEPKf
 3365              		.syntax unified
 3366              		.thumb
 3367              		.thumb_func
 3369              	_ZNK17MiniCABClassifier17GapAttentionLogitEPKf:
 3370              	.LVL239:
 3371              	.LFB572:
 479:MiniCABClassifier.cpp ****     float quietness = -0.25f * fabsf(input[0]) - 0.20f * fabsf(input[1]) - 0.15f * fabsf(input[4]);
 3372              		.loc 1 479 79 is_stmt 1 view -0
 3373              		.cfi_startproc
 3374              		@ args = 0, pretend = 0, frame = 0
 3375              		@ frame_needed = 0, uses_anonymous_args = 0
 3376              		@ link register save eliminated.
 480:MiniCABClassifier.cpp ****     float logit = 0.85f * input[11] + quietness;
 3377              		.loc 1 480 5 view .LVU1150
 481:MiniCABClassifier.cpp **** 
 3378              		.loc 1 481 5 view .LVU1151
 480:MiniCABClassifier.cpp ****     float logit = 0.85f * input[11] + quietness;
 3379              		.loc 1 480 63 is_stmt 0 view .LVU1152
 3380 0000 91ED016A 		vldr.32	s12, [r1, #4]
 481:MiniCABClassifier.cpp **** 
 3381              		.loc 1 481 11 view .LVU1153
 3382 0004 BDEE004A 		vmov.f32	s8, #-2.5e-1
 480:MiniCABClassifier.cpp ****     float logit = 0.85f * input[11] + quietness;
 3383              		.loc 1 480 56 view .LVU1154
 3384 0008 DFED147A 		vldr.32	s15, .L227
 3385              	.LBB286:
 3386              	.LBB287:
 412:MiniCABClassifier.cpp ****         return lo;
 3387              		.loc 1 412 5 view .LVU1155
 3388 000c BAEE000A 		vmov.f32	s0, #-8.0e+0
 3389              	.LBE287:
 3390              	.LBE286:
 480:MiniCABClassifier.cpp ****     float logit = 0.85f * input[11] + quietness;
 3391              		.loc 1 480 63 view .LVU1156
 3392 0010 B0EEC66A 		vabs.f32	s12, s12
 480:MiniCABClassifier.cpp ****     float logit = 0.85f * input[11] + quietness;
 3393              		.loc 1 480 37 view .LVU1157
 3394 0014 D1ED006A 		vldr.32	s13, [r1]
 480:MiniCABClassifier.cpp ****     float logit = 0.85f * input[11] + quietness;
 3395              		.loc 1 480 89 view .LVU1158
 3396 0018 91ED047A 		vldr.32	s14, [r1, #16]
 480:MiniCABClassifier.cpp ****     float logit = 0.85f * input[11] + quietness;
ARM GAS  /var/folders/6_/psd2b8g56p7696hhrr4ztjs00000gn/T//ccrN3Asy.s 			page 88


 3397              		.loc 1 480 37 view .LVU1159
 3398 001c F0EEE66A 		vabs.f32	s13, s13
 481:MiniCABClassifier.cpp **** 
 3399              		.loc 1 481 11 view .LVU1160
 3400 0020 DFED0F4A 		vldr.32	s9, .L227+4
 3401 0024 67EEC67A 		vnmul.f32	s15, s15, s12
 3402 0028 91ED0B5A 		vldr.32	s10, [r1, #44]
 480:MiniCABClassifier.cpp ****     float logit = 0.85f * input[11] + quietness;
 3403              		.loc 1 480 89 view .LVU1161
 3404 002c B0EEC77A 		vabs.f32	s14, s14
 481:MiniCABClassifier.cpp **** 
 3405              		.loc 1 481 11 view .LVU1162
 3406 0030 DFED0C5A 		vldr.32	s11, .L227+8
 3407 0034 E6EE847A 		vfma.f32	s15, s13, s8
 3408 0038 E7EE647A 		vfms.f32	s15, s14, s9
 3409 003c E5EE257A 		vfma.f32	s15, s10, s11
 3410              	.LVL240:
 483:MiniCABClassifier.cpp **** }
 3411              		.loc 1 483 5 is_stmt 1 view .LVU1163
 3412              	.LBB289:
 3413              	.LBI286:
 411:MiniCABClassifier.cpp ****     if(x < lo){
 3414              		.loc 1 411 7 view .LVU1164
 3415              	.LBB288:
 412:MiniCABClassifier.cpp ****         return lo;
 3416              		.loc 1 412 5 view .LVU1165
 3417 0040 F4EEC07A 		vcmpe.f32	s15, s0
 3418 0044 F1EE10FA 		vmrs	APSR_nzcv, FPSCR
 3419 0048 07D4     		bmi	.L224
 416:MiniCABClassifier.cpp ****         return hi;
 3420              		.loc 1 416 5 view .LVU1166
 3421 004a B2EE000A 		vmov.f32	s0, #8.0e+0
 3422 004e F4EEC07A 		vcmpe.f32	s15, s0
 3423 0052 F1EE10FA 		vmrs	APSR_nzcv, FPSCR
 3424 0056 30FE270A 		vselgt.f32	s0, s0, s15
 3425              	.L224:
 3426              	.LBE288:
 3427              	.LBE289:
 484:MiniCABClassifier.cpp **** 
 3428              		.loc 1 484 1 is_stmt 0 view .LVU1167
 3429 005a 7047     		bx	lr
 3430              	.L228:
 3431              		.align	2
 3432              	.L227:
 3433 005c CDCC4C3E 		.word	1045220557
 3434 0060 9A99193E 		.word	1041865114
 3435 0064 9A99593F 		.word	1062836634
 3436              		.cfi_endproc
 3437              	.LFE572:
 3439              		.section	.text._ZNK17MiniCABClassifier7SoftmaxEPfi,"ax",%progbits
 3440              		.align	1
 3441              		.p2align 2,,3
 3442              		.global	_ZNK17MiniCABClassifier7SoftmaxEPfi
 3443              		.syntax unified
 3444              		.thumb
 3445              		.thumb_func
 3447              	_ZNK17MiniCABClassifier7SoftmaxEPfi:
ARM GAS  /var/folders/6_/psd2b8g56p7696hhrr4ztjs00000gn/T//ccrN3Asy.s 			page 89


 3448              	.LVL241:
 3449              	.LFB573:
 486:MiniCABClassifier.cpp ****     float maxVal = values[0];
 3450              		.loc 1 486 60 is_stmt 1 view -0
 3451              		.cfi_startproc
 3452              		@ args = 0, pretend = 0, frame = 0
 3453              		@ frame_needed = 0, uses_anonymous_args = 0
 487:MiniCABClassifier.cpp **** 
 3454              		.loc 1 487 5 view .LVU1169
 3455              	.LBB290:
 489:MiniCABClassifier.cpp ****         if(values[i] > maxVal){
 3456              		.loc 1 489 22 is_stmt 0 discriminator 1 view .LVU1170
 3457 0000 012A     		cmp	r2, #1
 3458              	.LBE290:
 486:MiniCABClassifier.cpp ****     float maxVal = values[0];
 3459              		.loc 1 486 60 view .LVU1171
 3460 0002 70B5     		push	{r4, r5, r6, lr}
 3461              		.cfi_def_cfa_offset 16
 3462              		.cfi_offset 4, -16
 3463              		.cfi_offset 5, -12
 3464              		.cfi_offset 6, -8
 3465              		.cfi_offset 14, -4
 3466 0004 2DED028B 		vpush.64	{d8}
 3467              		.cfi_def_cfa_offset 24
 3468              		.cfi_offset 80, -24
 3469              		.cfi_offset 81, -20
 487:MiniCABClassifier.cpp **** 
 3470              		.loc 1 487 11 view .LVU1172
 3471 0008 91ED008A 		vldr.32	s16, [r1]
 489:MiniCABClassifier.cpp ****         if(values[i] > maxVal){
 3472              		.loc 1 489 5 is_stmt 1 view .LVU1173
 3473              	.LVL242:
 3474              	.LBB291:
 489:MiniCABClassifier.cpp ****         if(values[i] > maxVal){
 3475              		.loc 1 489 22 discriminator 1 view .LVU1174
 3476 000c 2EDD     		ble	.L230
 3477 000e 9600     		lsls	r6, r2, #2
 3478 0010 0B1D     		adds	r3, r1, #4
 3479 0012 01EB8202 		add	r2, r1, r2, lsl #2
 3480              	.LVL243:
 3481              	.L231:
 490:MiniCABClassifier.cpp ****             maxVal = values[i];
 3482              		.loc 1 490 9 view .LVU1175
 490:MiniCABClassifier.cpp ****             maxVal = values[i];
 3483              		.loc 1 490 20 is_stmt 0 view .LVU1176
 3484 0016 F3EC017A 		vldmia.32	r3!, {s15}
 3485 001a F4EEC87A 		vcmpe.f32	s15, s16
 3486 001e F1EE10FA 		vmrs	APSR_nzcv, FPSCR
 3487 0022 37FE888A 		vselgt.f32	s16, s15, s16
 3488              	.LVL244:
 489:MiniCABClassifier.cpp ****         if(values[i] > maxVal){
 3489              		.loc 1 489 5 is_stmt 1 discriminator 2 view .LVU1177
 489:MiniCABClassifier.cpp ****         if(values[i] > maxVal){
 3490              		.loc 1 489 22 discriminator 1 view .LVU1178
 3491 0026 9342     		cmp	r3, r2
 3492 0028 F5D1     		bne	.L231
 3493              	.L232:
ARM GAS  /var/folders/6_/psd2b8g56p7696hhrr4ztjs00000gn/T//ccrN3Asy.s 			page 90


 3494              	.LVL245:
 489:MiniCABClassifier.cpp ****         if(values[i] > maxVal){
 3495              		.loc 1 489 22 is_stmt 0 discriminator 1 view .LVU1179
 3496 002a 0D46     		mov	r5, r1
 3497              	.LBE291:
 495:MiniCABClassifier.cpp **** 
 3498              		.loc 1 495 11 view .LVU1180
 3499 002c DFED118A 		vldr.32	s17, .L242
 3500 0030 0E44     		add	r6, r6, r1
 486:MiniCABClassifier.cpp ****     float maxVal = values[0];
 3501              		.loc 1 486 60 view .LVU1181
 3502 0032 0C46     		mov	r4, r1
 3503              	.LVL246:
 3504              	.L234:
 3505              	.LBB292:
 498:MiniCABClassifier.cpp ****         sum += values[i];
 3506              		.loc 1 498 9 is_stmt 1 view .LVU1182
 498:MiniCABClassifier.cpp ****         sum += values[i];
 3507              		.loc 1 498 34 is_stmt 0 view .LVU1183
 3508 0034 94ED000A 		vldr.32	s0, [r4]
 498:MiniCABClassifier.cpp ****         sum += values[i];
 3509              		.loc 1 498 25 view .LVU1184
 3510 0038 30EE480A 		vsub.f32	s0, s0, s16
 3511 003c FFF7FEFF 		bl	expf
 3512              	.LVL247:
 498:MiniCABClassifier.cpp ****         sum += values[i];
 3513              		.loc 1 498 19 discriminator 1 view .LVU1185
 3514 0040 A4EC010A 		vstmia.32	r4!, {s0}
 499:MiniCABClassifier.cpp ****     }
 3515              		.loc 1 499 9 is_stmt 1 view .LVU1186
 497:MiniCABClassifier.cpp ****         values[i] = expf(values[i] - maxVal);
 3516              		.loc 1 497 22 is_stmt 0 discriminator 1 view .LVU1187
 3517 0044 B442     		cmp	r4, r6
 499:MiniCABClassifier.cpp ****     }
 3518              		.loc 1 499 13 view .LVU1188
 3519 0046 78EE808A 		vadd.f32	s17, s17, s0
 3520              	.LVL248:
 497:MiniCABClassifier.cpp ****         values[i] = expf(values[i] - maxVal);
 3521              		.loc 1 497 5 is_stmt 1 discriminator 3 view .LVU1189
 497:MiniCABClassifier.cpp ****         values[i] = expf(values[i] - maxVal);
 3522              		.loc 1 497 22 discriminator 1 view .LVU1190
 3523 004a F3D1     		bne	.L234
 497:MiniCABClassifier.cpp ****         values[i] = expf(values[i] - maxVal);
 3524              		.loc 1 497 22 is_stmt 0 discriminator 1 view .LVU1191
 3525              	.LBE292:
 502:MiniCABClassifier.cpp ****         for(int i = 0; i < n; i++){
 3526              		.loc 1 502 5 is_stmt 1 view .LVU1192
 3527              	.LBB293:
 3528 004c F5EEC08A 		vcmpe.f32	s17, #0
 3529 0050 F1EE10FA 		vmrs	APSR_nzcv, FPSCR
 3530 0054 07DD     		ble	.L229
 3531              	.LVL249:
 3532              	.L237:
 3533              	.LBB294:
 3534              		.loc 1 504 13 view .LVU1193
 3535              		.loc 1 504 21 is_stmt 0 view .LVU1194
 3536 0056 95ED007A 		vldr.32	s14, [r5]
ARM GAS  /var/folders/6_/psd2b8g56p7696hhrr4ztjs00000gn/T//ccrN3Asy.s 			page 91


 3537              		.loc 1 504 23 view .LVU1195
 3538 005a C7EE287A 		vdiv.f32	s15, s14, s17
 3539 005e E5EC017A 		vstmia.32	r5!, {s15}
 503:MiniCABClassifier.cpp ****             values[i] /= sum;
 3540              		.loc 1 503 9 is_stmt 1 discriminator 3 view .LVU1196
 503:MiniCABClassifier.cpp ****             values[i] /= sum;
 3541              		.loc 1 503 26 discriminator 1 view .LVU1197
 3542 0062 B542     		cmp	r5, r6
 3543 0064 F7D1     		bne	.L237
 3544              	.LVL250:
 3545              	.L229:
 503:MiniCABClassifier.cpp ****             values[i] /= sum;
 3546              		.loc 1 503 26 is_stmt 0 discriminator 1 view .LVU1198
 3547              	.LBE294:
 3548              	.LBE293:
 505:MiniCABClassifier.cpp ****         }
 506:MiniCABClassifier.cpp ****     }
 507:MiniCABClassifier.cpp **** }
 3549              		.loc 1 507 1 view .LVU1199
 3550 0066 BDEC028B 		vldm	sp!, {d8}
 3551              		.cfi_remember_state
 3552              		.cfi_restore 80
 3553              		.cfi_restore 81
 3554              		.cfi_def_cfa_offset 16
 3555              	.LVL251:
 3556              		.loc 1 507 1 view .LVU1200
 3557 006a 70BD     		pop	{r4, r5, r6, pc}
 3558              	.LVL252:
 3559              	.L230:
 3560              		.cfi_restore_state
 3561              	.LBB295:
 497:MiniCABClassifier.cpp ****         values[i] = expf(values[i] - maxVal);
 3562              		.loc 1 497 22 is_stmt 1 discriminator 1 view .LVU1201
 3563 006c FBD1     		bne	.L229
 3564 006e 0426     		movs	r6, #4
 3565 0070 DBE7     		b	.L232
 3566              	.L243:
 3567 0072 00BF     		.align	2
 3568              	.L242:
 3569 0074 00000000 		.word	0
 3570              	.LBE295:
 3571              		.cfi_endproc
 3572              	.LFE573:
 3574              		.text
 3575              	.Letext0:
 3576              		.file 2 "/Applications/ArmGNUToolchain/15.2.rel1/arm-none-eabi/lib/gcc/arm-none-eabi/15.2.1/includ
 3577              		.file 3 "/Applications/ArmGNUToolchain/15.2.rel1/arm-none-eabi/arm-none-eabi/include/c++/15.2.1/cm
 3578              		.file 4 "/Applications/ArmGNUToolchain/15.2.rel1/arm-none-eabi/arm-none-eabi/include/c++/15.2.1/bi
 3579              		.file 5 "/Applications/ArmGNUToolchain/15.2.rel1/arm-none-eabi/arm-none-eabi/include/c++/15.2.1/cs
 3580              		.file 6 "/Applications/ArmGNUToolchain/15.2.rel1/arm-none-eabi/arm-none-eabi/include/c++/15.2.1/cs
 3581              		.file 7 "/Applications/ArmGNUToolchain/15.2.rel1/arm-none-eabi/arm-none-eabi/include/c++/15.2.1/cs
 3582              		.file 8 "/Applications/ArmGNUToolchain/15.2.rel1/arm-none-eabi/arm-none-eabi/include/math.h"
 3583              		.file 9 "/Applications/ArmGNUToolchain/15.2.rel1/arm-none-eabi/arm-none-eabi/include/stdlib.h"
 3584              		.file 10 "/Applications/ArmGNUToolchain/15.2.rel1/arm-none-eabi/arm-none-eabi/include/c++/15.2.1/m
 3585              		.file 11 "/Applications/ArmGNUToolchain/15.2.rel1/arm-none-eabi/arm-none-eabi/include/string.h"
 3586              		.file 12 "FeatureExtractor.h"
 3587              		.file 13 "MiniCABClassifier.h"
ARM GAS  /var/folders/6_/psd2b8g56p7696hhrr4ztjs00000gn/T//ccrN3Asy.s 			page 92


 3588              		.file 14 "/Applications/ArmGNUToolchain/15.2.rel1/arm-none-eabi/arm-none-eabi/include/c++/15.2.1/a
ARM GAS  /var/folders/6_/psd2b8g56p7696hhrr4ztjs00000gn/T//ccrN3Asy.s 			page 93


DEFINED SYMBOLS
                            *ABS*:00000000 MiniCABClassifier.cpp
/var/folders/6_/psd2b8g56p7696hhrr4ztjs00000gn/T//ccrN3Asy.s:20     .text._ZN17MiniCABClassifier4InitEv:00000000 $t
/var/folders/6_/psd2b8g56p7696hhrr4ztjs00000gn/T//ccrN3Asy.s:27     .text._ZN17MiniCABClassifier4InitEv:00000000 _ZN17MiniCABClassifier4InitEv
/var/folders/6_/psd2b8g56p7696hhrr4ztjs00000gn/T//ccrN3Asy.s:136    .text._ZN17MiniCABClassifier5ResetEv:00000000 $t
/var/folders/6_/psd2b8g56p7696hhrr4ztjs00000gn/T//ccrN3Asy.s:143    .text._ZN17MiniCABClassifier5ResetEv:00000000 _ZN17MiniCABClassifier5ResetEv
/var/folders/6_/psd2b8g56p7696hhrr4ztjs00000gn/T//ccrN3Asy.s:168    .text._ZN17MiniCABClassifier9PushFrameERK13AudioFeatures:00000000 $t
/var/folders/6_/psd2b8g56p7696hhrr4ztjs00000gn/T//ccrN3Asy.s:175    .text._ZN17MiniCABClassifier9PushFrameERK13AudioFeatures:00000000 _ZN17MiniCABClassifier9PushFrameERK13AudioFeatures
/var/folders/6_/psd2b8g56p7696hhrr4ztjs00000gn/T//ccrN3Asy.s:240    .text._ZNK17MiniCABClassifier15FeaturesToInputERK13AudioFeaturesPf:00000000 $t
/var/folders/6_/psd2b8g56p7696hhrr4ztjs00000gn/T//ccrN3Asy.s:247    .text._ZNK17MiniCABClassifier15FeaturesToInputERK13AudioFeaturesPf:00000000 _ZNK17MiniCABClassifier15FeaturesToInputERK13AudioFeaturesPf
/var/folders/6_/psd2b8g56p7696hhrr4ztjs00000gn/T//ccrN3Asy.s:392    .text._ZNK17MiniCABClassifier23BuildSequenceFromBufferEPA12_f:00000000 $t
/var/folders/6_/psd2b8g56p7696hhrr4ztjs00000gn/T//ccrN3Asy.s:399    .text._ZNK17MiniCABClassifier23BuildSequenceFromBufferEPA12_f:00000000 _ZNK17MiniCABClassifier23BuildSequenceFromBufferEPA12_f
/var/folders/6_/psd2b8g56p7696hhrr4ztjs00000gn/T//ccrN3Asy.s:523    .text._ZNK17MiniCABClassifier23BuildSequenceWithLatestERK13AudioFeaturesPA12_f:00000000 $t
/var/folders/6_/psd2b8g56p7696hhrr4ztjs00000gn/T//ccrN3Asy.s:530    .text._ZNK17MiniCABClassifier23BuildSequenceWithLatestERK13AudioFeaturesPA12_f:00000000 _ZNK17MiniCABClassifier23BuildSequenceWithLatestERK13AudioFeaturesPA12_f
/var/folders/6_/psd2b8g56p7696hhrr4ztjs00000gn/T//ccrN3Asy.s:684    .text._ZNK17MiniCABClassifier17ClassifierPredictEPKfPf:00000000 $t
/var/folders/6_/psd2b8g56p7696hhrr4ztjs00000gn/T//ccrN3Asy.s:691    .text._ZNK17MiniCABClassifier17ClassifierPredictEPKfPf:00000000 _ZNK17MiniCABClassifier17ClassifierPredictEPKfPf
/var/folders/6_/psd2b8g56p7696hhrr4ztjs00000gn/T//ccrN3Asy.s:870    .text._ZNK17MiniCABClassifier17ClassifierPredictEPKfPf:000000b8 $d
/var/folders/6_/psd2b8g56p7696hhrr4ztjs00000gn/T//ccrN3Asy.s:875    .text._ZN17MiniCABClassifier16SetNormalisationEPKfS1_:00000000 $t
/var/folders/6_/psd2b8g56p7696hhrr4ztjs00000gn/T//ccrN3Asy.s:882    .text._ZN17MiniCABClassifier16SetNormalisationEPKfS1_:00000000 _ZN17MiniCABClassifier16SetNormalisationEPKfS1_
/var/folders/6_/psd2b8g56p7696hhrr4ztjs00000gn/T//ccrN3Asy.s:940    .text._ZN17MiniCABClassifier16SetNormalisationEPKfS1_:00000040 $d
/var/folders/6_/psd2b8g56p7696hhrr4ztjs00000gn/T//ccrN3Asy.s:945    .text._ZNK17MiniCABClassifier9ClipValueEfff:00000000 $t
/var/folders/6_/psd2b8g56p7696hhrr4ztjs00000gn/T//ccrN3Asy.s:952    .text._ZNK17MiniCABClassifier9ClipValueEfff:00000000 _ZNK17MiniCABClassifier9ClipValueEfff
/var/folders/6_/psd2b8g56p7696hhrr4ztjs00000gn/T//ccrN3Asy.s:982    .text._ZNK17MiniCABClassifier15ConvFilterValueEPA12_Kfii:00000000 $t
/var/folders/6_/psd2b8g56p7696hhrr4ztjs00000gn/T//ccrN3Asy.s:989    .text._ZNK17MiniCABClassifier15ConvFilterValueEPA12_Kfii:00000000 _ZNK17MiniCABClassifier15ConvFilterValueEPA12_Kfii
/var/folders/6_/psd2b8g56p7696hhrr4ztjs00000gn/T//ccrN3Asy.s:1013   .text._ZNK17MiniCABClassifier15ConvFilterValueEPA12_Kfii:00000012 $d
/var/folders/6_/psd2b8g56p7696hhrr4ztjs00000gn/T//ccrN3Asy.s:1021   .text._ZNK17MiniCABClassifier15ConvFilterValueEPA12_Kfii:0000001a $t
/var/folders/6_/psd2b8g56p7696hhrr4ztjs00000gn/T//ccrN3Asy.s:1592   .text._ZNK17MiniCABClassifier15ConvFilterValueEPA12_Kfii:000001d4 $d
/var/folders/6_/psd2b8g56p7696hhrr4ztjs00000gn/T//ccrN3Asy.s:1602   .text._ZNK17MiniCABClassifier19EventAttentionLogitEPKf:00000000 $t
/var/folders/6_/psd2b8g56p7696hhrr4ztjs00000gn/T//ccrN3Asy.s:1609   .text._ZNK17MiniCABClassifier19EventAttentionLogitEPKf:00000000 _ZNK17MiniCABClassifier19EventAttentionLogitEPKf
/var/folders/6_/psd2b8g56p7696hhrr4ztjs00000gn/T//ccrN3Asy.s:1690   .text._ZNK17MiniCABClassifier19EventAttentionLogitEPKf:00000084 $d
/var/folders/6_/psd2b8g56p7696hhrr4ztjs00000gn/T//ccrN3Asy.s:1697   .text._ZNK17MiniCABClassifier19BuildRepresentationEPA12_KfPf:00000000 $t
/var/folders/6_/psd2b8g56p7696hhrr4ztjs00000gn/T//ccrN3Asy.s:1704   .text._ZNK17MiniCABClassifier19BuildRepresentationEPA12_KfPf:00000000 _ZNK17MiniCABClassifier19BuildRepresentationEPA12_KfPf
/var/folders/6_/psd2b8g56p7696hhrr4ztjs00000gn/T//ccrN3Asy.s:2440   .text._ZNK17MiniCABClassifier19BuildRepresentationEPA12_KfPf:000003ac $d
/var/folders/6_/psd2b8g56p7696hhrr4ztjs00000gn/T//ccrN3Asy.s:2452   .text._ZNK17MiniCABClassifier19BuildRepresentationEPA12_KfPf:000003d4 $t
/var/folders/6_/psd2b8g56p7696hhrr4ztjs00000gn/T//ccrN3Asy.s:2731   .text._ZNK17MiniCABClassifier15PredictSequenceEv:00000000 $t
/var/folders/6_/psd2b8g56p7696hhrr4ztjs00000gn/T//ccrN3Asy.s:2738   .text._ZNK17MiniCABClassifier15PredictSequenceEv:00000000 _ZNK17MiniCABClassifier15PredictSequenceEv
/var/folders/6_/psd2b8g56p7696hhrr4ztjs00000gn/T//ccrN3Asy.s:2928   .text._ZN17MiniCABClassifier15TrainOnSequenceEPA12_Kfif.part.0:00000000 $t
/var/folders/6_/psd2b8g56p7696hhrr4ztjs00000gn/T//ccrN3Asy.s:2934   .text._ZN17MiniCABClassifier15TrainOnSequenceEPA12_Kfif.part.0:00000000 _ZN17MiniCABClassifier15TrainOnSequenceEPA12_Kfif.part.0
/var/folders/6_/psd2b8g56p7696hhrr4ztjs00000gn/T//ccrN3Asy.s:3167   .text._ZN17MiniCABClassifier15TrainOnSequenceEPA12_Kfif.part.0:000000fc $d
/var/folders/6_/psd2b8g56p7696hhrr4ztjs00000gn/T//ccrN3Asy.s:3176   .text._ZN17MiniCABClassifier15TrainOnSequenceEPA12_Kfif:00000000 $t
/var/folders/6_/psd2b8g56p7696hhrr4ztjs00000gn/T//ccrN3Asy.s:3183   .text._ZN17MiniCABClassifier15TrainOnSequenceEPA12_Kfif:00000000 _ZN17MiniCABClassifier15TrainOnSequenceEPA12_Kfif
/var/folders/6_/psd2b8g56p7696hhrr4ztjs00000gn/T//ccrN3Asy.s:3204   .text._ZN17MiniCABClassifier16TrainFromExampleERK13AudioFeaturesif:00000000 $t
/var/folders/6_/psd2b8g56p7696hhrr4ztjs00000gn/T//ccrN3Asy.s:3211   .text._ZN17MiniCABClassifier16TrainFromExampleERK13AudioFeaturesif:00000000 _ZN17MiniCABClassifier16TrainFromExampleERK13AudioFeaturesif
/var/folders/6_/psd2b8g56p7696hhrr4ztjs00000gn/T//ccrN3Asy.s:3278   .text._ZN17MiniCABClassifier24TrainFromCurrentSequenceEif:00000000 $t
/var/folders/6_/psd2b8g56p7696hhrr4ztjs00000gn/T//ccrN3Asy.s:3285   .text._ZN17MiniCABClassifier24TrainFromCurrentSequenceEif:00000000 _ZN17MiniCABClassifier24TrainFromCurrentSequenceEif
/var/folders/6_/psd2b8g56p7696hhrr4ztjs00000gn/T//ccrN3Asy.s:3362   .text._ZNK17MiniCABClassifier17GapAttentionLogitEPKf:00000000 $t
/var/folders/6_/psd2b8g56p7696hhrr4ztjs00000gn/T//ccrN3Asy.s:3369   .text._ZNK17MiniCABClassifier17GapAttentionLogitEPKf:00000000 _ZNK17MiniCABClassifier17GapAttentionLogitEPKf
/var/folders/6_/psd2b8g56p7696hhrr4ztjs00000gn/T//ccrN3Asy.s:3433   .text._ZNK17MiniCABClassifier17GapAttentionLogitEPKf:0000005c $d
/var/folders/6_/psd2b8g56p7696hhrr4ztjs00000gn/T//ccrN3Asy.s:3440   .text._ZNK17MiniCABClassifier7SoftmaxEPfi:00000000 $t
/var/folders/6_/psd2b8g56p7696hhrr4ztjs00000gn/T//ccrN3Asy.s:3447   .text._ZNK17MiniCABClassifier7SoftmaxEPfi:00000000 _ZNK17MiniCABClassifier7SoftmaxEPfi
/var/folders/6_/psd2b8g56p7696hhrr4ztjs00000gn/T//ccrN3Asy.s:3569   .text._ZNK17MiniCABClassifier7SoftmaxEPfi:00000074 $d

UNDEFINED SYMBOLS
memset
expf
tanhf
