:020000042400D6
:10000000000002208D07002489070024B1BF0024CE
:1000100089070024890700248907002400000000C4
:10002000000000000000000000000000890700241C
:1000300089070024000000008907002435BF002440
:1000400089070024890700248907002489070024E0
:1000500089070024890700248907002489070024D0
:10006000890700248907002489070024B59D0024FE
:10007000C19D0024958B0024CD9D0024D99D002492
:10008000A9B9002445920024890700248907002487
:100090008907002489070024890700248907002490
:1000A0008907002489070024890700248907002480
:1000B000B17A0124BD7A0124C97A012485920024F1
:1000C00089070024919200248907002479A800243C
:1000D00085A80024B9B70024E9B7002421B800247A
:1000E00089070024890700240000000089070024F4
:1000F0008907002489070024890700248907002430
:100100008907002489070024D57A012491A80024B6
:1001100059B8002491B800248907002489070024D5
:100120008907002489070024B5A80024F5A8002425
:10013000E9B90024890700248907002489070024DD
:1001400000000000000000000000000000000000AF
:10015000890700248907002489070024C9B80024DE
:100160009D9200248907002445BF002469BF002414
:10017000890700248DBF00248907002489070024F3
:10018000890700248907002401B9002439B9002413
:100190009DA80024A9A80024890700248907002419
:1001A000890700248907002489070024890700247F
:1001B000059A002489070024890700248907002460
:1001C0008907002489070024A9860024B586002415
:1001D00089070024C1860024890700248907002498
:1001E000890700248907002489070024890700243F
:1001F000890700248907002489070024890700242F
:10020000890700248907002489070024890700241E
:10021000890700248907002489070024890700240E
:1002200089070024890700248907002400000000B2
:1002300089070024890700240000000089070024A2
:1002400089070024890700248907002489070024DE
:1002500089070024890700248907002489070024CE
:1002600089070024890700248907002489070024BE
:10027000890700248907002471B9002400000000C8
:100280008907002489070024890700240000000052
:080290000000000089070024B2
:1002A000034613F8012B002AFBD1181A01387047B6
:1002B00001F0FF01102A2BDB10F0070F08D010F817
:1002C000013B013A8B422DD010F0070F42B3F6D11B
:1002D000F0B441EA012141EA014122F007047FF034
:1002E00000070023F0E80256083C85EA010586EA8B
:1002F000010685FA47F5A3FA87F586FA47F6A5FAC7
:1003000087F68EB9EED1F0BC01F0FF0102F00702D2
:1003100032B110F8013B013A83EA010313B1F8D17D
:100320000020704701387047002D06BF354603385E
:10033000073815F0010F07D1013015F4807F02BF97
:10034000013015F4C03F0130F0BC0138704700BFE8
:1003500081F0004102E000BF83F0004330B54FEA76
:1003600041044FEA430594EA050F08BF90EA020FE3
:100370001FBF54EA000C55EA020C7FEA645C7FEA76
:10038000655C00F0E2804FEA5454D4EB5555B8BF99
:100390006D420CDD2C4480EA020281EA030382EA0A
:1003A000000083EA010180EA020281EA0303362D9C
:1003B00088BF30BD11F0004F4FEA01314FF4801C6F
:1003C0004CEA113102D0404261EB410113F0004F81
:1003D0004FEA03334CEA133302D0524263EB430338
:1003E00094EA050F00F0A780A4F10104D5F1200ED6
:1003F0000DDB02FA0EFC22FA05F2801841F1000131
:1004000003FA0EF2801843FA05F359410EE0A5F104
:1004100020050EF1200E012A03FA0EFC28BF4CF035
:10042000020C43FA05F3C01851EBE37101F00045EB
:1004300007D54FF0000EDCF1000C7EEB00006EEBF8
:100440000101B1F5801F1BD3B1F5001F0CD3490882
:100450005FEA30004FEA3C0C04F101044FEA4452D9
:1004600012F5800F80F09A80BCF1004F08BF5FEA60
:10047000500C50F1000041EB045141EA050130BD40
:100480005FEA4C0C404141EB0101013C28BFB1F552
:10049000801FE9D291F0000F04BF01460020B1FA9D
:1004A00081F308BF2033A3F10B03B3F120020CDA70
:1004B0000C3208DD02F1140CC2F10C0201FA0CF04E
:1004C00021FA02F10CE002F11402D8BFC2F1200CB3
:1004D00001FA02F120FA0CFCDCBF41EA0C01904069
:1004E000E41AA2BF01EB0451294330BD6FEA0404B2
:1004F0001F3C1CDA0C340EDC04F11404C4F120029D
:1005000020FA04F001FA02F340EA030021FA04F3AE
:1005100045EA030130BDC4F10C04C4F1200220FA05
:1005200002F001FA04F340EA0300294630BD21FA43
:1005300004F0294630BD94F0000F83F4801306BF09
:1005400081F480110134013D4EE77FEA645C18BFFD
:100550007FEA655C29D094EA050F08BF90EA020F94
:1005600005D054EA000C04BF1946104630BD91EA8C
:10057000030F1EBF0021002030BD5FEA545C05D18F
:100580004000494128BF41F0004130BD14F58004CE
:100590003CBF01F5801130BD01F0004545F0FE4142
:1005A00041F470014FF0000030BD7FEA645C1ABF77
:1005B000194610467FEA655C1CBF0B46024650EAAE
:1005C000013406BF52EA033591EA030F41F40021DA
:1005D00030BD00BF90F0000F04BF0021704730B560
:1005E0004FF4806404F132044FF000054FF0000135
:1005F00050E700BF90F0000F04BF0021704730B5F6
:100600004FF4806404F1320410F0004548BF4042CA
:100610004FF000013EE700BF42004FEAE2014FEA1F
:1006200031014FEA02701FBF12F07F4393F07F4FFA
:1006300081F06051704732F07F4208BF704793F0FD
:100640007F4F04BF41F40021704730B54FF4607410
:1006500001F0004521F000411CE700BF50EA010213
:1006600008BF704730B54FF000050AE050EA0102BC
:1006700008BF704730B511F0004502D5404261EB2C
:1006800041014FF4806404F132045FEA915C3FF46D
:10069000D8AE4FF003025FEADC0C18BF03325FEA0A
:1006A000DC0C18BF033202EBDC02C2F1200300FABB
:1006B00003FC20FA02F001FA03FE40EA0E0021FAE0
:1006C00002F11444BDE600BF53B94AB9002908BF7E
:1006D00000281CBF4FF0FF314FF0FF3000F00CB886
:1006E000ADF1080C6DE904CE19F03AFCDDF804E038
:1006F000DDE9022304B07047704700BF0348044B94
:10070000834202D0034B03B118477047E80600202C
:10071000E8060020000000000548064B1B1AD90F10
:1007200001EBA301491002D0034B03B118477047F6
:10073000E8060020E80600200000000010B5064C86
:10074000237843B9FFF7DAFF044B13B10448AFF342
:1007500000800123237010BDE80600200000000087
:1007600094B1012408B5054B1BB105490548AFF309
:100770000080BDE80840FFF7CFBF00BF00000000C9
:10078000EC06002094B10124FEE700BF0B4A0C4B9D
:10079000934204D0D21A0B49184618F010FC0A4AAA
:1007A0000A4B934204D0D21A0021184618F0C2FB1B
:1007B00018F0DEFB02F0FEFAFEE700BFE8060020BC
:1007C00000000020C8B10124589E0120E806002046
:1007D0009FED367A0022364BB0EE474AF0EE473AAC
:1007E00003F5C061F0EE474A13E0F4EEC37AF1EE90
:1007F00010FA2BDCF4EEC65ADFED2E7AF1EE10FA89
:1008000024DCB4EEE75AF1EE10FA1FDC30339942E3
:1008100020D0D3ED017AD3ED006AF4EEC77A9FEDD4
:10082000266A93ED045A74EEA64AD3ED065AF1EE09
:1008300010FA9FED223AF4EEC66A73EE853A37FE5F
:10084000877A34EE254AF1EE10FACEDD30330132EC
:100850009942DED1052A08DDDFED187AB4EEE77A99
:10086000F1EE10FA03DD0120704700207047DFED44
:10087000147A9FED117A64EEA74AF4EEC74AF1EEBE
:1008800010FAF0DC24EE274AB4EEC74AF1EE10FA73
:10089000E9DC63EEA73ADFED077AF4EEE73AF1EE32
:1008A00010FACCBF01200020704700BF00000000FC
:1008B00000EE05C0A69B443A3480B73952499D3AB0
:1008C0000000003DF0B5234887B004F0BBFE224B8A
:1008D000224E1C68634204F01F0403F01F0358BF3C
:1008E0005C4204F12005634204F01F0104F101049D
:1008F000184803F01F0358BF594201EB410106EBB2
:10090000011104F0A9FEA542EDD16D4611496846DA
:10091000134C05F06BFE134E134FDFF850E0B44656
:100920000FCD0FC42B68224642F810391346F7EE5C
:10093000007AB3EC017A9C42ACEC017A77EEC77A8C
:10094000A7EC017AEEEC017AF1D113690120336151
:1009500007B0F0BDC40800208408002000EE05C0E8
:100960003C0800205089002034070020400000206F
:10097000DFED6E2A2DE9F04F6D4FF0EE625AB0EECA
:10098000625A85B0F0EE624A814600263B4607F582
:10099000C062D3ED017A303313ED0C7AF4EEE27AD3
:1009A000DFED646A13ED084A74EE874A13ED066AB8
:1009B000F1EE10FADFED603AB4EEE67A35EE045A65
:1009C00077FEA22A75EE865AF1EE10FA10DCF4EEEC
:1009D000E37AF1EE10FA0BDCB4EEE66ADFED577A5B
:1009E000F1EE10FA04DCB4EEE74AF1EE10FA00DDA5
:1009F00001369A42CDD1DFED527A24EEA71A65EE88
:100A0000271A25EEA72AFFF7E3FE00286DD04D4BED
:100A10004D4D1C6809EB4903DFF840B105EB833508
:100A200063425BF829A004F01F0403F01F0358BFC2
:100A30005C420AEB4A0304F1200805EB43256342BC
:100A400004F01F0CAE4604F1010403F01F0305F18E
:100A5000300558BFC3F1000CA0450CEB4C0C07EB64
:100A60000C1CBCE80F00AEE80F00BCE80F00AEE8BD
:100A70000F009CE80F008EE80F00E0D10AF1010A98
:100A80003249DAF100020AF01F0302F01F0258BFD8
:100A9000534251F829201F2A4BF8293021DDDFED80
:100AA0002C7A334649462B4821EEA75A62EE275A44
:100AB00061EE274A62EEA72ABDEEC55AFDEEE55A61
:100AC000FDEEE44AFDEEE22A8DED035ACDED025A29
:100AD000CDED014ACDED002A07F01CFC05B0BDE8C4
:100AE000F08F013241F82920D9E7DFED197A31463C
:100AF000194861EE274A21EEA75A62EE275A62EEA4
:100B0000A72AFDEEE47ABDEEC55AFDEEE55A17EED2
:100B1000903AFDEEE27A8DED015ACDED005A17EED6
:100B2000902A07F0F7FB05B0BDE8F08F0000000049
:100B300000EE05C03480B73952499D3AA69B443A2D
:100B40000000003D8408002000EE02C06008002084
:100B500000247449B0A3012478A301247008002064
:100B600090ED006AF6EE081A9FED4A2A90ED043ADD
:100B7000D0ED052A26EE026A90ED074A9FED460A5F
:100B800062EEA12AD0ED016A24EE214A23EE003A5A
:100B9000DFED421A91ED000A66EE826A90ED027A6C
:100BA000A0EE216A91ED010ADFED3D5AE0EE216AE7
:100BB000D0ED037AD0ED063A27EE257AD0ED0A0A79
:100BC00067EEA57AD0ED084A63EE823A90ED095AB5
:100BD0009FED342A64EEA54A9FED331A25EE255A7F
:100BE00091ED040A60EE815AF5EE000A2DED028BBC
:100BF00081ED006A91ED026AC1ED016AD1ED036AEF
:100C0000A6EE027A91ED066AE6EE827AD1ED076AE7
:100C1000E6EE213A91ED058AB0EE446ADFED231A43
:100C2000E8EE202A81ED027AA6EEA06A91ED087A1C
:100C3000F0EE646AC1ED037ADFED1D7AC1ED063A8C
:100C4000E7EE026AC1ED052AB0EE457AA0EE273A3A
:100C5000D1ED097A91ED0A0AA7EE827A81ED076A51
:100C6000F0EE657AE0EE217A81ED043AC1ED086A92
:100C700081ED097A91ED0B7ABDEC028BC1ED0A7A18
:100C8000D0ED0B7A67EE817AE7EE217AC1ED0B7A2F
:100C9000704700BF6666263F3333333F3333B33E7E
:100CA000CDCC0C3F6666E63E9A99593F9A99193E1B
:100CB0009A99993E00210448044B4FF4C0620160A8
:100CC0000348196018F036B9840800208008002015
:100CD00000EE05C0F0B5124E8646124B3468124F36
:100CE00004EB440201343D6803EB021C634204F050
:100CF0001F0403F01F0358BF5C421F2DBEE80F0006
:100D0000ACE80F00BEE80F00ACE80F009EE80F0053
:100D100034608CE80F0001DC01353D60F0BD00BFA0
:100D20008408002000EE05C0800800200021154B3B
:100D3000154A164810B51960154C164B1170302223
:100D4000016015482160197018F0F4F84FF07E50DA
:100D5000124A0023124C10600021124A12482360EC
:100D60001060124C124A23601160124C1248134A50
:100D7000236001601160124C1248134A2160036025
:100D8000116010BDE4070020E8070020AC07002038
:100D9000E007002078070020B00700205400002062
:100DA00074070020500000200024744970070020C0
:100DB000680700206C0700206407002060070020FF
:100DC0005C0700205807002054070020784B90ED66
:100DD000006AD0ED016AD0ED021A90ED037A90ED31
:100DE000042AD0ED057AD3ED002A93ED013AD3ED34
:100DF000023A72EE862A93ED034A33EE263AD3ED99
:100E0000044A73EEA13A93ED055A34EE074A90ED89
:100E1000060A74EE824AD0ED070A35EE275A90EDA5
:100E2000081AD3ED065A93ED076AD3ED086A75EEFA
:100E3000805A93ED097A36EE206AD0ED091A76EEE3
:100E4000816AD3ED0A7A90ED0A2A37EE217AC3ED52
:100E5000086A77EE827AC3ED002A83ED097A83ED82
:100E6000013AC3ED023A83ED034AC3ED044A83ED30
:100E7000055AC3ED065A83ED076AC3ED0A7A93ED6E
:100E80000B7AD0ED0B6AD0ED007A37EE267ADFF8D8
:100E900058C1DCF8002083ED0B7A464B013293ED0C
:100EA000007ACCF80020F4EEC77AF1EE10FA01DDFA
:100EB000C3ED007A404B93ED007AF4EEC77AF1EE81
:100EC00010FA01D5C3ED007A3C4BD0ED037A93EDD7
:100ED000007AF4EEC77AF1EE10FA01DDC3ED007A84
:100EE000374B93ED007AF4EEC77AF1EE10FA01D5A4
:100EF000C3ED007A334BD0ED017A93ED007AF4EE36
:100F0000C77AF1EE10FA01DDC3ED007A9FED2E7A7B
:100F1000F4EEC77AF1EE10FA2FDDDFED2C7A90EDCA
:100F2000047AB4EEE77AF1EE10FA27DD2848036878
:100F300013B1CB1AB42B39D9DFF8B0C0DCF80030CC
:100F400030B573B3DFF8A8E0224CDEF8005094ED22
:100F5000007A4D1B204A07EE905AF8EE677A77EE3A
:100F6000877AC4ED007A1468013414600133CEF836
:100F700000100160CCF8003030BD7047DFED177A0B
:100F800090ED077AB4EEE77AF1EE10FACEDCDFED01
:100F9000147A90ED057AB4EEE77AF1EE10FAC5DC3A
:100FA0007047104ADFF848E01160DFE7704700BF84
:100FB000B0070020740700205400002070070020B4
:100FC000500000206C0700208FC2F53B295C0F3DCC
:100FD000640700205807002054070020A69B443CCB
:100FE0000AD7233C60070020AC07002068070020D8
:100FF0005C0700203022002108B517F09BFF424A11
:101000001268002A77DD03464049414807EE902ADE
:101010000968F7EE005A0268B8EEE76A9FED3D2ACC
:1010200091423D48C5EE866ADFF808C138BF1146D7
:10103000D0ED064A90ED044A8A1AD0ED033A90EDBD
:10104000023A07EE902AD0ED002A3448F8EE677A8B
:101050009FED337A90ED005A324887EE826A324A29
:10106000D0ED007ADCF80000D2ED005A58602F482D
:10107000F8EEE55A2E4A62EEA62AD0ED001A23EECB
:10108000263ADFF8B4C063EEA63A126877EEE17A4A
:101090009CED001A24EE264A501E64EEA64A75EE18
:1010A000416AC3ED097AC3ED002A83ED023AC3ED2C
:1010B000086AB4EEC67AC3ED033A83ED044AC3ED81
:1010C000064AF1EE10FA77FE067A8142C5EEA76A6B
:1010D00012D8C3ED0A5AC3ED056A83ED0B6A86EE9A
:1010E000277AF7EE007AB4EEE77AF1EE10FA77FE9F
:1010F000877AC3ED077A08BD891A07EE101AB8EE91
:10110000477A87EE026AE4E7AC070020E007002098
:10111000E407002000007A44B00700207407002094
:101120006F12833A700700206807002050000020EB
:10113000640700206C07002054000020032857D8C3
:10114000394B53F820301F2B00B583B067DCD1ED4D
:10115000006A9FED367AD1ED047AF4EEC76AF1EEBB
:1011600010FA12DD9FED327AF4EEC77AF1EE10FA42
:1011700008DCB7EE006A91ED0A7AB4EEC67AF1EEB9
:1011800010FA37DB012003B000BDD1ED015A9FED0D
:10119000296AF4EEC65AF1EE10FAE3DC91ED066A24
:1011A000B4EEC76AF1EE10FADCDC91ED0A7A9FED3D
:1011B000226A0146214867EE867A27EE067A66EEB5
:1011C000866AFDEEE77A65EE865ABDEEC77ACDED0A
:1011D000007AFDEEE67ABDEEE56A8DED017A17EE56
:1011E000902A16EE103A07F095F8002003B000BDE3
:1011F000002070479FED126AD1ED085AF4EEC65AEE
:10120000F1EE10FABEDCB3EE046AD1ED095AF4EE49
:10121000C65AF1EE10FAB5DCD1ED015AC7E709481C
:1012200007F078F8E1E700BF8808002017B7513AC7
:10123000A69B443B6F12033B00007A4438A4012470
:1012400017B751391CA401242DE9F043194E00EBC6
:10125000400391468E4656F820405B02DFF86080DE
:10126000054604EB4402013458F8207003EB0213E6
:10127000114A02EB030C634204F01F0403F01F0346
:1012800058BF5C421F2FBEE80F00ACE80F00BEE85D
:101290000F00ACE80F009EE80F0046F825408CE8F0
:1012A0000F0002DC013748F82570044B43F8259005
:1012B000BDE8F0839808002000F405C04407002032
:1012C000880800202DE9F0476D4E00276D4D8EB047
:1012D000302200216C48B246A946B84617F02AFED3
:1012E00030220021694817F025FE5AF8044B002CE3
:1012F0002FDD05EB070E04EB4403494664480EEB73
:10130000031E0A684B68029203938A68CB680492B2
:1013100005930A694B69069207938A69CB6908921B
:1013200009930A6A4B6A0A920B938A6ACB6A0C92F7
:1013300002AA0D93544BD3ED007AB2EC017A77EE0A
:10134000877AE3EC017A8342F5D130317145D8D107
:10135000A04407F5C06709F5C069B7F5C05FC4D1FF
:10136000B8F1000F7FD007EE908AB7EE007A464CB6
:10137000F8EEE77A04F13002234687EE276AD3EDD0
:10138000007A67EE867AE3EC017A9342F7D13D4F1B
:101390004FF0000956F8043B002B3EDD09EB050831
:1013A00003EB4303384608EB03184368D0F800A06A
:1013B0008168C26803934369D0F810E0CDF808A0B3
:1013C0000491D0F818A0016A05920793C269436A94
:1013D000CDF818E0CDF820A0D0F828E0D0F82CA067
:1013E000099202AA0A9121460B93284BCDF830E0CE
:1013F000CDF834A0F2EC017A0DF1380EF1EC016A6F
:1014000093ED007A724577EEE67AA7EEA77AA3EC21
:10141000017AEFD130304045C7D109F5C06907F5F1
:10142000C067B9F5C05FB5D1184C04F13005B4EC14
:10143000010A9FED187A20EE060AB5EE400AF1EE99
:1014400010FA14D4F1EEC07AF4EEC77AF1EE10FA85
:1014500001D5F7EE007AAC4244ED017AE7D10120E4
:101460000EB0BDE8F08740460EB0BDE8F0878DEDC8
:10147000016A17F021F99DED016AF0EE407AEAE782
:101480008808002000F405C00407002000000020A8
:1014900034070020BD3786352DE9F047714E4FF0F7
:1014A0000008302200217048B24645462DED028BDF
:1014B0008CB017F03FFD302200216C4817F03AFD48
:1014C0005AF8049BB9F1000F3BDD694C09EB490761
:1014D0006848444404EB4727A4F5C0614B680A6898
:1014E0000193CB68009203930A694B69D1F808C055
:1014F000049205930A6ACB69CDF808C00793D1F826
:1015000018C04B6A0892CA6ACDF818C00993D1F87E
:1015100028C00B926A46544BCDF828C0D3ED007A10
:10152000B2EC017A77EE877AE3EC017A8342F5D167
:101530003031A142D2D101F5C064BC42CCD105EB1F
:10154000491508F54048B8F5403FB9D1002D7DD088
:1015500007EE905AB7EE007A434DF8EEE77A05F1C0
:1015600030022B4687EE278AD3ED007A67EE887A21
:10157000E3EC017A9342F7D14FF0000A56F8043BAE
:10158000002B3DDD3A4A03EB430302EB0A0808EB6C
:101590004329A8F5C06002684368C168D0F808C054
:1015A00007694469009201938269C3690391416AA2
:1015B000CDF808C00497D0F820C0876A0594069239
:1015C0006A46C46A079309912946284BCDF820C082
:1015D0000A970B94F2EC017A0CACF1EC016A93EDF2
:1015E000007A944277EEE67AA7EEA77AA3EC017A26
:1015F000F0D130304045CED108F5C068C845C8D1DB
:101600000AF5404ABAF5403FB8D1184C04F130050C
:10161000B4EC010A9FED187A20EE080AB5EE400AF4
:10162000F1EE10FA18D4F1EEC07AF4EEC77AF1EECA
:1016300010FA01D5F7EE007AAC4244ED017AE7D119
:1016400001200CB0BDEC028BBDE8F08728460CB041
:10165000BDEC028BBDE8F08717F02EF8F0EE407A73
:10166000EAE700BF60080020040700200000002017
:1016700000F402C034070020BD3786352DE9F84F4D
:10168000234E002106F11000334653F8042B002AA4
:10169000C8BF01318342F8D1012903DDFFF712FEF3
:1016A000824620B94FF0000A5046BDE8F88F19482D
:1016B0004FF05A0902F054FE174A1849154802F033
:1016C000ADFEDFF86480B34600275BF8043B002BD7
:1016D0000EDD4546002429469FED110A3A460D4885
:1016E00002F094FF01345BF8043C30359C42F2DB9D
:1016F000013708F5C068042FE7D1B9F10109E0D13D
:101700000849044803F086F85046BDE8F88F00BF4A
:1017100088080020648900200000002004070020C1
:101720004260653BC086002000F405C02DE9F04F03
:10173000DFF88C81ADF2144D002308F11001424610
:1017400052F8040B0B28C8BF01338A42F8D1012B91
:1017500003DDFFF7A1FE074628B9002738460DF242
:10176000144DBDE8F08F514803F06CFE504A5149CA
:101770004E4804F0D9FF4D4803F064FFD8F8082024
:10178000D8E900318B42B8BF0B4623EAE37393429A
:10179000B8BF1346D8F80C209342B8BF1346002BAD
:1017A000DBD04FF0000ACDE90237029B54464FF0E0
:1017B000000B03EB0A0E4146002351F8042B002ACC
:1017C0000EDDBBF17F0F04AE84AD09DC46F82B3093
:1017D00094FBF2F002FB104245F82B200BF1010BB9
:1017E0000133042BE9D101347445E4D1BBF1010F7D
:1017F00057DD04AE84AD5C4606EB8B0905EB8B0729
:1018000017F046FA59F8041D57F8042D90FBF4F32D
:1018100003FB1400013C56F82030012CC9F80030BD
:1018200055F8203046F820103B6045F82020E7D1DD
:101830000027CDF804A056F804AB55F8044B0AEB8A
:101840004A091A4803F0FEFE1B4A04EB44034FEA20
:10185000893909EB4324914409EB4329A2F5C0637C
:101860001C4421463034114803F0F6FE4C45F8D1B3
:1018700001379FED120A51460C4804F037FFBB4573
:10188000D9D1DDF804A00AF1010ABAF5967F8CD10E
:10189000039F064803F0D6FE38460DF2144DBDE80E
:1018A000F08FF0D104AE84ADC2E700BFC4080020C1
:1018B000000000200407002000F402C06F12833AE9
:1018C0006008002017490023174A08681749DFF805
:1018D00080C010B41160164C51609160D160154AFF
:1018E000154910610861CCF80000C4E90033C4E96F
:1018F0000233C2E90033114CC2E902334FF07A528D
:1019000022606260A260E2600D4A0E4C13600E4AD3
:1019100020601360C1E90033C1E902330B4910BCF8
:101920000B607047EC07002040000020003C1C4684
:10193000340700203C08002050890020300000209F
:10194000B0080020B4080020A8080020AC0800203F
:10195000B80800208A4B30B51C78012C23D0B6EE95
:10196000007AD1ED0A7AF4EEC77AF1EE10FA40F17E
:101970009680D1ED077A9FED837AF4EEC77AF1EE87
:1019800010FA00F3D2809FED807AF4EEC77AF1EE80
:1019900010FA08D5DFED7D7A91ED0B7AB4EEE77A97
:1019A000F1EE10FA74D47A4BB7EE005ADFED795AA3
:1019B000012CD3F810E09C46DFED777A03EB8E0321
:1019C000764D45FEA75A35EE655AD3ED004A2A46B4
:1019D000734800239FED736A7349FCEC016A7345F9
:1019E000B7EE007A03F1010365EE267A05D0F4EE36
:1019F000C66AF1EE10FA36FE866AD2ED006A042B52
:101A0000E6EEA57A37EE677AE2EC017AE0EC017A4D
:101A1000A1EC017AE1D1D5ED006A0123634A0021EE
:101A20009FED607AF2EC017AF4EEE67AF1EE10FACC
:101A30002FDCF4EEC77AF1EE10FA37FE877A013325
:101A4000042BEFD1012C34EEC66A36EEC77A31D0C2
:101A5000DFED577AF4EEE74AF1EE10FA14DDDFED30
:101A6000557AB4EEE76AF1EE10FA0DDDDFED527A49
:101A7000F4EEE76AF1EE10FA06DDDFED437AB4EE3C
:101A8000E77AF1EE10FA31DC4C4A13680133136047
:101A900030BDB0EE667A1946F0EE676ACFE7B7EE72
:101AA000007AF4EEC77AF1EE10FA3FF67CAFD1ED92
:101AB000077A68E7DFED427AF4EEE74AF1EE10FAD2
:101AC000E2DDDFED407AB4EEE76AF1EE10FADBDD3D
:101AD000DFED3D7AF4EEE76AF1EE10FAD4DDDFEDEA
:101AE0003B7AB4EEE77AF1EE10FACDDD384B1A68A6
:101AF0008A4225D0DFED287A0122364CF4EEE76ADF
:101B0000354819602260F1EE10FA0260BCDDDFEDAD
:101B1000337AB4EEE77AF1EE10FAB5DD18680022F8
:101B20002F49264B08601A6030BDDFED2E7A91ED0B
:101B30000B7AB4EEE77AF1EE10FA7FF734AF30BDEE
:101B4000DFED157A244C2348F4EEE76A2268016839
:101B5000F1EE10FA02F1010201F1010122600160CF
:101B600003DC02218A42D9DA8EE7DFED1C7AB4EE7B
:101B7000E77AF1EE10FACCBF01210221F2E700BFB3
:101B8000500800206666663F8FC2753D0AD7233D28
:101B9000508900206666E63E9A99193F3000002081
:101BA0003407002000000000400000203400002026
:101BB0008FC2F53ECDCCCC3DEC51B83EAC080020F8
:101BC0009A99993E8FC2753C295C8F3E0AD7233C77
:101BD000B8080020A8080020B0080020EC51383ECA
:101BE000B40800203333B33E0138032838D8DFE887
:101BF00000F027170C0260EE007AB0EE087A27EEAC
:101C0000800A20EE070A16F07FBDB5EEC00AF1EE9D
:101C100010FA20DAF7EE087A20EE270A16F074BDE3
:101C2000F1EE607AB4EEE70AF1EE10FA10D4B4EEF9
:101C3000E00AF1EE10FA70FE807AB0EE670A7047A3
:101C4000F7EE007AB0EEC07A37EE277AC0EE077A68
:101C5000B0EE670A7047F0EE047A20EE270AD2E76A
:101C6000F0EE407AF4E700BF80F30200104B114A17
:101C700003EB4013104910B5106008700F4C586802
:101C800099680F4A206011600E481969D3F80CC09A
:101C90000D4AD3F814E011600C4C1A7F0C49C0F8BF
:101CA00000C098690B4BC4F800E008601A7010BDC2
:101CB00014A90124EC07002039080020900000201E
:101CC00098000020940000208C0000208800002054
:101CD0008400002058000020DB4A0023F0B5127871
:101CE0002DED048B85B0CDE90033CDE902334AB147
:101CF000D64B1B78012B0CBFD54BD64B1B78002B3A
:101D000040F05A82D44B4FF07E521D6885F3020595
:101D10000DEB85031A60DDED007A9FEDD07A9DED25
:101D2000015A77EE877ADDED025A9DED036ADFED09
:101D3000CC6A77EE857A77EEA57A77EE867AF4EE3E
:101D4000E67AF1EE10FA0FD5F7EE006A0DEB850397
:101D50008DED007A8DED017AF0EE667A8DED027AE6
:101D60008DED037AC3ED006A6C466B46D3ED006AD5
:101D700004AA86EEA77AA3EC017A9A42F6D1B94E6C
:101D8000B94ABA4F3570156033783A789A4210D014
:101D9000B74A0021B74817F0CDF8B74A0021002311
:101DA0001160B64A1360B64A1360B64A13603378BE
:101DB0003B70B54B9FEDA97A03EB4515B34AF0EEA6
:101DC000474AB0EE476A297FF0EE475AF0EE476A7D
:101DD0001170B0EE475AF4EC017A04AAD3ED011A5F
:101DE000203313ED062AA24253ED052AA7EEA15A8D
:101DF00013ED043AE7EE826A53ED033AE7EEA25A96
:101E000013ED024AA7EE836AE7EEA34AA7EE847AAF
:101E1000E1D19F4BD3ED007AF5EEC07AF1EE10FAE6
:101E200000F1CB82DFED9B3AF7EE040ADFED9A8AF0
:101E3000F4EEE37ADFED992A9FED993AF1EE10FA8C
:101E400073FEA77A87EEA34AD3ED017AF5EEC07A46
:101E5000F1EE10FAE4EE624AA4EE437A64EE288AC8
:101E600064EE200A00F1B782DFED8E3A9FED8E3AE4
:101E7000F4EEE37AF1EE10FA73FEA77A87EEA38A06
:101E8000D3ED043AF5EEC03AF1EE10FA28EE038AEB
:101E900000F1AB82DFED817A9FED7E1AF4EEE73A36
:101EA000F1EE10FA77FEA32A82EEA73A23EE011A8A
:101EB000D3ED071AF0EE002AD3ED057A71EEA77A7A
:101EC000E3EEA27AF5EEC07AF1EE10FA00F19D820F
:101ED000F7EE002AF4EEE27AF1EE10FA72FEA72A8B
:101EE000D3ED033A9FED712AF4EEC23AF1EE10FA07
:101EF00000F18682DFED6E7A9FED6E0AF4EEE73A2E
:101F0000F1EE10FA77FEA37A77EEC27ADFED6A3A45
:101F100087EEA32A22EE000AF5EEC01AF1EE10FABF
:101F200000F16B82F7EE003AF4EEE31AF1EE10FAEC
:101F300073FEA13AD3ED0B7AF5EEC07AF1EE10FA0A
:101F400000F15882B7EE089AF4EEC97AF1EE10FA71
:101F500079FE277AC7EE891A35EE285AF6EE007A0E
:101F6000B4EEE75AF1EE10FA00F1BA81F1EE0C7A14
:101F7000B4EEE75AF1EE10FA37FE855A76EEA06A13
:101F80004E4BF6EE007A83ED005A76EE886AF4EE58
:101F9000E76AF1EE10FA00F1A081F2EE007AF4EEB9
:101FA000E76AF1EE10FA77FEA66A75EE805ADFED69
:101FB000447A444BF4EEE75AC3ED006AF1EE10FAAE
:101FC00007D4DFED417AF4EEE75AF1EE10FA77FE2E
:101FD000A57A36EE016ADFED3A6A3C4BB4EEE66A6A
:101FE000C3ED007AF1EE10FA00F17481F7EE007A99
:101FF000B4EEE76AF1EE10FA77FE867ADFED346A26
:10200000344BF4EEE64AC3ED007AF1EE10FA00F13B
:102010005E81DFED316AF4EEE64AF1EE10FA36FE4B
:10202000A46ADFED2E6A2E4BB4EEE67A83ED006AE9
:10203000F1EE10FA56D4F0EE006AB4EEE67AF1EE64
:1020400010FA76FE876A4DE0C10800205008002093
:10205000C2080020C3080020BC08002000000000C7
:1020600017B7D13839080020EC07002038080020C5
:1020700000EE0200000000C034080020F00700203D
:10208000140800200008002014A901245800002092
:10209000F48B00200AD7A33D9A99993E8FC2F53D53
:1020A000CDCCCC3DEC51383ECDCC0C3F000048436C
:1020B000004083458FC2753E00007A4590000020A5
:1020C000CDCC4C3D980000209A99593F94000020B7
:1020D0003333B33E8C0000206666E63FCDCC4C3EE9
:1020E000880000203378CA4A012BC2ED006A00F054
:1020F000FA803378022B00F08F803378032B40F086
:10210000E2809FEDC46AF6EE001A9FEDC37ADFED20
:10211000C36AA7EE867A9FEDC25A9FEDC26ADFEDD1
:10212000C25AA7EEA65ADFEDC12AE7EE865ADFEDC6
:10213000C04ADFEDC06AB1EE026AF0EE477A9FED69
:10214000BE3ABE49A3EEA45ABD4AE3EEA27ABD4B05
:10215000B0EE657ADFEDBC4A91ED002AD2ED002A9F
:10216000A4EE217AD3ED003AF4EEE67AF1EE10FA1D
:10217000B4EEE65A76FEA77A67EE837AF1EE10FAAD
:10218000B4EEC67AE2EE247A76FE856A66EE836A5B
:10219000F1EE10FAE2EEA46A36FE076A26EE036A52
:1021A000C1ED007AA3EEA46AC2ED006A83ED006A75
:1021B00005B0BDEC048BF0BDA4496A46A44B0D6884
:1021C000DFEDA46A03F1100185F30205F3EC017A57
:1021D0009FEDA07AB4EEE77AF1EE10FA77FE277A57
:1021E000994276EEA76AE2EC017AEFD1DFED9A7AB6
:1021F000F4EEE76AF1EE10FA7FF58DAD4FF07E5206
:102200000DEB85038DED007A8DED017A8DED027A6F
:102210008DED037A1A607EE5B6EE007A9FED8F6A47
:10222000DFED824ADFED8E6AA7EE876A9FED8D5A59
:10223000DFED8D2AA7EEA65A9FED8C7ADFED7A5A54
:10224000DFED8B6AE7EE875A9FED8A1AA3EEA46A48
:102250009FED897AF1EE047A9FED773AA3EEA25AC8
:102260008649874A874BE4EE015ADFED774AA1EEB3
:10227000A26A91ED002AD2ED003A93ED004AB4EE45
:10228000E66AF1EE10FAB4EEC75A76FE866A66EE9A
:10229000836AF1EE10FAF4EEE75AE2EE246A37FEB2
:1022A000057A27EE037AF1EE10FAA3EEA47A77FE10
:1022B000A57A67EE837AC1ED006AE4EE247A82EDB6
:1022C000007AC3ED007A05B0BDEC048BF0BDB0EE32
:1022D000666AA6E6F0EE667A90E6F0EE676A64E675
:1022E000B0EE675A4AE69FED687AF0EE006A9FED1D
:1022F000676A9FED674AA7EE876ADFED665A9FED32
:10230000667AE3EE265ADFED564ADFED427AF6EEC4
:10231000086AE2EE874A9FED575A9FED547AA3EE82
:10232000046ADFED422A5D4AE2EE055ADFED5C3ACF
:10233000D2ED001A5B4B9FED5C4AB4EEE76A93ED79
:10234000002A5A489FED5A3AF1EE10FA90ED005AE1
:10235000F4EEE64A5749584837FE866A26EE226A66
:10236000F1EE10FA91ED001AF4EEC75A534CA1EEBB
:10237000236A76FEA46A66EEA26AF1EE10FAE1EE36
:10238000A36A77FE257A67EEA27A81ED006AE2EE13
:10239000237A26EE847AC2ED006AC7EE056AC3EDA1
:1023A000007A27EE855AC5EE037AC4ED006AC0EDC7
:1023B000007A05B0BDEC048BF0BDD3ED017ADFED02
:1023C000250AF5EEC07AF0EE608AB0EE604AF1EED2
:1023D00010FA7FF549ADD3ED043A9FED1E8AF5EE74
:1023E000C03AF1EE10FA7FF555AD9FED1A1AB0EE36
:1023F000413A5DE5DFED171AAEE5DFED163A99E5F6
:102400009FED140AB0EE402A86E5DFED122A67E55B
:1024100084000020CDCC0C3F9A99993ECDCC4C3E07
:102420000AD7233F666626403333B33F0AD7A33D1E
:102430008FC2753DD7A3703FCDCCCC3D6C00002042
:1024400068000020B40000206666663FB4080020E3
:10245000340700200000000017B7D138CDCCCC3EA7
:10246000EC51383E3333333FCDCC4C3DCDCC4C409A
:1024700048E17A3F9A99193F8FC2753F800000204A
:102480007C000020B80000203333B33EAE47613EED
:102490000AD7233DCDCC4C3F6666E63EC000002007
:1024A0001F856B3FC4000020DB0FC940CC0000201B
:1024B00000007A44BC0000202C08002024080020E2
:1024C00008B5244B2449D3ED007A244A244B2DED42
:1024D000028BB0EE408A91ED000A1878D2ED000A26
:1024E00067EE887A27EE800AFFF77EFBDFED1D7A24
:1024F00020EE270A16F008F91B4AB7EE006A1B4BBC
:10250000D2ED006AD2ED007A76EE666A93ED007A3B
:1025100067EE807A1649174ABFEE000AD1ED005ADD
:10252000E6EE887AD2ED006A77EEC77AA7EEA57A52
:1025300067EE267A83ED007AF4EEC07AF1EE10FAB7
:1025400005D4F4EEC67AF1EE10FA36FE270ABDEC99
:10255000028B08BDA8000020B00000209C000020D5
:1025600058000020CDCCAC3FA4000020F007002094
:10257000AC000020A0000020224BD3ED007AF8EE42
:10258000E77A77EEC07AF5EEC07AF1EE10FA08D568
:102590009FED1D7A77EE877AF5EEC07AF1EE10FAAC
:1025A000F6D49FED197AF4EEC77AF1EE10FA08DB53
:1025B0009FED157A77EEC77AF4EEC77AF1EE10FA4E
:1025C000F6DABDEEE77A114A11484BF6803C17EE79
:1025D000103AB8EEC77A02EB8301013377EEC77A7F
:1025E00091ED000A80FB0310D917C1EBA0210CFB71
:1025F000113302EB830292ED007A37EE407AA7EEB8
:10260000270A70473408002000803B47000000C0C4
:10261000F119760510B5454C2DED028B94ED008A2D
:10262000F0EE408AB0EE480A15F00AFE404A414BEF
:10263000B7EE006A92ED007AD3ED007ADFED3E4A04
:10264000E0EE077ADFED3D6A9FED3D5ADFED3D5A42
:10265000B0EE670AFFF790FF3B4B3C4A93ED007AE0
:10266000D2ED007A30EE474AA4EE247A67EE266A6D
:1026700083ED007AE0EE056A66EEA77AE8EEA57AC9
:10268000F4EEC67AF1EE10FA07DCBFEE006AB4EEA3
:10269000E76AF1EE10FA36FE276A2D4B2D4893EDCE
:1026A000007A2D4A036838EE077A2C4902EB830240
:1026B000DFED2B7A013382ED006AB4EEE77A81FB1D
:1026C0000321DA17C2EBA1224BF68031F1EE10FAAA
:1026D00001FB1233036001DB37EE677A2149B7EE65
:1026E000006A214ABFEE000AD1ED007A92ED005A4D
:1026F00076EE674A1D4B67EEA67A84ED007AD3ED3D
:10270000005AE4EEA87A67EE857A67EEA57AF4EED1
:10271000C07AF1EE10FA05D4F4EEC67AF1EE10FAB2
:1027200036FE270ABDEC028B10BD00BF100800204A
:1027300004080020080800200AD7233CCDCCCC3E5A
:102740009A99193F6666E63E140800207C00002036
:102750000C08002034080020000000C0F1197605A4
:10276000DB0FC94080000020B8000020A00000203E
:1027700008B53D4BF0EE405A9FED3C5AB7EE006A6B
:1027800093ED000AFFF7F8FE394BF0EE403A9FED6B
:10279000394A93ED000AFFF7EFFE374BF0EE406A3F
:1027A000DFED364A93ED000AFFF7E6FEDFED347AFF
:1027B000344B26EEA77A344AD3ED006AD2ED007A84
:1027C000A3EE857AA0EE047A37EE664AE4EE246A38
:1027D00066EEA77AC3ED006AE5EE857AF4EEC67A76
:1027E000F1EE10FA07DCBFEE006AB4EEE76AF1EE34
:1027F00010FA36FE276A254AF7EE006ADFF89CE0F9
:10280000BFEE000AD2ED007ADEED004A36EEE74A6E
:10281000DFF88CC067EE877A1D489CED005A4BF6B6
:10282000803C0368E4EE257A1A4A1B4902EB8302D6
:10283000013382ED006A81FB0321DA1767EEA47A87
:10284000C2EBA12267EE857A0CFB12330360F4EE33
:10285000C07AF1EE10FA05D4F4EEE67AF1EE10FA51
:1028600036FEA70A08BD00BFFC070020CDCC0C3FF8
:10287000F80700209A99193EF40700208FC2F53C12
:102880009A99993E00080020680000206C00002002
:1028900034080020000000C0F1197605B4000020C3
:1028A000A000002070B59F4C9F4EA04D2DED048BD5
:1028B00082B016F0EDF907EE900A2378F0EE006A88
:1028C000FAEEE07A96ED008ABFEE007A022BD5EDA3
:1028D000008AA7EEA67A00F0F48023788DED017AC5
:1028E000032B00F0A180B8EE000A28EE000A15F0D4
:1028F00033FCF0EE409AB0EE680A15F0A1FCB0EEA1
:10290000409A38EEA80A15F09BFC9FED896AF0EE1C
:10291000497AF0EE086AE0EE067A28EEA60ACDEDD6
:10292000007A15F08DFC9FED836AF1EE006ADDED13
:10293000007AE0EE067A28EEA60ACDED007A15F0D0
:102940007FFCB0EE409ABBEE040A28EE000A15F0B8
:1029500003FC9FED796ADDED007ADFED786AE9EE40
:10296000067A9DED017A27EE267AE7EE007A67EE89
:10297000A97AB0EE679A9FED720A28EE000A15F068
:102980005FFCF7EE007A9FED6F7A9FED6F6AE0EEE5
:10299000077A6E4BDFED6E6A93ED007A67EE867A0A
:1029A00087EE870A30EE280AB4EEE60AF1EE10FA56
:1029B00001DB30EE660AF7EE006A237885ED000A47
:1029C000022BC6EE877A77EE887AC6ED007A1ED0A3
:1029D0002378032B0ED0B7EE087AF4EEC77AF1EE27
:1029E00010FA01DB00233360B0EE490A02B0BDECFF
:1029F000048B70BDB0EE087AF4EEC77AF1EE10FAEF
:102A0000F0DAB0EE490A02B0BDEC048B70BDB1EE55
:102A1000047AF4EEC77AF1EE10FAE3DAB0EE490A7E
:102A200002B0BDEC048B70BD9FED4A0A28EE000A8F
:102A300015F092FBF0EE409AB0EE680A15F000FC3B
:102A4000B0EE409A38EEA80A15F0FAFB9FED426A04
:102A5000F0EE497AF0EE086AE0EE067A28EEA60A71
:102A6000CDED007A15F0ECFB9FED3C6AF1EE006ACB
:102A7000DDED007AE0EE067A28EEA60ACDED007ACA
:102A800015F0DEFBB0EE409ABAEE0E0A28EE000A10
:102A900015F062FBDFED325ADFED326A9FED326AEC
:102AA000DDED007A9DED017AE9EE257A27EE267AB2
:102AB00067EE867AE7EE007A67EEA97AB0EE679A5B
:102AC00059E79FED2A0A8DED017A28EE000A15F0EC
:102AD00043FBF0EE409AB0EE680A15F0B1FBB0EEA1
:102AE000409A38EEA80A15F0ABFB9FED1D6AF0EE98
:102AF000497AF0EE086AE0EE067A28EEA60ACDEDF5
:102B0000007A15F09DFBB0EE409ABAEE080A28EE66
:102B1000000A15F021FBDFED165ADFED166A9FED76
:102B2000166ABDE739080020180800201C0800209C
:102B3000AE47613ECDCCCC3D0AD7233DEC51383E6B
:102B40003333333F6F12033BA0C9AC44CC000020A9
:102B5000DB0FC9403333B3BE8FC2753DCDCCCC3C07
:102B60000AD7233C8FC2F53D6666E63E8FC2F5BDAF
:102B70000AD7A33B0AD7A33D3333B33E002A00F064
:102B8000AA802DE9F84F8A46804616460024524F07
:102B9000524D2DED028B20E0D8F800304B4493EDE0
:102BA000008AB0EE480A4E4801F050F92B78F3B194
:102BB0002B78012B22D02B78022B7ED02B78032B65
:102BC00000F082800134DAE90023A6424A444B44F3
:102BD00082ED008A83ED008A6BD03B784FEA84094E
:102BE000002BD9D0FFF75EFEB0EE408AD9E7B0EEF9
:102BF000480AFFF765FCB0EE408AE3E7DFF80CB166
:102C0000DBED008AB0EE680A15F01AFB354BF7EEE3
:102C1000006A9FED356A93ED007A344BD3ED007A6C
:102C2000E0EE077AB0EE670AFFF7A6FC304BBFEE86
:102C3000007AD3ED007A2F4B36EEE75A67EE807AB2
:102C4000D3ED005AE5EE087A67EEA57A67EE867A4C
:102C5000F4EEC77AF1EE10FA05D4F4EEE67AF1EE6E
:102C600010FA36FEA77A244B2448D3ED006A244A92
:102C7000036838EEA60ADFED237A02EB83022249CD
:102C80000133B4EEE70A82ED008A81FB0321DA17F3
:102C9000F1EE10FAC2EBA1224BF6803101FB1233A8
:102CA000036001DB30EE670AB0EE478A8BED000A65
:102CB00088E7BDEC028BBDE8F88FB0EE480AFFF75D
:102CC000A9FCB0EE408A7DE7B0EE480AFFF750FD60
:102CD000B0EE408A76E770472008002039080020CF
:102CE000548C00202C0800206666C63F3008002067
:102CF000BC000020A0000020240800203408002090
:102D0000000000C0DB0FC940F1197605280800203B
:102D1000FFF734BF08B5064B1B681F2B02DDFDF71C
:102D200057FD08B9002008BDBDE80840FDF7CABD41
:102D300080080020194B1B7830B587B003BB0246D2
:102D400017496846174D01F0C7FBEE46DFF860C033
:102D5000154CBEE80F00ACE80F00DEF8002063461B
:102D600043F81029F7EE007AB3EC017A6345A5EC3D
:102D7000017A77EEC77AE4EC017AF3D107B030BD7F
:102D80000A4B1B681F2BF9DDFDF722FD0028F5D04B
:102D900007B0BDE83040FDF795BD00BF50080020EA
:102DA00064890020340700204000002080080020B3
:102DB000508900202DE9F04F0021A3B0A1484FF029
:102DC000FF3403F0B3FD002005F006FB4FF47A70EA
:102DD00009F060F99C4805F09DFA9C4D01F06CFFEC
:102DE0009B4805F097FA002602F0F4F9994805F09F
:102DF00091FA30219348B14603F0BAFC032191487F
:102E0000274603F0C9FC9FED940A4FF48071934864
:102E100000F094FF924801F0A3FA924802F012FBEE
:102E2000914A92498F4803F07FFC914805F072FA6D
:102E30002868FEF719FFDFF80CA2FDF777FFDFF82F
:102E400094B2FEF73FFDFDF735FF8A4805F062FAC0
:102E50002B68894A5B018948D15805F05BFA88499B
:102E6000784803F083FC874805F054FA2B68864DB8
:102E700013930B940D9608940C940E96CDE9094487
:102E8000CDE91144CDE90F446E4803F099FC6D483B
:102E900003F0A2FC9AF84430D3B1DAF86430002B86
:102EA00040F3188309F10109B9F1050FA8BF4FF0EC
:102EB00000094FF0FF377548494605F02BFA0C978B
:102EC000CDE90A77CDE90877CDE91177CDE90F771C
:102ED0009AF84C3023B19AF852307F2B00F03183AE
:102EE0006B4B139A6B495D481A6001F017F98046E5
:102EF000002840F0F18009F0CBF80D9B0446C31A7E
:102F00001D2B3DD9644B1878644B012893F8008041
:102F1000634B1B780D934D4B1B6800F04784614A4F
:102F20001168D2E901CED268149115920C9A91459C
:102F300000F06A845A01504989585B4A1278089215
:102F4000002840F04F84594E149A159F0992129010
:102F50000F93CDE90ACE0B9B324648460597049362
:102F60000A9B0393099B0293089B01930D9B00937B
:102F7000434602F03BF90D9BCDE90C94CDE910835B
:102F800009F086F80E9B0446C31AB3F57A7FFFF466
:102F90007BAF2E4B384A1B6845485B01454E007895
:102FA000D3583D4A1593DBF8103011781493424BF7
:102FB000374A1B6812680E93404B3668D3F800E01E
:102FC000374B93F80080002900F07F82012940F000
:102FD00082843B4B3B4993F800C00E9BCDF810E038
:102FE0000393149B00903848CDE9058CCDE901632B
:102FF000159B05F08FF99FED357ADBED037ADBED5C
:10300000025A67EE877A9BED016A65EE875ADBED1F
:10301000006A26EE076A2E48FDEEE77A26EE877AEA
:10302000CDED007AFDEEE57A17EE903AFDEEC67A28
:1030300017EE902AFDEEC77A17EE901A05F06AF99E
:103040000E9421E7E8B0002098A40124EC070020AA
:10305000B0A40124CCA4012400803B47548C002060
:1030600064890020C408002000000020040700201C
:10307000E8A4012404A5012414A9012410A5012415
:10308000112D00241CA50124F48B00202CA5012463
:10309000BC080020248C002050080020C00800201C
:1030A000C108002088080020C308002084A401244F
:1030B000E8070020AC070020B4080020B00800207A
:1030C000C208002090A4012438A7012400007A44FB
:1030D00098A7012450890020CD49CE48FDF740FD36
:1030E00095ED007AB5EEC07AF1EE10FA00F1C983E1
:1030F000F7EE007AB4EEE77AF1EE10FA77FE877A0F
:1031000095ED017AC5ED007AB5EEC07AF1EE10FAD0
:1031100000F1B483F7EE007AB4EEE77AF1EE10FA3C
:1031200077FE877A95ED027AC5ED017AB5EEC07A21
:10313000F1EE10FA00F19F83F7EE007AB4EEE77A31
:10314000F1EE10FA77FE877A95ED037AC5ED027AF3
:10315000B5EEC07AF1EE10FA00F18A83DFEDAE7AB7
:10316000B4EEE77AF1EE10FA77FE877A95ED047AFD
:10317000C5ED037AB5EEC07AF1EE10FA00F1758371
:10318000F1EE047AB4EEE77AF1EE10FA77FE877A80
:1031900095ED057AC5ED047AB5EEC07AF1EE10FA38
:1031A00000F16083F2EE047AB4EEE77AF1EE10FA01
:1031B00077FE877A95ED067AC5ED057AB5EEC07A89
:1031C000F1EE10FA00F14B83F7EE007AB4EEE77AF5
:1031D000F1EE10FA77FE877A95ED077AC5ED067A5B
:1031E000B5EEC07AF1EE10FA00F10B83F7EE007A3B
:1031F000B4EEE77AF1EE10FA77FE877A95ED087A69
:10320000C5ED077AB5EEC07AF1EE10FA00F1F6825C
:10321000F7EE007AB4EEE77AF1EE10FA77FE877AED
:1032200095ED097AC5ED087AB5EEC07AF1EE10FA9F
:1032300000F1E182DFED797AB4EEE77AF1EE10FA8F
:1032400077FE877A95ED0A7AC5ED097AB5EEC07AF0
:10325000F1EE10FA00F1CC82F2EE007AB4EEE77AE9
:10326000F1EE10FA77FE877A95ED0B7AC5ED0A7AC2
:10327000B5EEC07AF1EE10FA00F1B782F0EE007A06
:10328000B4EEE77AF1EE10FA77FE877A6048C5ED82
:103290000B7AFDF71FFD08F0FBFE614B06461B781D
:1032A000002B00F02D815F4B1B78012B00F0418338
:1032B000DFED5D7A95ED007A5C4BB4EEE77A1C7831
:1032C000F1EE10FA00F3DC809FED597AD5ED016A3A
:1032D000F4EEC76AF1EE10FA00F3D28095ED067AAB
:1032E000B4EEE77AF1EE10FA00F3CA80002C38D081
:1032F000504B1B68F31A642B40F2DE804E4B40F2B9
:103300008A221B68F31A934294BF4FF000084FF0D3
:10331000010816A80124FDF76DFE484B0DF1580E6B
:10332000DFF858C11C70464B1B681493BEE80F00B1
:10333000ACE80F00BEE80F00ACE80F009EE80F00FD
:103340008CE80F00149B022B09DD354B1B78002BFA
:1033500000F0FC82334B1B78002B00F01983FDF743
:10336000E5FCFEF7B9FC374B9FED377A93ED004A49
:10337000364A374B24EE074AD2ED004A354A93EDE0
:10338000006A64EE874ADFED347AD2ED006A334A90
:10339000A6EE274A26EE875AD2ED005A304A65EE4D
:1033A000875AD2ED006A2F4A26EE876A83ED004ADB
:1033B000D2ED006A2C4B26EE877AF0EE646A93ED2C
:1033C000004AE4EE276AC3ED006AF0EE456A274B37
:1033D000D3ED004AE4EEA76AC3ED006AF0EE656A39
:1033E000234B93ED005AE5EE276AC3ED006AF0EE39
:1033F000466A204BD3ED005AE5EEA76AC3ED006A9A
:103400001D4BD3ED006AA6EEA77A83ED007A72E534
:10341000F48B0020248C002000409C450024F448BC
:10342000C008002050080020A69B443BE80700206D
:10343000A69BC43BE0070020E4070020780700209B
:10344000AC07002098000020CDCC0C3F9400002059
:10345000B0000020900000206666E63E8C00002050
:103460008800002084000020AC000020A80000207C
:10347000A4000020A00000209C0000207C07002069
:10348000002C00F00182934B314693481E60FDF7FB
:103490009DFC924B1B7853B1914B1B783BB9914BE0
:1034A0001B7823B1904B1B68022B00F3A1828F4B3A
:1034B0001B78002B3FF455AF8D4B40F28A221B68DE
:1034C000F31A93423FF625AF4BE78A49854B93F8B1
:1034D00000C082E53FF4FCACB9F1010948BF4FF0F0
:1034E0000409E6E4844B1860844B1868032800F252
:1034F0002782834B19681F2940F31183FDF738FA9F
:10350000764B1B78002B3FF4D3AE754B1B78012B09
:103510007FF4CEAE7B4B1B78002B3FF4C9AE7A4BC9
:103520001B68F31AF92B7FF6C3AE774B1E60FFF7CB
:10353000F1FB00283FF4BCAE67490120FEF70AFA10
:10354000B6E6B9F1040F30D8DFE819F054003B00BB
:10355000120196000500624B1B78012B0CBF694BD2
:10356000604B1B78002B00F0C3825C4A137883F019
:103570000103137013B10023644A1370FEF7A2F91C
:10358000FDF7D4FB0021624B4FF4C0626148196023
:103590005B4B196015F0CEFC504B1B78002B00F0F4
:1035A000A5825D495D4804F0B5FE4FF0FF37CDE9D7
:1035B0000A77CDE90877CDE91177CDE90F770C9738
:1035C0008EE4474A1378002B40F0058201235449CA
:1035D00054481370544A03F0A7F8524802F032F8E6
:1035E000FEF770F9FDF7A2FBFDF764FB4F4804F00E
:1035F00091FEDAE7139A0024384B01323F4E1C70DB
:10360000A31A02F003024A4F03F00303494958BFCB
:103610005A42494B1392326022EAE2721A6007EB77
:1036200042130A705A6845490A609A6844490A6018
:10363000DA6844490A601A6943490A605A69434989
:103640000A609A6942491B7F0A60424A1370FEF77A
:1036500039F9FDF76BFB2E4B21464FF4C0621C601D
:10366000274B2C481C6015F065FC33683A485B0119
:10367000F95804F04FFE98E7194B1C78012C00F024
:103680000782364B002153F8042B002A344AC8BF66
:1036900001319A42F7D1012940F32482002C40F0F5
:1036A0000382FDF7EBFF002800F03182174B0D4A33
:1036B0001C7001232B491370084A2B48137001F02A
:1036C000F5F8FDF733FBFEF7FDF8284804F022FE7D
:1036D0006BE700BFE0070020F48B0020C10800204A
:1036E00050080020C3080020AC070020E807002095
:1036F000E407002084A4012458080020BC0800200E
:1037000080080020C208002054080020C0080020C3
:103710008408002000EE05C07CA401245CA60124DE
:1037200004070020C40800200000002048A5012450
:1037300014A9012439080020EC0700209000002083
:1037400098000020940000208C00002088000020B9
:10375000840000205800002034A50124880800209F
:1037600098080020C086002064890020C8A5012494
:10377000A54A137883F001031370002B00F0238116
:103780000023A24A1370FEF79DF8FDF7CFFAFDF76C
:1037900091FA08F07DFC9E4B9E4A18609E4B9F4814
:1037A00019684B01D25804F0B5FDFEE69C4802684A
:1037B000D0F80CE01492D0E901160C98814500F085
:1037C0008C80149A77460F9309925A01914BCDE958
:1037D0000A169958934B944E1B7808930123129321
:1037E000FFF7B9BB904EFFF7AFBBDFED907A4DE529
:1037F000DFED8E7A38E5DFED8D7A23E5DFED8B7A2C
:103800000EE5DFED8A7AF9E40F9A9A427FF492ABE3
:10381000109A42457FF48EAB119A0D998A427FF43B
:1038200089AB129A82427FF485AB814A089912785B
:1038300091427FF47FAB149A09998A427FF47AAB64
:10384000DDE90A218E4508BF94457FF473AB159AD4
:10385000BA4208BF0D947FF46DABFFF791BBDFED6B
:10386000737AB9E4DFED717AA4E4DFED707A8FE466
:10387000DFED6E7A7AE4DFED6D7A65E4DFED6B7A89
:1038800050E4DFED6A7A3BE46A4B21466A4A1E60E7
:103890006A4B6B481C6001231370302215F04AFB01
:1038A000684B694A1C60694B1C60694B1C60694B22
:1038B0001C60694B1C604FF07E5313600023674A05
:1038C0001360674A1360674A1360674A1360674B67
:1038D000674A1360D7E55449F8E50F9898427FF49A
:1038E00070AF109840457FF46CAF11980D9A9042DC
:1038F0007FF467AF129801287FF463AF494890F8CE
:1039000000C0089860457FF45CAF0998149A824221
:103910007FF457AFDDE90A20914208BF86427FF469
:1039200050AFBE457FF44DAF01230D941293FFF7C6
:1039300027BB374B1B68C31AB3F5FA7FBFF4D2AD70
:10394000324B1B78002B7FF4E5ADB1E42F4B1B7895
:10395000002B3FF404AD474B1B78002B7FF4FFACEA
:10396000334B1B78002B3FF4FAAC16A8FFF7E2F9B3
:1039700016A92046FDF7EEFF304B3F4ACDF80080F8
:10398000DBF810101B6812683C4804F0C3FCE6E446
:10399000214C16A932462068FDF7D0FB216800288B
:1039A00000F0AA803246084616A9FDF74DFC234BCD
:1039B00021681A68324B334853F82130CDF8008023
:1039C00004F0A8FCCBE4FDF7B1F9FDF773F92E483C
:1039D00004F0A0FCE9E50023264A1370FDF772FF0E
:1039E000FDF7A4F9FDF766F9284804F093FCDCE53F
:1039F00016A8FDF7FFFA16A8FFF79CF916A90120F3
:103A0000FDF7A8FF53E500BFC0080020C108002053
:103A10005808002014A90124BC08002070A5012426
:103A200060080020C208002090A4012400000000CB
:103A3000C3080020E4070020E8070020AC070020AE
:103A4000B007002068070020540000206407002011
:103A5000600700205C070020540700207407002046
:103A6000700700206C0700205807002000247449CC
:103A70005000002050080020B4080020F4A60124C3
:103A80008808002084A6012490A501245CA50124B7
:103A9000254B002153F8042B0B2A244AC8BF0131BF
:103AA0009A42F7D101291DDDFDF740FE002832D0F2
:103AB00001231F4A1F4913701F4A20481370002317
:103AC0001F4A13701F4A02F02FFE1C4801F0BAFD76
:103AD000FDF7F8FEFDF72AF9FDF7ECF81A4804F0B7
:103AE00019FC62E5194804F015FC5EE5184959E532
:103AF000184804F00FFC58E5174B184A53F82130CA
:103B00001748CDF80080126804F004FC27E415483B
:103B100004F000FC49E5144804F0FCFB45E52022D4
:103B2000124804F0F7FBEBE4600800207008002066
:103B3000C208002004070020C1080020C40800209B
:103B4000C00800200000002018A60124A0A5012420
:103B500080A401246CA6012488080020AC07002062
:103B6000BCA60124FCA5012444A60124F8A3012439
:103B700038B5574D002405F5C0702C606C612C627F
:103B8000EC6304F045FC534A4FF48070524992EDC7
:103B9000005A524B524AD1ED005A072193ED006A68
:103BA000C5F8392205F514724E4B85F83D12C3F85D
:103BB000000403F58161C5F8402240F201124A4831
:103BC000C5F844220022086003F20C4003F582612C
:103BD000DFED467A026003F214400A6003F591615A
:103BE000026065EEA75A0A6025EE275A404903F2A3
:103BF0008C434048D1ED007AD0ED006A27EE866A0A
:103C00009FED3D7A67EEA66A3C49C5EE274A43F828
:103C1000884C43F8344C43F8304C43F80C4C43F890
:103C2000084C85EEA75A1C711960354B354A364849
:103C3000C6EE075A02F5E041C5F89041C5F8484282
:103C4000C5F84C42314D86EE876AC2F80046C2F88C
:103C5000044681F8F84D2E4A2E4985ED005AC0EDF4
:103C6000005A2D4883ED006A2C4BC3ED004A2C4BC3
:103C700093ED005AD0ED005A2A4B27EE855A67EE95
:103C8000A55A91ED006AD3ED004AD2ED006A27EE05
:103C9000866A254B67EEA66A244867EEA47A244913
:103CA000C5EE074A234A85EE875AC6EE075A86EEC6
:103CB000876AC0ED004AC7EE876A83ED005A1E4B43
:103CC000C1ED005A82ED006AC3ED006A38BD00BF45
:103CD000E8B00020C000002078000020C4000020D0
:103CE00080707F0F54AC002000803B47DB0FC94041
:103CF000CC000020C800002000007A4400007AC4F4
:103D000030080020C40800202C0800200C080020E7
:103D100060000020640000207400002024080020BF
:103D2000700000205C00002004080020080800202B
:103D3000FC070020F8070020F4070020F8B500F584
:103D4000005300244FF4807E00F5105C03F581677A
:103D5000002242F2604500F5125187ED000A064646
:103D60004519CCE900E403F20C4C83F89044CCF8FC
:103D7000002003F5826CCCF8002003F2144CCCF840
:103D8000002045E90244C1E9004403F5916103F2D2
:103D90008C430A6021462A4A1A604FF4006215F0EB
:103DA000C9F84FF400622146B01815F0C3F8214657
:103DB0004FF4006206F5805015F0BCF821464FF430
:103DC000806206F5C05015F0B5F821464FF4006248
:103DD00006F5E05015F0AEF842F2184021462022D8
:103DE000301815F0A7F842F238402146202230184A
:103DF00015F0A0F8284641F604452146012420226A
:103E0000751915F097F807EE904A9FED0E7A9FED21
:103E10000E0A0134F8EEE77A67EE877A87EE800AB9
:103E200014F00EFBB4F5807FF7EE007AB6EE007A60
:103E300077EEC07A67EE877AE5EC017AE3D1F8BDD8
:103E400000007AC4DB0FC94000007F4300F5005337
:103E500010B593F8904482B064B9D3F80424511C8F
:103E600000EB8202C3F8041482ED000AD3F80024A8
:103E7000914201D202B010BD0146920000F50060EF
:103E8000019315F09CF8019B0122C3F8044483F8C8
:103E9000902402B010BD00BF10B5144600F50052CA
:103EA00086B0D2F8000400285FD09FED446A00235A
:103EB000F0EE464AF0EE466AF0EE465AF1EC017A30
:103EC000B0EEE77AE7EEA75AB4EEE67A36EE076A86
:103ED000F1EE10FA77FE266A63B111ED027AB7EEC1
:103EE000005A67EE877AF5EEC07AF1EE10FA01D546
:103EF00074EE854A01338342E0D107EE903A013BEC
:103F0000B8EEE77A07EE903A85EE870AB5EE400AFA
:103F1000F1EE10FA32D4F8EEE77AC6EE075A84EEE4
:103F2000A75AB1EEC06A02F20C4302F5826084ED3A
:103F3000006A93ED007AD0ED007A36EE477AC4ED50
:103F4000016A75EEE77A84ED025AC4ED065AB0EEC6
:103F5000C77AF0EEE77A84ED057AC4ED077A83ED4F
:103F6000006AC0ED005A06B010BD9FED145A85EEF0
:103F7000050AF0EE456AF0EE405AD2E705928DED63
:103F8000036ACDED024ACDED016A8DED007A04930E
:103F900014F092FBDDED047A9DED036AF8EEE77A0A
:103FA0009DED007ADDED024AC6EE075A059ADDED79
:103FB000016A84EEA75AB0EE406AB4E70000000040
:103FC0002DE9F84F00F500559146D5F800742DED18
:103FD0000A8B002F00F0908000F5805A00F5E05227
:103FE00001EB87045346F1EC017AB2EC017AA1426D
:103FF00067EE877AE3EC017AF5D1032F4FEA570396
:104000007AD907EE107A05F5816541F60408DFEDEF
:1040100040BAB8EEC7AAD5ED007A804400F5C0508A
:10402000F0EE6BAA0AEB870787EE8ACA00EB830BD8
:104030000126B0EE6BBA9FED369A55460024F0EE9D
:10404000499A07EE904A9FED337AB5EC018A3444E1
:10405000F8EEE77A67EE877AC7EE8A8AB0EE680AEA
:1040600014F0EEF9F0EE407AB0EE680AE8EE279A26
:1040700014F0E6F8AF42A8EE409AE2D129EE099A90
:10408000D8ED006A07EE906AA9EEA99AF8EEE77AF1
:1040900067EE8C7AB1EEC97A77EE666AA7EE27BA38
:1040A0007AEE87AAF5EEC06AF1EE10FA01DD7BEE3A
:1040B000A6BAA8EC017AD84506F10106BBD1DFED1E
:1040C000167AF4EEE7AAF1EE10FA12DD8BEE2A7AF8
:1040D00089ED037AF1EE047AF4EEE7BAF1EE10FA24
:1040E00001DDF0EE67BAC9ED04BABDEC0A8BBDE89C
:1040F000F88F9FED077AEBE7DFED05BA0023C9EDF6
:1041000004BAC9F80C30BDEC0A8BBDE8F88F00BFCB
:1041100000000000DB0FC94077CC2B3270B500F5F2
:10412000005482B094F8905415B9284602B070BD7E
:104130000A46064600F50061CDE90021FFF7ACFE16
:104140003046DDE90021FFF73BFFD4F85834009AF0
:10415000591C06EB8303D2F800E0484203F50053F4
:10416000D2F80CC001F0070100F0070058BF41422F
:1041700003F5836003F58763C0F800E0C3F800C06F
:10418000C4F85814D4F85C14072905DC013100295F
:10419000C4F85C1440F3C28042F21843DFED6B7A3E
:1041A000F318B0EE677A03EB810E9C46BCEC016A13
:1041B000DCED076AF44537EE067A77EEA67AF5D19C
:1041C00006EE901AF8EEE65ADFED606AB0EE666A27
:1041D000C7EE254A87EEA55AB3EC017AD3ED077AEC
:1041E000734537EE647A77EEC57AA7EE076AE7EE95
:1041F000A76AF1D1C6EE254A86EEA55A04F580637A
:1042000092ED016A9FED527AD3ED007A04F5816355
:10421000C2ED084AF8EE677AD3ED005A04F59163CF
:10422000B4EEC76A82ED095AC7EEA56AD3ED007AEB
:10423000D4F88414F1EE10FA76EEA76AC3ED006AA2
:104240000CDD04F214439FED437AD3ED007A76EE51
:10425000677AF4EEC77AF1EE10FA3ADC002962DDF3
:1042600042F260430020F31803EB8101F3EC017A82
:10427000B7EE007A76EEE77AF4EEC77AF1EE10FA4E
:1042800000D801309942F1D107EE900AF8EEE77AB2
:1042900004F28C439FED307AC2ED0A7AD3ED007AB6
:1042A000F4EEC77AF1EE10FA06DD76EEE76AF5EE87
:1042B000C06AF1EE10FA3ED54FF07E53D36204F29D
:1042C00014420023284682ED006A84F8903402B03C
:1042D00070BDDFED227A92ED077AB4EEE77AF1EE67
:1042E00010FABBDDD4F88004431C00F6181006EB6E
:1042F0008000C0ED006A584203F0070300F0070099
:1043000058BF43420729C4F880340FDC013104F25E
:104310008C43C4F88414C3ED006A9FE79FED0B5AE9
:10432000F0EE454A6AE7DFED097AB1E704F28C4323
:10433000C3ED006A94E7F0EE007AF4EEE76AF1EE7E
:1043400010FA77FEA67AC2ED0B7AB8E700000000FB
:104350000AD7A33CA69B443C00C079C46F12033C1F
:104360002DE9F04107460021302214F0E3FD07F16A
:10437000300307F160014FF07E5243F8042B8B426B
:10438000F9D107F5F07607F1900507F500780023DD
:10439000A5F1300446F8043B14F07AFC07EE100A4D
:1043A000FEEE007A9FED1B6AB8EEC77ADFED1A6A5F
:1043B000E7EE067A67EEA67AE4EC017AAC42EBD13E
:1043C000464504F13005E2D107F5207607F508757A
:1043D00007F524770023A5F1200446F8043B14F0E8
:1043E00057FC07EE100AFEEE007A9FED0A6AB8EE5F
:1043F000C77ADFED096AE7EE067A67EEA67AE4ECA3
:10440000017AAC42EBD1BE4204F12005E2D1BDE815
:10441000F08100BF00000030CDCCCC3D01F1300C6C
:1044200051F8043B9FED087A40F8043BF2EC017A26
:10443000F4EEC77AF1EE10FA01D5F7EE007A8C456A
:10444000C0ED0B7AECD17047BD37863500B5D1F899
:1044500000C08DB0D1F828E0CDF800C06B46D1F88F
:1044600004C0CDF828E0CDF804C0D1F808C0CDF8DC
:1044700008C0D1F80CC0CDF80CC0D1F810C0CDF8F0
:1044800010C0D1F814C0CDF814C0D1F818C0CDF8C0
:1044900018C0D1F81CC0CDF81CC0D1F820C0CDF890
:1044A00020C0D1F824C0CDF824C0D1F82CC000F130
:1044B0003001CDF82CC0B0EC017AF3EC017AD0EDEC
:1044C0000B6A884277EEC77A87EEA67AA2EC017A69
:1044D000F1D10DB000BD00BF2DE9F0410E460446FC
:1044E000114630462DED028B9CB010AAFFF7AEFFAF
:1044F00006F5F07006F1600106F5007C0DF1200E66
:10450000F0EC017A10AB0A46B3EC017A1CADF2EC88
:10451000016AAB42E6EE877AF6D1F5EEC07A9FEDFE
:104520003A7A3031F1EE10FA77FE877A6045EEEC98
:10453000017AE5D106F520706D4606F5247610A9BE
:104540006F46F0EC017A08AB6246B3EC017AF2EC0C
:10455000016A8B42E6EE877AF7D1B0420CF1200C6B
:10456000E7EC017AEDD1DDED006A04AE9DED017A54
:1045700005F11008DDED027A3746B4EEE67ADDED9E
:10458000038A9FED218AF1EE10FA37FE267AF4EEC7
:10459000C77AF1EE10FA77FE877AF4EEE78AF1EE49
:1045A00010FA78FEA78AB5EC010A30EE680A13F01B
:1045B000D3FD454538EE008AA7EC010AF3D100236C
:1045C000DFED116A1A4696ED007AC7EE087AF4EE2E
:1045D000E67AE6EC017AF1EE10FA02DDF0EE676AB7
:1045E0001A460133042BEED10498059B06992060EE
:1045F00020466360079B2261A160E3601CB0BDECB4
:10460000028BBDE8F08100BF000000002DE9F04FF3
:1046100004462DED048BB7B004F5F07504F1600786
:10462000B0EE408A0DF1680901922AAA0090264650
:10463000FFF70CFF04F50078CC46384612AC29464B
:10464000F1EC017A2AAB0246B3EC017A0DF1D80EF7
:10465000F2EC016A7345E6EE877AF5D1F5EEC07AA1
:104660009FED6B7AECEC017A3030F1EE10FA77FEC8
:10467000877A4145E4EC017AE2D1009A40460DF197
:10468000180E1AAC02F5207A02F5247C5146F1ECA2
:10469000017A12AA8346B2EC017AFBEC016AA242CB
:1046A000E6EE877AF7D1614500F12000EEEC017A61
:1046B000EDD1DDED066A0AA99DED077AE346DDED51
:1046C000087AB4EEE67A9DED099A059406ACDFED22
:1046D000508AF1EE10FA0491CDE9027537FE267A80
:1046E000F4EEC77A0D460AAFF1EE10FA77FE877A3C
:1046F000B4EEE79AF1EE10FA39FE279AB4EC010A0B
:1047000030EE490A13F028FDBC4278EE808AA5EC11
:10471000010AF3D10499DC46059C01F11003DDE99F
:10472000027591ED007AC7EE287AE1EC017A9942A0
:10473000F7D136AA019BB7EE007A414602EB83031C
:104740000A9A0EA80E920B9A0F920C9A10920D9A3A
:10475000119253ED287A77EEC77A43ED287AF0EC80
:10476000016A12AA0B4666EE886AD3ED007AB2ECB3
:10477000017AE6EEC77AA242E3EC017AF5D1DAEDEE
:10478000007A203177EEE67AEAEC017AE245E6D16A
:10479000009B22A812A903F1200C044632460EAB5E
:1047A000DFED1B7AF3EC016A203292ED787A8B42CE
:1047B000E6EE877AF6D1B9EC017AB5EEC07AF1EE81
:1047C00010FA01DCDFED127A0436E4EC017A66457A
:1047D000E4D1F0EC016A2AAA3B4666EE886AD3ED82
:1047E000007A36A9B2EC017AE6EEC77A8A42E3ECA7
:1047F000017AF4D1D5ED007A303777EEE67AE5EC40
:10480000017A4545E5D137B0BDEC048BBDE8F08FAA
:1048100000000000F0B50D46044600F130010346EB
:104820002A4653F804CB42F804CB8B42D3F82CC071
:10483000C2F82CC0F5D104F5F07005F5F07605F15D
:10484000600104F1900E04F5007750F804CBAEF14E
:1048500030030A4646F804CB53F804CB734542F8BC
:1048600004CBF9D1B84201F1300103F1300EECD1A3
:1048700004F5207004F5087C05F5207605F5007E2A
:1048800004F5247450F8041BACF12003724646F87A
:10489000041B53F8041B634542F8041BF9D1A042E2
:1048A0000EF1200E03F1200CECD1F0BDF0B50C465A
:1048B000054630310246234653F804CB42F804CB78
:1048C0008B42D3F82CC0C2F82CC0F5D104F5F0709F
:1048D00005F5F07605F1600104F1900E04F500771E
:1048E00050F804CBAEF130030A4646F804CB53F837
:1048F00004CB734542F804CBF9D1B84201F1300141
:1049000003F1300EECD104F5207604F5087005F5BE
:10491000207E05F5007C04F5247456F8041BA0F1F4
:10492000200362464EF8041B53F8041B834242F8EE
:10493000041BF9D1A6420CF1200C03F12000ECD1AC
:10494000F0BD00BF2DE9F0471C46831882B08046B9
:10495000F02B01EB04030F4600F1FF3AD4BF1546DC
:10496000C0F1F005B3F5A07F01F1FF395648AA4424
:10497000C8BFC1F5A0740021BDF8286004F02EFA6C
:104980002A23012201A951488DF80430642306F03E
:10499000F3F901214C48A14404F020FA01224FEA26
:1049A000182301A9494804FB05F58DF80430642358
:1049B00006F0E2F90121444804F010FA64230122D0
:1049C00001A942488DF8048006F0D6F901213E483D
:1049D00004F004FA01224FEA1A2301A93B488DF89A
:1049E0000430642306F0C8F90121374804F0F6F9D1
:1049F0006423012201A935488DF804A006F0BCF912
:104A00000021314804F0EAF92B23012201A98DF895
:104A1000043064232D4806F0AFF901212A4804F040
:104A2000DDF901223B0A01A928488DF804306423EE
:104A300006F0A2F90121244804F0D0F964230122F0
:104A400001A922488DF8047006F096F901211E484C
:104A500004F0C4F901224FEA192301A91B488DF87B
:104A60000430642306F088F90121174804F0B6F9F0
:104A70006423012201A915488DF8049006F07CF901
:104A80000021114804F0AAF92C23012201A98DF874
:104A9000043064230D4806F06FF901210A4804F040
:104AA0009DF9002D0CDD002476BA01346423022226
:104AB00001A90648ADF8046006F05EF9AC42F4D1F5
:104AC00002B0BDE8F08700BFDC430120F0430120C5
:104AD0002DE9F04F85B003921278002A3DD0984618
:104AE0000F460290203AD3B25F2B1D4B94BF02EBCE
:104AF000820A4FF09B0A9A44029B0AF1040B0AF1C6
:104B0000FF39A3EB0A0A19F8016F00240AEB090523
:104B100046FA04F20123E119013412F0010F28468C
:104B200014BF4246002200921A46FFF70BFF072CE3
:104B3000EED1CB45E7D123460025029C0122394620
:104B40000095601DFFF7FEFE039B13F8012F0393F2
:104B5000A31D02930AB1EA2BC4DD05B0BDE8F08FB6
:104B600094A901242DE9F04F9B46A2F12003884629
:104B700087B0D9B20746119A05465F293B49BDF86F
:104B8000409094BF03EB83039B2305900B4403F1F8
:104B9000FF3A0433CDE903231AF8016F0024039B85
:104BA00016F0010F0CBFCC46DC46012B35D002239A
:104BB000002D08EB440128461A4615DB0134CDF8D8
:104BC00000C0FFF7BFFE072C46FA04F331D013F004
:104BD000010F4FF0020308EB4401284614BFDC46E6
:104BE000CC46002D1A46E9DA0134072C46FA04F3C4
:104BF0001FD013F0010F0CBFCC46DC46D7E70134C1
:104C0000CDF800C0FFF79EFE072C46FA04F310D043
:104C100013F0010F14BFDC46CC460123002F04EB38
:104C2000080138461A46EADA1C44072C46FA04F30F
:104C3000EED1049B013702355345ADD1039A059E51
:104C4000012A0FD016F10A0009D40E230222414690
:104C5000CDF8409007B0BDE8F04FFFF773BE07B046
:104C6000BDE8F08F701DFAD40723F0E794A9012462
:104C700030B5002183B01F240546F02220230846CA
:104C80000094FFF75FFE2A789AB10A2400E082B10F
:104C90004FF0020E4FF01F0C20460C344FF6FF73FE
:104CA0000921CDE900CEFFF75DFFE52C15F8012FB6
:104CB000EDDD03B030BD00BFF0B54FF4407391B0EF
:104CC00000260122ADF81030012433460499DB4858
:104CD000C1270096642503F063FF4FF4A0623346BA
:104CE000D748ADF8142001220599009603F058FF2B
:104CF0000121D24804F072F80121D14804F06EF885
:104D00000823D04A06A90B930523CF480896CDE97E
:104D10000E63CE4BCDE90C66CDE90623CDE90966DD
:104D200005F08CFF3146C64804F058F8642007F0BF
:104D3000B1F90121C24804F051F8962007F0AAF910
:104D40003146BE4804F04AF8224664230DF10F01B3
:104D5000BD488DF80F4006F00FF8962007F09AF93D
:104D60003146B64804F03AF8112322460DF10F01FE
:104D70008DF80F306423B44805F0FEFF962007F04D
:104D800089F93146AD4804F029F8CF2322460DF1C8
:104D90000F018DF80F306423AB4805F0EDFF21467D
:104DA000A64804F01BF8224664230DF10F01A64823
:104DB0008DF80F6005F0E0FF2146A04804F00EF8E2
:104DC000224664230DF10F019F488DF80F7005F006
:104DD000D3FF2146994804F001F8302322460DF113
:104DE0000F018DF80F306423974805F0C5FF314659
:104DF000924803F0F3FFED2322460DF10F018DF8E9
:104E00000F306423904805F0B7FF21468B4803F02C
:104E1000E5FF2B4622460DF10F018B488DF80F5010
:104E200005F0AAFF2146854803F0D8FF0323224658
:104E30000DF10F018DF80F302B46834805F09CFFD4
:104E400021467E4803F0CAFF122322460DF10F01CE
:104E50008DF80F302B467C4805F08EFF21467748B1
:104E600003F0BCFF812322460DF10F018DF80F30B6
:104E70002B46754805F080FF3146704803F0AEFFC1
:104E8000E82322460DF10F018DF80F302B466E48B6
:104E900005F072FF2146694803F0A0FF85232246F2
:104EA0000DF10F018DF80F302B46674805F064FFB8
:104EB0002146624803F092FF2B4622460DF10F0176
:104EC00061488DF80F6005F057FF21465B4803F0FD
:104ED00085FF782322460DF10F018DF80F302B4608
:104EE000594805F049FF3146544803F077FFCB237A
:104EF00022460DF10F018DF80F302B46524805F078
:104F00003BFF21464D4803F069FF392322460DF14E
:104F10000F018DF80F302B464B4805F02DFF214631
:104F2000464803F05BFF2C2322460DF10F018DF85C
:104F30000F302B46444805F01FFF21463F4803F041
:104F40004DFF2B4622460DF10F013F488DF80F60B3
:104F500005F012FF2146394803F040FF3423224672
:104F60000DF10F018DF80F302B46374805F004FF87
:104F70002146324803F032FF022322460DF10F0191
:104F80008DF80F302B46304805F0F6FE31462B48A1
:104F900003F024FFF72322460DF10F018DF80F30A7
:104FA0002B46294805F0E8FE2146244803F016FF69
:104FB000202322460DF10F018DF80F302B46224899
:104FC00005F0DAFE31461D4803F008FFEA232246C9
:104FD0000DF10F018DF80F302B461B4805F0CCFE6C
:104FE0002146164803F0FAFE2B4622460DF10F012A
:104FF00015488DF80F6005F0BFFE21460F4803F0FD
:10500000EDFE2B4622460DF10F010F488DF80F6083
:1050100005F0B2FE3146094803F0E0FEC023224607
:105020000DF10F018DF80F302B46074805F0A4FE57
:105030002146024803F0D2FE232309E0DC4301208D
:10504000C8430120060B0104F043012001050BFFBA
:1050500022460DF10F018DF80F302B465B4805F00D
:105060008BFE31465A4803F0B9FE2B4622460DF11D
:105070000F0156488DF80F7005F07EFE214654480A
:1050800003F0ACFE102322460DF10F018DF80F3016
:105090002B464E4805F070FE31464D4803F09EFE0B
:1050A000C52322460DF10F018DF80F302B464748DE
:1050B00005F062FE2146464803F090FE3E2322465C
:1050C0000DF10F018DF80F302B46404805F054FECE
:1050D00021463F4803F082FE282322460DF10F01AE
:1050E0008DF80F302B46394805F046FE31463848DA
:1050F00003F074FEC72322460DF10F018DF80F3027
:105100002B46324805F038FE2146314803F066FE52
:10511000862322460DF10F018DF80F302B462B48C8
:1051200005F02AFE31462A4803F058FE362322466F
:105130000DF10F018DF80F302B46244805F01CFEB1
:105140002146234803F04AFE482322460DF10F0171
:105150008DF80F302B461D4805F00EFE31461C48D9
:1051600003F03CFE3A2322460DF10F018DF80F307B
:105170002B46164805F000FE2146154803F02EFE8A
:10518000552322460DF10F018DF80F302B460F48A5
:1051900005F0F2FD31460E4803F020FE2246292498
:1051A0002B460DF10F0109488DF80F4005F0E4FD85
:1051B000962006F06FFF4FF4A073F0223146304680
:1051C0000096FFF7BFFB11B0F0BD00BFF043012018
:1051D000DC43012000214FF4A073F022084600B503
:1051E00083B00091FFF7AEFB03B000BD2DE9F04F97
:1051F0007A4F97B081461C4609AE04910592229DD4
:105200000FCF0FC63B683360002C00F0BE80744B9C
:105210000693219B002B00F0B680724B0793209BD6
:10522000002B00F095806E4B6F4C08932378002B79
:1052300040F09580DFF8D4A10DF11008322400264B
:105240002295B14500F0A780DAF80030B34246D08D
:10525000013344D0013608F104082634052EF0D17C
:10526000624C229D2368624EAB4240F090803368CE
:10527000239A604F934200F0A280DFF894810020CF
:105280002323F022FA210090FFF75CFB4FF6E07336
:10529000594A4FF482710A20FFF71AFC259B574A9E
:1052A000202102930EA8249B0193239B00932B465D
:1052B00013F0BCFC4FF6FF730EAA4FF4827150201E
:1052C000FFF706FC239B25603360249B3B60259BF6
:1052D000C8F80030CAF8009017B0BDE8F08F00277A
:1052E0001C23F022A4F1080138460097FFF72AFB9F
:1052F00009AB53F826B09BF8002082B120254FF06F
:10530000020C28464FF6FF7321460C35CDE9007C90
:10531000FFF728FC1BF8012F0AB17C2DEFDDD8F830
:1053200000B09BF80020002A94D08C254FF0020C8E
:10533000284640F2FF7321460C35CDE9007CFFF78B
:1053400011FC1BF8012F002A84D0EA2DEEDD81E745
:105350002B4B254C08932378002B3FF46BAF002692
:105360004FF4A073F022DFF8A4A031463046009637
:10537000FFF7E8FA2348FFF77BFC4FF0FF33267076
:10538000CAF8003058E7204B48E71D4B40E7194F5B
:10539000DFF87C8073E71F27A4F108011C23F022AB
:1053A00000200097FFF7CEFA02233E222146019308
:1053B00008204FF6E0730097FFF7D4FB98E73B68AF
:1053C000249ADFF84C8093427FF459AFD8F800302C
:1053D000259A93427FF453AF7CE700BF20A30124BA
:1053E0007CA401241CA80124E4000020DC0000208F
:1053F000D8000020D400002034A8012440A80124B3
:1054000080A401242CA8012424A80124E000002069
:10541000D000002010B400230749084A4FF60B7053
:10542000074C0880236010804B608B60CB60D3609A
:1054300010BCC2E901337047DC430120C84301209E
:10544000F043012047F6985330220021C3182DE97C
:10545000F04F83B006461846019313F06BFD47F6F4
:10546000C85347F6F852F318B2184FF07E5143F87C
:10547000041B9342F9D141F2481841F2781906F51C
:10548000E0430022B044B14406F5E56783F8F82D07
:105490000023A7F1F00548F8043BA5F1300413F010
:1054A000F7FB07EE100AFEEE007A9FED646AB8EE95
:1054B000C77ADFED636AE7EE067A67EEA67AE4EC78
:1054C000017AAC42EBD104F13005BD42E5D1C845CB
:1054D00004F59077DCD146F2B87B46F2083946F203
:1054E000781341F278280422B344B144F318B0444D
:1054F00000921D46444603F150070022A4F5807A2D
:1055000045F8042B13F0C4FB07EE100AFEEE007AF8
:105510009FED4A6AB8EEC77ADFED496AE7EE067A90
:1055200067EEA67AEAEC017AA245EBD1BD420AF514
:105530008074E2D15D464C460BF1100A0022A4F1C2
:10554000500B45F8042B13F0A3FB07EE100AFEEEF8
:10555000007A9FED3A6AB8EEC77ADFED396AE7EE76
:10556000067A67EEA67AEBEC017AA345EBD15545B6
:105570000BF15004E2D1009B09F5A07908F5A05881
:10558000013B009302D03B46AB46B2E747F6F83703
:1055900046F6F80547F6484837447519B0440023E5
:1055A000A5F5807447F8043B13F072FB07EE100A70
:1055B000FEEE007A9FED216AB8EEC77ADFED206A31
:1055C000E7EE067A67EEA67AE4EC017AAC42EBD11C
:1055D000474504F58075E2D147F6885747F6984568
:1055E000374475190023A5F1500447F8043B13F024
:1055F0004FFB07EE100AFEEE007A9FED106AB8EE40
:10560000C77ADFED0F6AE7EE067A67EEA67AE4EC7A
:10561000017AAC42EBD1019B04F15005BB42E1D1D0
:1056200000214FF4C0623046C6F80016C6F80416D2
:1056300003B0BDE8F04F13F07DBC00BF00000030A8
:10564000CDCC4C3D00214FF4C062C0F80016C0F82C
:10565000041613F06FBC00BF70B5D0F800468E463C
:10566000D0F80466054604EB440C0134634200EBB9
:105670000C1C04F01F0403F01F0358BF5C421F2ED4
:10568000BEE80F00ACE80F00BEE80F00ACE80F006A
:105690009EE80F008CE80F00C5F8004602DC0136DA
:1056A000C5F8046670BD00BFD1F800C000F5E04346
:1056B000C2F800C0D1F804C093F8F83DC2F804C0A5
:1056C000D1F808C0C2F808C0D1F80CC0C2F80CC0AC
:1056D000D1F810C0C2F810C0D1F814C0C2F814C07C
:1056E000D1F818C0C2F818C0D1F81CC0C2F81CC04C
:1056F000D1F820C0C2F820C0D1F824C0C2F824C01C
:10570000D1F828C0C2F828C0C96AD1624BB347F6A5
:10571000985302F13001C3180AE0F4EEE57AF1EE95
:1057200010FA01D5F0EE657A914242ED017A18D077
:10573000F3EC017AF2EE006AB2EC017AFAEE005A6A
:1057400093ED0B6A37EE677AC7EE067AF4EEE67AE7
:10575000F1EE10FAE1DDF0EE667A914242ED017A67
:10576000E6D17047F8B50D4606464FF4C0620021F9
:10577000284613F0DFFBD6F80476002F26DDD6F896
:105780000036DC1B2034634204F01F0403F01F03C7
:1057900058BF5C42C7F1200303EB4303274405EBEA
:1057A0000315634204F01F0104F101042A4603F0CB
:1057B0001F03304605F1300558BF594201EB410146
:1057C00006EB0111FFF770FFA742EAD1F8BD00BF59
:1057D0002DE9F04FB7B0054641F2382B9946409C71
:1057E0000F469246419EAB4441F248184FF48072F6
:1057F00000212046A84413F09DFB07F1300305F576
:10580000DF6C224640944846351F51465C46029361
:10581000029E002305928E460746DFED8D6A9FEDBE
:105820008D6AACF1F0092A460193CDE90360D8ED09
:10583000007ACB463546A5F13000DA46B0EC017A65
:10584000FAEC015AA842E5EE877AF7D10BF1300B5A
:1058500000F13005E345EED1F5EEC07AEEEC017AC9
:10586000F1EE10FA03DC9FED7C7A67EE877AF4EEB6
:10587000C67AE7EC017A76EEA76AF1EE10FA02DD5D
:10588000B0EE676A0193013330361C2BCFD1DDE9CE
:1058900003B0F3EE0C5A15460346059A90ED1B7AB9
:1058A0000CF1F00CD3ED007A7030A2EC016A86EEB8
:1058B000A56ADDF804A0A44582ED177A01F1700114
:1058C00008F1040877EE677AC2ED237A82ED0B6A5D
:1058D00045F804AF9CD10DF178083022002106A8CC
:1058E000409C5D4613F026FB12AB42465B485C4988
:1058F00043F8040B434542F8041BF7D13022002142
:105900002AA813F017FB4094DDF800C100240DF124
:10591000180E0DF1A809A5F13006A5F160074B4658
:10592000404612A97246F6EC017AD1ED006A90ED7C
:10593000007AF4EEE67A92ED006A36EE276AF1EE2E
:1059400010FAB4EEE77AA2EC016A77FEA66AE1ECFF
:10595000016AF1EE10FA37FE877AA0EC017A5CB1A9
:10596000D7ED006A93ED007A77EEE67AF0EEE77A0B
:1059700077EE277AC3ED007AB54203F1040307F10D
:105980000407D0D101343035202CC0D1644612AB8D
:10599000B3EE0F6AD9ED005ADEED007ADFED316A21
:1059A00085EE867A67EEA67AEEEC017A7345A9EC6D
:1059B000017AEDD19DED187ADDED307ADDED124AF8
:1059C00077EE877A9DED165ADDED1E5A9DED136A2E
:1059D0009DED1F3A74EEE55ADDED156ADDED213AD5
:1059E00036EE436A9DED227A9DED244A76EEE36A17
:1059F000069935EE477A079A77EEC47A089B09989C
:105A0000C4F8C010C4F8CC202D990A9AC4F8D43038
:105A10002E9BC4ED314AC4F8EC30C4ED325A84ED0B
:105A2000346AC4F8D800C4F8DC10C4ED386AC4F88D
:105A3000E42084ED3A5A84ED3C7AC4ED3D7A109A24
:105A4000119BC4F8F820C4F8FC3037B0BDE8F08FE3
:105A500000000000286B6ECE0AD7233C286B6ECE68
:105A6000286B6E4E0000003D2DE9F04F2DED048BAC
:105A7000ADF5BF5D8046B0EE408A4FF0000B81B0BF
:105A800030ABE8AE0D920DF5026201930DF5566351
:105A900000963CAF0F91FFF79BFE46F2B87346F2BB
:105AA000083246F2781141F27810434442444044AF
:105AB00041449A460B930DF5DC630DF594640DF5A6
:105AC000B4650792049343460A91069003970990A0
:105AD000059208464FEA8B0205EB8B09DDF824C0DE
:105AE000DDF810E001F1500808950C97F0EC017A10
:105AF00031466746B1EC017AF7EC016AA142E6EE65
:105B0000877AF7D1F5EEC07AE9EC017AF1EE10FA76
:105B100003DC9FED3D7A67EE877A40450CF5807C8B
:105B2000EEEC017AE2D10C9F0DF5DC61D4460598CC
:105B300001EB0209BE460AF1100AFCEC017AA0F161
:105B400050024946F2EC016AB1EC017A8242E6EE7B
:105B5000877AF7D1D44502F15000EEEC017AECD10E
:105B600097ED006A07F1100997ED017AD7ED027AF7
:105B7000B4EEC67AD7ED036ACDF83080B846DFEDD3
:105B8000238AF1EE10FA37FE067AF4EEC77AF1EEC8
:105B900010FA77FE877AF4EEE76AF1EE10FA76FEF5
:105BA000A76AB0EE669A97ED000A0E9330EE490AA6
:105BB00012F0D2FAA7EC010A4F4578EE808A0E9BCC
:105BC000F1D1F5EEC08A4746DDF83080F1EE10FAEB
:105BD00007DD97ED007AC7EE287AE7EC017A4F45AA
:105BE000F7D1049A0BF1140B5032BBF1500F049211
:105BF000059A02F5A0720592099A02F5A05209923F
:105C000006D041464F4664E70AD7233C0000000017
:105C100047F6F83B46F2F879984647F648429B44E7
:105C200099445CAB42444F460DF5E07E9C46584695
:105C300009930592F0EC017A33463A46B3EC017AC7
:105C4000F2EC016AA342E6EE877AF7D1F5EEC07A6C
:105C5000ECEC017AF1EE10FA03DC1FED157A67EE39
:105C6000877A059B07F58077EEEC017A9842E1D1BF
:105C700047F6885A14AF47F6985384A9C244DDF812
:105C800014C04344BE4650460E910C93F0EC017A8A
:105C900070AB6246B3EC017AF2EC016A8B42E6EE3D
:105CA000877AF7D10C9B0CF1500CEEEC017A9842FC
:105CB000ECD19DED146AB0EE489A9DED157A07F18E
:105CC0001003DDED167AB4EEC67ADDED176ACDF875
:105CD0004080B8465FED338AF1EE10FA049337FE48
:105CE000067AF4EEC77AF1EE10FA77FE877AF4EED0
:105CF000E76AF1EE10FA76FEA76AB0EE668A97EDD3
:105D0000000A30EE480A12F027FA049BA7EC010AB9
:105D100078EE808A9F42F2D1F5EEC08A4746B0EE17
:105D2000498ADDF84080F1EE10FA09DD3A4692ED3D
:105D3000007A049BC7EE287AE2EC017A9A42F6D107
:105D40000022DDF80CE0CDE91822CDE91A2218AACC
:105D500002F110031146F1EC017AF4463846109333
:105D60006346F0EC016A0CF1100C93ED007A049B91
:105D7000E6EE877A9842F3D1109B0EF1040E41EDC6
:105D8000017A9942E7D10D98DFF830C30DEB80001E
:105D9000C949CDF870C0CDF874C0CDF878C0CDF841
:105DA0007CC001671CA820A9F2EC017AB0EC017A52
:105DB0009A4277EEC77AE1EC017AF5D14CABBC465A
:105DC0000DF1900E1A46BCEC017A104620A9F1ECB8
:105DD000017A67EE277A7145E0EC017AF7D10499F0
:105DE00010328C45EFD124AA0021DDF80CC01046FA
:105DF0000D93C2E90011C2E90211F2EC017A634687
:105E000020A9F1EC016AB3EC017A7145E6EE877ADC
:105E1000F7D128AB0CF1100C42ED017A9A42ECD18B
:105E20000D9B3946DFEDA76A0246B2EC017A0DF10F
:105E3000A00CF1EC017A6245E7EE276AF5D16246E3
:105E4000CDF834C0F0EC017AB1EE047AF7EC015AE7
:105E5000B9EE046A77EEE67A67EEA57AF4EEC77AD1
:105E6000F1EE10FA00F35781B4EEE76AF1EE10FAA2
:105E700076FE277A0499E2EC017A8F42E2D14FF460
:105E8000807200212046049313F054F80021502220
:105E900084A813F04FF80DF1A00E059F98A9049B5C
:105EA0000DF5047CFEEC016A38466246D2ED007ABC
:105EB000B0EC017AE6EE877AE2EC017A8A42F5D11B
:105EC00050375745ECD108468E464F46CDF84090A6
:105ED000099AFCEC017AB2EC017AB5EEC07A09922B
:105EE000F1EE10FA03DC9FED767A67EE877AF1EE39
:105EF000046AF4EEE67AF1EE10FA07DCF9EE046AD1
:105F0000F4EEE76AF1EE10FA76FEA76AB946224689
:105F1000EEEC016A0494D2ED007AB9EC017AE6EE77
:105F2000877AE2EC017AAA42F5D18C4507F58077B1
:105F3000CED1DDF84090C0AFCDE912A84FF00008F7
:105F4000CDF82490CDE9100BDFED5E6A1A46039977
:105F500003F11009B2EC017AF1EC017A4A45E7EE5F
:105F6000276AF7D10DF1B00B03995A46F3EC017A89
:105F7000B1EE047AF1EC015AB9EE046A77EEE67AF2
:105F800067EEA57AF4EEC77AF1EE10FA00F3C68058
:105F9000B4EEE76AF1EE10FA76FE277A30A8E2EC6A
:105FA000017A8242E2D100215022ACA812F0C2FF55
:105FB000079B2CA9A3F1500CACA8F1EC016A624636
:105FC0000346D3ED007AB2EC017AE6EE877AE3EC91
:105FD000017ABB42F5D130AB0CF1500C9942EBD1B8
:105FE0000DF595520699DDF820C09646BCEC017A75
:105FF000F0EC017AB5EEC07AF1EE10FA03DC9FED19
:10600000307A67EE877AF1EE046AF4EEE67AF1EE22
:1060100010FA07DCF9EE046AF4EEE76AF1EE10FA22
:1060200076FEA76A8A462346EEEC016AD3ED007A33
:10603000BAEC017AE6EE877AE3EC017AAB42F5D16D
:10604000B84201F58071D1D1DDF82CC008EB88038E
:106050000DF5DC6107980CF1100A01EB031EFBEC57
:10606000016AA0F15003DCED007A714666EE886AA1
:1060700077EEE67AECEC017AD3ED007AB1EC017AB6
:10608000E6EEC77AE3EC017A8342F5D1D44503F119
:106090005000E4D10A98DDF818C000F1500EF2EC7F
:1060A000016A3146D0ED007A634668EE266A77EEE3
:1060B000E67AE0EC017A07E0D7A3703F0AD7A33C69
:1060C0000AD7233C00000000D3ED007AB1EC017A3E
:1060D000E6EEC77AA142E3EC017AF5D170450CF502
:1060E000807CDCD1069B08F1010803F5A053B8F1D0
:1060F000040F0693079B03F5A0730793089B03F116
:1061000050030893039B03F11003039309D04B46FC
:10611000CDE90A0A18E7F0EE477AABE6F0EE477AE7
:106120003CE7DDF82490059DDDE9100BDDE912A8C0
:10613000DDE90D71B7EC017A70AADAED007A2B4631
:1061400028EE077A77EEC77AEAEC017AD3ED007A87
:10615000F2EC016AE7EE667A8A42E3EC017AF5D165
:106160000C9B50359A45E5D1F0EC016A3246DBEDE7
:10617000007A4B4668EE266A77EEE67AEBEC017A17
:10618000D3ED007AB2EC017AE6EEC77AA242E3ECF4
:10619000017AF5D1059B09F580799B45E4D10DF590
:1061A000955400214FF4A8620DF5955012F0C2FEEF
:1061B00030AF0DF5096125460020DDF810C057F815
:1061C000043BC0EBC0020DF5026EBCEC017A03EBA0
:1061D00082029CED0B6A0EEB8202DCED175A9CEDFD
:1061E000235AD2ED007AC200F5EEC07AF1EE10FA31
:1061F00003DC5FED4D7A27EE277A121AF3EE0C7A64
:1062000003EB82030DF59552C6EE276A02EB83037A
:10621000A1F17002D3ED007A77EE877AC3ED007AB0
:106220002B46F2EC017AB0EE667A1FED5B6AF5EE72
:10623000C07AF1EE10FA01DC26EE867AD3ED007A10
:10624000914277EE877AE3EC017AEAD151ED017A57
:10625000F5EEC07AF1EE10FA00F3A9801FED687A2E
:1062600065EE875A25EE077AD5ED1B7A51ED1C6A4B
:1062700075EEA77AF5EEC06A77EE877AF1EE10FA3E
:10628000C5ED1B7A03DC5FED727A25EE275AD5ED5A
:10629000007A01302B46703177EEC57A0C2805F173
:1062A0007005C3ED007A8AD141F2481A0F9BC244AF
:1062B00003F1300708F5C16803F5AE65D146F02259
:1062C0000021ACA812F036FE1FED826ABC46A6463D
:1062D000F1EE046AFEEC017AF4EEE67AF1EE10FAE1
:1062E00007DCF9EE046AF4EEE76AF1EE10FA76FEE6
:1062F000A76A36EE266A6146ACA8A1F130020346D1
:10630000D3ED007AB2EC017AE6EE877A9142E3ECC3
:10631000017AF5D1303030318642EED10CF1300CBB
:106320006545D5D1F1EE047AB4EEE76AF1EE10FAE4
:1063300007DCF9EE047AF4EEC67AF1EE10FA77FE95
:10634000867A99ED007AB8A90DF5747C4046A8EEDE
:10635000677AA9EC017AA1F130020346F1EE047AE2
:10636000B2EC017AF9EE046AB4EEE77AF1EE10FAD3
:1063700005DCF4EEC76AF1EE10FA76FE877A93ED4B
:10638000007A9142A8EE677AA3EC017AE6D1303127
:1063900030308C45DFD108F1F0087034C2458ED121
:1063A0000DF5BF5D01B0BDEC048BBDE8F08FB0EE24
:1063B000457A59E7F0B50F4601EB810106461546CF
:1063C00000EB011046F278121C4641F27823821845
:1063D00006EB812006EB0111C31846F2C8102DED23
:1063E000028B95B008186946F2EC017AA3F5807C1F
:1063F000AE46FCEC016ABEEC017A9C45E6EE877A7B
:10640000F7D1F5EEC07AF1EE10FA03DC9FED327AA7
:1064100067EE877A824203F58073E1EC017AE3D17B
:1064200006EB071246F2B82307EB870746F2B87E61
:106430002546A44606EB8716964414A8F31804F1E3
:106440001006FEEC017A6A461946B2EC017AF1ECCC
:10645000016A8242E6EE877AF7D1ECEC017AB44524
:1064600003F15003EDD1D4ED006A94ED017AD4ED3F
:10647000027AB4EEE67AD4ED038A9FED188AF1EE43
:1064800010FA37FE267AF4EEC77AF1EE10FA77FEAC
:10649000877AF4EEE78AF1EE10FA78FEA78A94ED97
:1064A000000A30EE680A11F057FEA4EC010AB4426B
:1064B00038EE008AF3D1B5EEC08AF1EE10FA07DDAE
:1064C00095ED007AC7EE087AE5EC017AB542F7D18E
:1064D00015B0BDEC028BF0BD0AD7233C00000000D4
:1064E00070B5064646F6F80E47F6F83047F64845CA
:1064F000B644301875192DED028B94B06C46F0EC53
:10650000017AAEF580738C46F3EC016ABCEC017A3B
:106510007345E6EE877AF7D1F5EEC07AF1EE10FA20
:1065200003DC9FED307A67EE877AA8420EF5807E15
:10653000E4EC017AE3D147F6885447F6985E944636
:1065400014A83419B6441646F4EC017A6B46294671
:10655000B3EC017AF1EC016A8342E6EE877AF7D177
:10656000744505F15005ECEC017AEDD1D2ED006AED
:1065700002F1100592ED017A1446D2ED027AB4EEE2
:10658000E67AD2ED038A9FED188AF1EE10FA37FE13
:10659000267AF4EEC77AF1EE10FA77FE877AF4EEF7
:1065A000E78AF1EE10FA78FEA78A94ED000A30EE41
:1065B000680A11F0D1FDA4EC010AA54238EE008A68
:1065C000F3D1B5EEC08AF1EE10FA07DD96ED007A50
:1065D000C7EE087AE6EC017AB542F7D114B0BDEC0B
:1065E000028B70BD0AD7233C000000002DE9F04764
:1065F000D1F80436ADF58F5D0026044682B0066101
:10660000C0E90066C0E902662BB920460DF58F5D32
:1066100002B0BDE8F0870F460DF6E8310DF16809CC
:106620000DF108083846B246FFF79CF80EAB0DF6A0
:10663000E8315AAA38460193CDF800900DF5D5639C
:106640000AADFFF7C5F84946384602AAFFF748FFEA
:10665000CDE90666CDE908664A4638462B465146DE
:10666000FFF7A8FEF8EC016A06AA2846D2ED007AE8
:10667000B0EC017AE6EE877AE2EC017AAA42F5D133
:106680000AF1010ABAF1040FE6D19DED066ADDEDCB
:10669000076AB4EEE66AF1EE10FA23D4F0EE467A19
:1066A00000229DED087AF4EEC77AF1EE10FA02D5D9
:1066B000F0EE477A022284ED027A20469DED097AB7
:1066C00084ED006AB4EEE77AC4ED016A84ED037AE2
:1066D000F1EE10FAC8BF032222610DF58F5D02B002
:1066E000BDE8F087F0EE667A0122DAE7D0F80426FA
:1066F00002B9704710B52DED028BADF5C16DB0EE4E
:10670000408A0446019102A9FFF72CF8019A032A56
:1067100005D8B0EE480A02A92046FFF7A5F90DF505
:10672000C16DBDEC028B10BD47F6985300B5C31880
:1067300001F1300E51F804CB9FED0B7A43F804CBF6
:10674000F2EC017AF4EEC77AF1EE10FA01D5F7EE29
:10675000007A7145C3ED0B7AECD100F5E0400123DE
:1067600080F8F83D00BD00BFBD37863500F070B938
:10677000F8B5054600F08CF905F1A40405F1AC0765
:1067800054F8046F284600F09FF9304601F028FDC8
:10679000BC42F5D1F8BD00BFF8B5054600F05CF984
:1067A00005F1A40405F1AC0754F8046F284600F085
:1067B0008BF9304601F014FDBC42F5D1F8BD00BFA5
:1067C00010B50446683001F0E7FC04F18800BDE82C
:1067D000104001F0E1BC00BF10B50446403001F0AC
:1067E00057FD04F1B00001F095FE04F1C000BDE8D2
:1067F000104001F08FBE00BF70B54FF481718AB0B8
:106800004FF4C0624FF4E06300F1D8060124ADF804
:106810000C1000F59675ADF810203046ADF81C3020
:10682000049A079B0399009401F00CFE4FF48073C7
:1068300040F201120094ADF810304FF4806304ACC4
:106840002846ADF81C30079BADF80C20DDE903129B
:1068500001F0F8FD2046072106F076FA07AB94E830
:10686000070083E807001946304601F017FE07AB22
:1068700094E8070083E807001946284601F00EFE59
:10688000304601F021FE28460AB0BDE8704001F014
:106890001BBE00BF2DE9F04340F20243022504462F
:1068A00002222DED028B8BB004F118079FED1E8A9A
:1068B00004F1A406ADF8003001A8009901F006FF2C
:1068C000ADF800502A4600990DF1160001F0FEFEC9
:1068D00004232A4638460DEB0301002501F008FF8A
:1068E00004F1680204F18803C4F8A820C4F8AC30AD
:1068F0002946384656F8048F02F0F2F881462046C1
:1069000000F0E2F80023F0EE480A49461A464046F5
:1069100001F014FC6B1C0125022BE9D10BB0BDEC7E
:10692000028BBDE8F08300BF6F12033BF0B5044655
:106930000D4695B0002700F089F82946204604F15D
:10694000B00600F079F940F6061330469FED3E0A96
:10695000ADF8343004F1C0050D9901F0C3FD4FF4DA
:10696000007328469FED380AADF834300D9901F0D8
:10697000B9FD40F60333ADF8247004F14000ADF8E2
:10698000143040F20163099AADF834300D9B05993B
:106990009FED2D0AC4F8D06009AEC4F8D45001AD03
:1069A00001F046FC2046FFF727FF2046FFF772FF65
:1069B000284601F02DFD01230DF1140E04F5C07CD5
:1069C0000F93129347F612231097139302231193F8
:1069D00095E80F008CE80F008EE80F0086E80F00A6
:1069E000BDF828300E90ADF83630BDF82A30D4E925
:1069F000625EADF83430C4E9655EBEF1000F1CD1B3
:106A00000DA904F5C87005F0A9F804F1A40504F572
:106A1000D27004F1AC0701F00FFD3021204600F0E8
:106A200037F855F8046F204600F04EF8304601F074
:106A3000D7FBAF42F5D115B0F0BD724639462846B6
:106A400012F078FADCE700BF00000000704700BFDA
:106A5000143001F041BB00BF30B5054683B014309F
:106A600001F0F6FA05F1140001F0EEFA05F1140058
:106A70008DED010A01F0D6FAD0ED007A9DED010A04
:106A8000F8EE677A80EE277A85ED0E7A03B030BD96
:106A900030B5054683B0143001F0C8FA05F1140092
:106AA00001F0D2FA05F114008DED010A01F0BAFAF5
:106AB000D0ED007A9DED010AF8EE677A80EE277A34
:106AC00085ED0E7A03B030BD90ED0E0A704700BF21
:106AD00000B540F203308FB000224FF60B7340F246
:106AE0000341ADF80800009209A8ADF81030ADF8E8
:106AF00024300123ADF80C10029907920C92CDE9D5
:106B00000522CDE90A2202F04BF8002204A8012355
:106B10000399009202F044F809A802F053F910B961
:106B200001200FB000BD04A802F04CF980F0010074
:106B3000C0B240000FB000BD70B53C4B9CB001220C
:106B400000240321139340F2045305461691129436
:106B50001992ADF85030CDE91724FFF7B9FF01289D
:106B600041D002284FF001022FD1314B40F60131C4
:106B70000DAE0094CDF852304FF60B73ADF82010E7
:106B800030460899ADF8343023461094CDE91A42C6
:106B9000CDE90E4402F004F82146304602F01EF919
:106BA00012A905F13C0003F093F9302003224FF0C5
:106BB0007E5331460F931093CDE90D02EA6B05F138
:106BC000140001F0F5F91CB070BD40F60131184B0E
:106BD0000DAEADF834100D98CDF85230CDE91A4213
:106BE00000F0A4F8DCE71022114908900DAE8DF8F2
:106BF0003020104ACDF8521008A90A90039009924B
:106C00000B940494CDE91A0404A802F04DFB08216A
:106C1000039B3046079105A9049AADF814308DF80E
:106C2000164006930D9400F0BDF8B9E70402040481
:106C3000040604030704010BF0B53A4B044685B083
:106C400040F20112A36003F581333748012503F5B3
:106C50008073ADF80C2040F202726060E36040F691
:106C600006630020A4F82520A4F82930271D2582DA
:106C700084F8275084F82B5002918DF80E0005F00F
:106C8000A1FB064605F008FA034610BB0EB302A9A5
:106C900004F130008DF80E5005F01CFB072E38D1A2
:106CA0002046FFF749FF04F1140001F0CDF904F18B
:106CB00014008DED010A01F0B5F9D0ED007A9DEDDB
:106CC000010AF8EE677A80EE277A84ED0E7A05B035
:106CD000F0BD02A904F13000019305F0FBFA072E84
:106CE000019B02D1002BDBD006E039462046019300
:106CF00002F012FD019B8BB104F1250002F078F83F
:106D000004F1290002F074F804F1120000F068F9AF
:106D1000C6E73946204602F0FFFCC1E7002EEBD063
:106D2000BEE700BF050705060508050910B584B0D4
:106D30000124ADF80C0003A8ADF80E4002F058F89D
:106D4000214603A802F040F9204605F0A3F90021EE
:106D500003A802F039F9204605F09CF9214603A862
:106D600002F032F904B010BDC2F3002CFA2300B5D2
:106D700087B04CEA410C017C8DF8152005AA0093E0
:106D800002238DF814C002F029FB18B10123184624
:106D900007B000BD03900A2005F07CF9039B18465C
:106DA00007B000BD034630B5044685B043F8042B58
:106DB000FA2507C983E80700A1791E23009503AAD5
:106DC0001A31ADF80C3020460223C9B2217402F00A
:106DD00005FB10B1012005B030BD0A2005F05AF9BD
:106DE0004FF4B85200950223ADF80C20204603AAB8
:106DF000217C02F0F3FA0028ECD10A2005F04AF9D0
:106E000041F2027200950223ADF80C20204603AA3D
:106E1000217C02F0E3FA0028DCD10A2005F03AF9DF
:106E2000042200950223ADF80C20204603AA217C01
:106E300002F0D4FA0028CDD10A2005F02BF9062261
:106E400000950223ADF80C20204603AA217C02F015
:106E5000C5FA0028BED10A2005F01CF941F208222B
:106E600000950223ADF80C20204603AA217C02F0F5
:106E7000B5FA0028AED10A2005F00CF94FF00A024D
:106E800000950223ADF80C20204603AA217C02F0D5
:106E9000A5FA00289ED10A2005F0FCF823790C22DF
:106EA0000095002B217C8DF80C20204614BF622316
:106EB00042236A448DF80D30022302F08FFA002835
:106EC00088D10A2005F0E6F8A36800952046E2681C
:106ED000217C1343627943EA4213227982F0010252
:106EE00043EA82130E228DF80D3002238DF80C2018
:106EF00003AA02F073FA00287FF46CAF0A2005F0B1
:106F0000C9F8102200950223ADF80C20204603AAF0
:106F1000217C02F063FA00287FF45CAF0A2005F0C0
:106F2000B9F8122100950223ADF80C1003AA217CB8
:106F3000204602F053FA00287FF44CAF0A2005F0F7
:106F4000A9F801220921204605B0BDE83040FFF72D
:106F50000BBF00BF70B586B000240125102602A922
:106F60004FF480521C480194CDE90256CDE90454F7
:106F70000CF094FE642006F023F8022302A94FF4DB
:106F80008052154802930594CDE903650CF086FE06
:106F9000042302A94FF480520F480396CDE904342C
:106FA000032302930CF07AFE40F23223042202A95A
:106FB0000948019310230495CDE90223019B4FF466
:106FC000805205930CF06AFE40F6060102480CF070
:106FD00087FE204606B070BDFC4301200000000083
:106FE00030B51F4B89B00822DFF878C000214FF47C
:106FF00000641A614FF0020E03920A22C3F804C023
:107000004FF0200C06924022054699600320196239
:1070100010215C620124C3E905C24FF4C072DC6038
:10702000DA6107229FED0C7BCDE900E20422CDE975
:1070300004016946181D029283ED0A7B0CF004FEE0
:1070400028B9284609B0BDE83040FFF783BF204685
:1070500009B030BDAFF30080001000000000000058
:10706000F8430120404100525E4A0023F0B5146805
:107070008FB00A93002C40F0B2805B4B01210326B5
:107080000C2511600227D3F8D420584842F48052CE
:10709000C3F8D420D3F8D42002F480520092009A8E
:1070A000D3F8E02042F01002C3F8E020D3F8E0204B
:1070B00002F010020192019AD3F8E02042F040025F
:1070C000C3F8E020D3F8E02002F040020292029AD6
:1070D000D3F8E02042F00802C3F8E020D3F8E02023
:1070E00002F008020392039AD3F8E02042F480727F
:1070F000C3F8E020D3F8E02002F480720492049AEE
:10710000D3F8E02042F08002C3F8E020D3F8E0207A
:1071100002F080020592059AD3F8E02042F02002A6
:10712000C3F8E020D3F8E02002F020020692069A8D
:10713000D3F8E02042F00402C3F8E0204FF6837257
:10714000D3F8E0300B9603F004030C950793022369
:10715000079908A9CDE9082307F01CFC48F237136A
:1071600008A9234808930C950997CDE90A4607F02A
:1071700011FC4CF2037308A91E480893CDE9097469
:10718000CDE90B6507F006FC40F2FF6308A91A4839
:107190000893CDE90974CDE90B6507F0FBFB4FF6C9
:1071A0000C7308A915480893CDE90974CDE90B655E
:1071B00007F0F0FB4FF63F0308A911480893CDE90B
:1071C0000974CDE90B6507F0E5FB202308A90B48FE
:1071D00009970C950893CDE90A4607F0DBFB0FB041
:1071E000F0BD00BFF44301200044025800100258D3
:1071F00000180258000C025800200258001C0258C7
:10720000001402582DE9F04F8BB08346C8480D4654
:1072100000AF144602F05AFFC64BD3E90621002AFC
:1072200000F00A82002940F09280D3F804800821FF
:107230004FF002094269B8F1000F00F09280A100FE
:10724000EA46012A01F1070121F00701ADEB010D2A
:107250006846ADEB010D694600F0F581022A00F0A9
:107260007382002A40F0E581002C00F0E281D3ED2A
:107270000C6A86469FEDB07A0BF1040C5E4636F937
:1072800022900EF1080E07EE909A3CF922900232FD
:10729000F8EEE77A944267EE877A67EEA67A4EEDCB
:1072A000027A07EE909AF8EEE77A67EE877A67EE51
:1072B000A67A4EED017AE2D822467962C0479D4B0C
:1072C0000022796A93ED0D6A281DDFED9C6A9C4EC1
:1072D0009FED9C7ADFED9C5AD1ED007A334666EE45
:1072E000277AF4EEE67AF1EE10FA0CD9F4EEC77ACA
:1072F000F1EE10FA67FE277A67EEA57AFDEEE77ADF
:1073000017EE903A1BB2D1ED017A45F8223066EEC5
:10731000277AF4EEE67AF1EE10FA40F20682F4EE05
:10732000C77A0831F1EE10FA67FE277A67EEA57A80
:10733000FDEEE77A17EE903A1BB240F822300232A7
:107340009442C9D8D5462C37BD46BDE8F08FD3F856
:10735000048010214FF004094269B8F1000F7FF456
:107360006EAF1868F8610028EDD07848C7F818D0DB
:10737000C7E9081202F018FFB9F1020F6D4BF8606F
:10738000D7E9081200F069826846C4F35D0C012A4F
:10739000A0EBC40085464FEA5400EE46B860AEEB61
:1073A000C40085460EEB8C006E46ADEB010DC7E9BF
:1073B00000E006EB8C003E616E46ADEB010D78619E
:1073C0000EEB8C003146C6F800E0706000EB8C06D6
:1073D000796278698E60396900EB8C0A06EB8C0063
:1073E000C7F820D0009179693861CDE9011A0AEB1C
:1073F0008C010391796AC86000F03484022A00F09D
:107400002F83002A40F01382002C00F09984B9F1F8
:10741000020F00F09B84601EFE683A610BF1040CC1
:107420004008DFED456A01304FEA800A586A00EBF8
:1074300086007E6AB268F6687A61021DD7F8148009
:10744000C7F81490B1465E46AB46D7E900E17A60D2
:107450003A693C616446D7F804C036F9125093ED9E
:107460000C6A07EE905A34F91250F8EEE77A67EE9C
:10747000A67A67EE867AEEEC017A07EE905A30F93A
:107480001250F8EEE77A07EE105A3CF9125067EE08
:10749000A67AB8EEC77A67EE867A27EE267AE1EC0E
:1074A000017A07EE905A27EE067A08EB0205F8EE0D
:1074B000E77A85ED007A09EB020567EEA67A93ED8F
:1074C0000C7A043267EE877A5245C5ED007AC4D152
:1074D000D7F814905D463C69BA68FB69D7E9081093
:1074E0009847144B3A6AB9F1020F93ED0D7AD2E93D
:1074F000006100F0798404F1FF3CDB6AFA683446ED
:107500004FEA5C0CDFED0D6A03EB82093B6A0CF17C
:10751000010C9FED0C6ADFED0C5A09F1040E4FEAE5
:107520008C0C0022281D064ED3E902839A4675E092
:1075300048440120304401200000003804FF7FBF90
:107540000280FFFF04FF7F3F00FEFF464C44012006
:1075500000000034F4EEC67AF1EE10FA66FE277AE7
:1075600067EEA57AFDEEE77A17EE903A1BB2D1ED01
:10757000007A45F8123067EE277AF4EEE67AF1EEFB
:1075800010FA40F26881F4EEC67AF1EE10FA66FE67
:10759000277A67EEA57AFDEEE77A17EE903A1BB2EE
:1075A00040F8123008EB0203D3ED007A67EE277A39
:1075B000F4EEE67AF1EE10FA40F24B81F4EEC67A80
:1075C000F1EE10FA66FE277A67EEA57AFDEEE77A0D
:1075D00017EE903A1BB249F812300AEB0203D3EDD2
:1075E000007A67EE277AF4EEE67AF1EE10FA40F2CE
:1075F0002981F4EEC67AF1EE10FA66FE277A67EE7C
:10760000A57AFDEEE77A17EE903A1BB24EF81230EB
:107610000432624500F0108104340431D4ED007A64
:1076200067EE277AF4EEE67AF1EE10FA92D8334656
:107630009DE72246C04785E600297FF4F6AD2C374A
:10764000BD46BDE8F08F002CF3D0D3ED0C6A814627
:107650001FED417A4FF0000E0BF1040C5E4656F818
:107660002E2009F1080982F40002A2F5000207EEBB
:10767000902A5CF82E200EF1020EF8EEE77A82F4E2
:1076800000027445A2F5000267EE877A67EEA67ADB
:1076900049ED027A07EE902AF8EEE77A67EE877AEC
:1076A00067EEA67A49ED017AD9D822467962C047B9
:1076B000AC4B0022796A93ED0D6A281DDFEDAA6AB2
:1076C000AA4E9FEDAB7AD1ED007A334666EE277A6B
:1076D000F4EEE67AF1EE10FA0BD9F4EEC77AF1EE99
:1076E00010FA67FE277AF0EE675AFEEEE45A15EEBE
:1076F000903AD1ED017A45F8223066EE277AF4EE21
:10770000E67AF1EE10FA18D9F4EEC77A0831F1EE04
:1077100010FA67FE277AFEEEE47A17EE903A40F808
:10772000223002329442CED80CE640F82260023277
:10773000083194423FF6D0AD04E640F822600232B0
:1077400008319442BFD8FDE5002C3FF472AFD3ED71
:107750000C6A86469FED897A00220BF1040CE946FB
:107760005E4656F822100EF1080E07EE901A5CF8ED
:1077700022100232F8EEE77A944267EE877A67EEDB
:10778000A67A4EED027A07EE901AF8EEE77A67EEE7
:10779000877A67EEA67A4EED017AE2D8494622460C
:1077A000C7F82490C0476F4B0022796A93ED0D6AA9
:1077B000281DDFED6D6A6F4E9FED6D7AD1ED007A79
:1077C000334666EE277AF4EEE67AF1EE10FA0BD93C
:1077D000F4EEC77AF1EE10FA67FE277AF0EE675AF8
:1077E000FEEEE05A15EE903AD1ED017A45F82230DE
:1077F00066EE277AF4EEE67AF1EE10FA10D9F4EE9E
:10780000C77A0831F1EE10FA67FE277AFEEEE07AC9
:1078100017EE903A40F822300232A242CED391E5E0
:1078200040F82260023208319442C7D88AE5BA682B
:10783000FB69D7E908109847D7F818D02C37BD4610
:10784000BDE8F08F4EF81260043262457FF4E4AE7A
:10785000F2E73346BFE63346A2E6A000012A4FEA2C
:10786000540E00F1070020F0070CADEB0C0D68463C
:10787000ADEB0C0DC7F808E0EC4600EB8E06ADEB67
:10788000010DC7E90006C7F824D06E46ADEB010D27
:1078900031463060CDF800C000EB8E060CEB8E0C4C
:1078A000C7F820D04E60CDF804C07FF4A7AD002CFF
:1078B00000F04682D3ED0C6A024679680BF1040CA5
:1078C0009FED2D7A5E4656F8280080F40000A0F562
:1078D000000007EE900A5CF8280008F10208F8EEB4
:1078E000E77A80F400004445A0F5000067EE877A4F
:1078F00067EEA67AE2EC017A07EE900AF8EEE77AF4
:1079000067EE877A67EEA67AE1EC017ADBD87246F9
:10791000FB69D7E908109847124B396AB9F1020F91
:1079200093ED0D7AD1E9002100F0F98204F1FF3CDA
:10793000DB6AF86814464FEA5C0CDFED0B6A03EB78
:1079400080093B6A0CF1010C9FED096A09F1040EF4
:10795000281D4FEA8C0C054ED3E902839A4600237A
:1079600069E000BF3044012004FF7FBF7E0080FF3C
:1079700004FF7F3F007E00800000003400000030E4
:10798000F4EEC67AF1EE10FA66FE277AF0EE675A48
:10799000FEEEE45A15EE902AD1ED007A45F8132058
:1079A00067EE277AF4EEE67AF1EE10FA56D9F4EEA5
:1079B000C67AF1EE10FA66FE277AF0EE675AFEEE0E
:1079C000E45A15EE902A40F8132008EB0302D2ED9A
:1079D000007A67EE277AF4EEE67AF1EE10FA3BD9F8
:1079E000F4EEC67AF1EE10FA66FE277AF0EE675AE8
:1079F000FEEEE45A15EE902A49F813200AEB030232
:107A0000D2ED007A67EE277AF4EEE67AF1EE10FA1C
:107A10001CD9F4EEC67AF1EE10FA66FE277AFEEE75
:107A2000E47A17EE902A4EF81320043363453FF4AE
:107A300003AF04340431D4ED007A67EE277AF4EE14
:107A4000E67AF1EE10FA9BD83246A5E74EF81360BD
:107A500004336345EDD1EFE63246CDE73246B2E777
:107A6000002C00F06D81B9F1020F00F09581621ECB
:107A7000FE680BF1040C38685208C7F800905FEDFF
:107A8000416A01324FEA820A5A6A02EB86087A6A30
:107A900008F10401D2E9026239617A61B646D7F889
:107AA00014905E467C61002264467968AB46D7F844
:107AB00010C056F8125093ED0C6A07EE905A54F825
:107AC0001250F8EEE77A67EEA67A67EE867AE0EC77
:107AD000017A07EE905A58F81250F8EEE77A67EEFE
:107AE000A67A67EE867AE1EC017A07EE905A5CF8A6
:107AF0001250B8EEE77A07EE905A0EEB020527EE29
:107B0000267AF8EEE77A27EE067A67EEA67A85ED12
:107B1000007A09EB020593ED0C7A043267EE877A5E
:107B20009245C5ED007AC4D1D7F800905D467C69D6
:107B3000BA68FB69D7E908109847CF4B396AB9F1A1
:107B4000020F93ED0D7AD1E9002100F0A78104F135
:107B5000FF3CDB6AF86814464FEA5C0CDFEDCD6A47
:107B600003EB80093B6A0CF1010C9FEDCB6A09F134
:107B7000040E281D4FEA8C0CC04ED3E902839A46AE
:107B800000235AE0F4EEC67AF1EE10FA66FE277A88
:107B9000F0EE675AFEEEE05A15EE902AD1ED007A2B
:107BA00045F8132067EE277AF4EEE67AF1EE10FA44
:107BB00056D9F4EEC67AF1EE10FA66FE277AF0EEA8
:107BC000675AFEEEE05A15EE902A40F8132008EBB3
:107BD0000302D2ED007A67EE277AF4EEE67AF1EE50
:107BE00010FA3BD9F4EEC67AF1EE10FA66FE277A67
:107BF000F0EE675AFEEEE05A15EE902A49F813208F
:107C00000AEB0302D2ED007A67EE277AF4EEE67A09
:107C1000F1EE10FA1CD9F4EEC67AF1EE10FA66FE17
:107C2000277AFEEEE07A17EE902A4EF813200433FE
:107C300063453FF401AE04340431D4ED007A67EEBD
:107C4000277AF4EEE67AF1EE10FA9BD83246A5E7F1
:107C50004EF8136004336345EDD1EDE53246CDE7D0
:107C60003246B2E7002C6BD0611EF868F2464246FD
:107C700049080BF1040CC7F800900131DFED806A70
:107C8000D7F8109089007961596A01EB800E30466F
:107C90005E46AB460EF104085546A2467C6856F88F
:107CA000121093ED0C6A81F40001A1F5000107EEBA
:107CB000901A5CF81210F8EEE77A81F40001A1F551
:107CC000000167EEA67A67EE867AE5EC017A07EEA8
:107CD000901A5EF81210F8EEE77A81F4000167EE70
:107CE000A67AA1F5000167EE867AE4EC017A07EE48
:107CF000901A58F81210B8EEE77A81F40001A1F555
:107D0000000127EE267A07EE901A811827EE067AF0
:107D1000F8EEE77A81ED007A09EB020167EEA67AC8
:107D200093ED0C7A043267EE877AC1ED007A7969B7
:107D30009142B4D1D7F800905D465446BA68E7E561
:107D40002246FB69D7E90810984775E5D3ED0C6A20
:107D50000BF1040C9FED4B7A5E46D7E9000136F932
:107D600022E007EE90EA3CF922E00232F8EEE77AF0
:107D7000944267EE877A67EEA67AE0EC017A07EE26
:107D800090EAF8EEE77A67EE877A67EEA67AE1EC9A
:107D9000017AE4D8FFF7A0BBD3ED0C6A00229FED77
:107DA0003A7A0BF1040C5E46AE46D7E9000156F86C
:107DB000225007EE905A5CF822500232F8EEE77A31
:107DC000944267EE877A67EEA67AE0EC017A07EED6
:107DD000905AF8EEE77A67EE877A67EEA67AE1ECDA
:107DE000017AE4D87546A3E60022DFED2A6A9FED0A
:107DF0002A6A281DDFED255ADFF894C0D6ED007AF7
:107E0000634667EE277AF4EEE67AF1EE10FA0CD9C3
:107E1000F4EEC67AF1EE10FA66FE277A67EEA57ADE
:107E2000FDEEE77A17EE903A1BB2D1ED007A0436F8
:107E3000043145F8223067EE277AF4EEE67AF1EE67
:107E400010FA12D9F4EEC67AF1EE10FA66FE277A2D
:107E500067EEA57AFDEEE77A17EE903A1BB240F88E
:107E6000223002329442C9D8E6E440F822C00232FD
:107E70009442C3D8E0E400BF30440120007E00807B
:107E800000000034000000380000003000FEFF4613
:107E90000280FFFF04FF7FBF04FF7F3F00235FEDF1
:107EA000036A1FED036A281DDFF8FCC0D2ED007ADB
:107EB000664667EE277AF4EEE67AF1EE10FA0BD911
:107EC000F4EEC67AF1EE10FA66FE277AF0EE675A03
:107ED000FEEEE05A15EE906AD1ED007A04320431DC
:107EE00045F8236067EE277AF4EEE67AF1EE10FAB1
:107EF0000FD9F4EEC67AF1EE10FA66FE277AFEEE9E
:107F0000E07A17EE906A40F8236002339C42CDD8A5
:107F100092E440F823C002339C42C7D88CE400238B
:107F2000DFED1F6A9FED1F6A281DDFF880C0D2EDCC
:107F3000007A664667EE277AF4EEE67AF1EE10FAFA
:107F40000BD9F4EEC67AF1EE10FA66FE277AF0EE5F
:107F5000675AFEEEE45A15EE906AD1ED007A0432CB
:107F6000043145F8236067EE277AF4EEE67AF1EE05
:107F700010FA0FD9F4EEC67AF1EE10FA66FE277AFF
:107F8000FEEEE47A17EE906A40F8236002339C42DA
:107F9000CDD851E440F823C002339C42C7D84BE40B
:107FA00004FF7FBF04FF7F3F007E00807E0080FFD4
:107FB00010B5194C84B09646046004F1080C0FC942
:107FC0008CE80F00D4ED047AF5EEC07A8DE80F004E
:107FD000F1EE10FA1CDDB7EE006A94ED057A27EE9B
:107FE000277AC6EE276A84ED0D7AC4ED0C6ABEF1DD
:107FF000000F0DD0204640F818EF02F067F807494F
:1080000003690020064A2162A262E36004B010BD49
:10801000012004B010BD00BF30440120002000301A
:108020000000003000680830704700BFB1F5807F65
:1080300003680A4628BF4FF48072B1F5807F9A60CA
:1080400094BF0020012070470068183002F09AB8F1
:1080500070B504688AB0A369E160D3B104F1180077
:1080600002F034F8E2688446EE461546BCE80F009C
:10807000AEE80F00BCE80F00AEE80F009CE803007C
:108080008EE80300694604F11800049501F020FF12
:10809000F0B9E369CBB104F11C05284602F016F8EB
:1080A0008446EE46E468BCE80F00AEE80F00BCE88A
:1080B0000F00AEE80F009CE803008EE8030069465D
:1080C0002846049401F004FF10B900200AB070BDE6
:1080D00001200AB070BD00BF30B5046883B00D4602
:1080E000E3694BB1A3680020E26A616A9B000090DB
:1080F00004F11C0001F0ECFFA3680748A26A9B0092
:10810000216A009004F1180001F0E2FF0020C4E9A8
:10811000005003B030BD00BF05720024064B302074
:1081200003214FF07E52C3E90201002000211A61B1
:108130005A61C3E90601704730440120F6EE006A37
:108140009FED146A20EE207A80ED020AF7EE007AA5
:1081500080ED036A016027EE267AC7EE876AF4EEA7
:10816000E76AF1EE10FA05DCB4EEE66AF1EE10FA19
:1081700076FE267A4FF07E514FF0000C02760022F8
:10818000C0ED017AC0F814C0016143768276C0ED7B
:10819000070A7047000000000268037E128807EE9D
:1081A000902AFBEEC87A1BB1B7EE007A77EE677AB9
:1081B000D0ED056A90ED047A77EEE67A437E67EEBD
:1081C000877A0BB1F1EE677A90ED030A90ED017AB0
:1081D00077EEC07AA7EE270A80ED030A704700BF4A
:1081E000837E80ED020ADBB9D0ED077A27EE800AA4
:1081F000B6EE007AF7EE007A20EE070A87EE807A74
:10820000B4EEE77AF1EE10FA07DCDFED077AF4EE70
:10821000C77AF1EE10FA77FE877AC0ED017A7047DF
:10822000DFED027AE2E700BF000000006F12033BBF
:1082300030B585B004460025ADF80C10ADF8082027
:10824000ADF8043003F024FFBDF80C204FF4807328
:10825000206004F118002283BDF808206383E383C3
:10826000A283257100F0C4FD04F11C0000F0C0FDE4
:108270009FED060A019904F1080000F033F94FF66A
:10828000FF736562238405B030BD00BF00000000AD
:1082900030B5044683B003F0FBFE0023226823714F
:1082A000824206D104F1080003B0BDE8304000F07E
:1082B00031B9012194F82020206004F118002171C7
:1082C000019200F073FE019A94F8215040EA4202B4
:1082D00004F11C0084F8202000F068FE002340EA2E
:1082E00045000121636294F8203084F8210000F0F9
:1082F000030003F00303022B07D00228D2D1002B86
:10830000D0D14FF0FF336362CCE70028CAD161625D
:10831000C8E700BF0FB470B582B02B4E2B4D06AB33
:10832000306853F8042BC0F180012844019310F009
:10833000BBFD3368C01840D02A1801E0013820D0B6
:1083400012F8013D0A2BF9D00D2BF7D0841C7F2C9D
:1083500018D9802342F224421C46A5F87E201C4DE9
:1083600033602B68012B18D922461849194800F0B0
:1083700091F90028F8D1306002B0BDE8704004B037
:10838000704702240D230A222B54054423466A70A9
:108390000F4D33602B68012BE6D822460B490D4860
:1083A00000F078F90028E7D12B68306001332B60AA
:1083B00002B0BDE8704004B070470D210A220223CC
:1083C00029701C466A70CAE7704401207444012079
:1083D0006C4401206844012010B50446002108487F
:1083E00000F0CEF8074A630007481360FFF792FFDA
:1083F0000648FFF78FFF0A20BDE8104003F04ABE91
:10840000684401206C4401205CA801246CA801246C
:10841000074B0021074AB3F800C082609A884FF4E6
:108420008073A0F804C00160C280C360704700BFC1
:1084300034A301240040003000220A23027003719B
:10844000704700BF30B52DED028B85B09FED128ACD
:1084500005469DF82840B0EE480AADF80C10039987
:10846000ADF808202246ADF804300FF0B7F9B0EEB1
:10847000480A2246029905F11C000FF0AFF9B0EE50
:10848000480A2246019905F1380005B0BDEC028B7F
:10849000BDE830400FF0A2B900007A4438B50C4670
:1084A000054691ED000A0FF0BDF994ED010A05F1C2
:1084B0001C000FF0B7F994ED020A05F13800BDE891
:1084C00038400FF0AFB900BF10B504460FF0BCF94B
:1084D00004F11C000FF0B8F904F13800BDE81040B9
:1084E0000FF0B2B930B5044683B00D0A009103F025
:1084F000CFFD4FF4807200994FF001232060A01D42
:10850000A171A280E571A36003B0BDE8304000F026
:108510006FBC00BF10B5044682B003F0B9FD002265
:1085200023682271834210D00121A37AE27A20606D
:10853000A01D2171019352B900F038FD019B40EA62
:108540004300C0B27F28A0720DD002B010BD00F071
:108550002DFDB0FA80F0019B400940EA4300C0B213
:108560007F28A072F1D103F093FD07EE900AF8EE98
:10857000677AC4ED037A02B010BD00BF704700BF38
:10858000012908B519D0022910D019B1BDE8084059
:1085900008F062BB364B0A46DFF8F4C0354936486E
:1085A000C3F800C00EF048FCD0B1FEE70122334909
:1085B00033480EF041FC68B1FEE70A4630482F49C7
:1085C0000EF03AFC00B1FEE72E492D480EF056FCA5
:1085D000C0B1FEE72B492A480EF050FC60B1FEE71F
:1085E000284925480EF04AFC00B1FEE726492248FA
:1085F0000EF0D4FB18B3FEE7244921480EF0CEFB61
:1086000060B1FEE721491E480EF0C8FB00B1FEE74D
:108610001B480EF04BFC0028B8D0FEE718480EF0BF
:1086200045FC024650B9124BDFF864C011491248AC
:10863000C3F800C00EF000FC38B1FEE7FEE70E48BC
:108640000EF034FC0028A1D0FEE70E490A480EF0D7
:1086500015FC00B1FEE70C4907480EF09FFB00B186
:10866000FEE705480EF022FC00288FD0FEE700BF91
:10867000F4440120E4040020FC440120B404002060
:10868000984701203C060020700400206004002070
:108690007D850024084691B208B503F07BFF0038C1
:1086A00018BF012008BD00BF014807F0FBBC00BF98
:1086B000D0920120014807F0F5BC00BFD092012004
:1086C000014807F0EFBC00BFD092012000B583B095
:1086D0004FF0000E4FF0030C4274ADF80410BDF8DB
:1086E000043080F810E0A0F802C0038003B000BDA1
:1086F0002DE9F04F4FF00008DFF8F4928FB0B74C3F
:1087000003700646B64B174642600D46202241468E
:108710004846C4F86831C4F86491CDE90388CDE9CE
:108720000588CDE90788CDE90988CDE90B8810F0E7
:1087300001FC2022414604F5A170C4F83181C4F83F
:108740003581C4F83981C4F83D8110F0F3FB84F819
:108750003071736884F84882002B00F084814346AE
:10876000484604F5987E05F1100AC446019708E0D2
:108770004FF00101624503F1120384F8481264D9F5
:108780000230E91855F803B0E2180CF1010CCF687B
:10879000D1F80490D1F8088044F803B0D7604FF0C6
:1087A0000007C2F80490C2F80880098A0780118285
:1087B0001AF803100EF8011F72680029D8D162451B
:1087C00003F11203DCD8019F94F84832FFB2002B6A
:1087D0003ED10121032332780020C4F898310023D0
:1087E00084F88111C4F874317E4984F8803184F8AA
:1087F0008831C4F88471C4E967334FF48023C4E935
:108800005B1308210123C4E95E310021C4E964013E
:108810009AB100200121013A84F8A431C4E96C0125
:10882000082A0CD8DFE812F0FE00F900F400EF008F
:10883000EA00D500CF00C800C10084F8A4216A482E
:1088400004F092FE30B1FFBEFEE7019F0021FFB2AF
:108850000123C0E7039003A9634804F0B7FF002891
:1088600040F0A180042340F2FF720B90CDE9092370
:1088700094F83031002B4BD0DFF878818146DFF857
:1088800078A14FF0070BA8F58E756B7B072B07D8E7
:10889000DFE803F08386807A777D4104CDF820B04D
:1088A000281F00F0A5FA2B7B042B3CDC022B00F3E5
:1088B000D28000F0CC80002388F8003015F8043C0A
:1088C000002B42D0022B00F0B280012B07D115F80B
:1088D000033C012B00F0CB80002B00F0D68000235E
:1088E000069306A9DAF800303F48079304F080FBAE
:1088F000002840F0C08009F1010994F830210AF104
:10890000040A08F101085FFA89F312359A42BCD8CB
:108910000FB0BDE8F08F0623281F089300F068FA17
:108920002B7B042BC2DD032388F800302F46002662
:108930003846013600F05CFA98F800300437B3424C
:10894000F6DC15F8043C002BBCD115F8032C062AE4
:1089500000F08580072A00F09480022A00F09780BA
:10896000032A00F09680002A00F09580012A00F08A
:108970009480042A00F09380052A1C4A08BF1346FD
:10898000AEE7042308938BE70323089388E70523C6
:10899000089385E70223089382E7002308937FE783
:1089A000012308937CE7FFBEFEE740F2FF324FF45D
:1089B000A073C4E96A2342E740F2FF124FF49073B8
:1089C000C4E96A233BE7FF224FF48073C4E96A23BA
:1089D00035E77F22E023C4E96A2330E7384A0120E3
:1089E0004041003000200240A44B01200000B84F5D
:1089F00000410030584B012074AB01243F22C023BA
:108A0000C4E96A231BE71F22A023C4E96A2316E7EF
:108A10000F228023C4E96A2311E707226023C4E9F7
:108A20006A230CE703224023C4E96A2307E715F809
:108A3000033C042B15D0052B1BD0F3B1012B1ED00A
:108A4000022B20D0032B7FF44AAF164B48E70123BB
:108A500088F800306AE7022388F8003066E7124B96
:108A60003EE7124B3CE7FFB201210323B3E6104B74
:108A700036E7104B34E7FFBEFEE70F4B30E70F4BF6
:108A80002EE70F4B2CE70F4B2AE70F4B28E70F4B36
:108A900026E70F4B24E70F4B22E70F4B20E70F4B46
:108AA0001EE700BF002090360800900C1000C01098
:108AB0002000F014000180210004002A0008302E5C
:108AC0008000501D001060320002B0250040C03A06
:108AD0000080F03E00002143000052470000844B1C
:108AE000044BD3F8643103EB41000F2988BF1846CB
:108AF000704700BF384A0120224B02689A4200D0DA
:108B00007047214A0021214BD2F8D800DFF880C0FD
:108B100040F0200000B583B0C3F8D0C14FF0090C7D
:108B2000C3E975C1C2F8D8004FF4806CD2F8D80000
:108B300093F8482200F0200082F00102019003F532
:108B4000E8701202C3E9771CC3F8EC214FF4006C03
:108B5000019A4FF40052C3F8E4C1C3F8E821C3E915
:108B60007C1105F05FF8094B08B1FFBEFEE703F585
:108B7000B67203F5E871C3F80822C3F8B81103B060
:108B800000BD00BF0020024000440258384A0120C6
:108B900040000240014805F09BBB00BF084C01208B
:108BA00000B593B00180ADF80410C9B2DDF850C033
:108BB0000B29C0F80CC0C0E901233FD090F801E0B8
:108BC000BEF10F0F3AD8022A3CD0032A04D0A2F1FA
:108BD0000102B2FA82F25209012B0E9205D0A3F1E2
:108BE0000203B3FA83F35B095B00BCF1020F0F933E
:108BF00026D0BCF1030F23D0ACF10103B3FA83F309
:108C00005B090A2910930ED8624B4A1E03EB81239D
:108C10000361092A00F2AE80DFE802F09D8E7F70CA
:108C200061524334251600231A46036101230DA91E
:108C3000104603FA0EF30D9305F0ACFE13B000BD21
:108C40006346DEE71122C7E7534B544AD3F8E010DE
:108C500041F48061C3F8E010D3F8E03003F480639E
:108C60000C930C9BE2E74C4B4D4AD3F8E01041F4D7
:108C70000071C3F8E010D3F8E03003F400730B93F5
:108C80000B9BD3E7444B474AD3F8E01041F4807183
:108C9000C3F8E010D3F8E03003F480730A930A9B22
:108CA000C4E73D4B404AD3F8E01041F08001C3F8DF
:108CB000E010D3F8E03003F080030993099BB5E797
:108CC000354B3A4AD3F8E01041F04001C3F8E010C8
:108CD000D3F8E03003F040030893089BA6E72E4B3F
:108CE000334AD3F8E01041F02001C3F8E010D3F884
:108CF000E03003F020030793079B97E7264B2D4AAC
:108D0000D3F8E01041F01001C3F8E010D3F8E030E0
:108D100003F010030693069B88E71F4B264AD3F8FF
:108D2000E01041F00801C3F8E010D3F8E03003F0A0
:108D300008030593059B79E7174B204AD3F8E01009
:108D400041F00401C3F8E010D3F8E03003F004036D
:108D50000493049B6AE7104B194AD3F8E01041F0E2
:108D60000201C3F8E010D3F8E03003F002030393EC
:108D7000039B5BE7084B074AD3F8E01041F0010181
:108D8000C3F8E010D3F8E03003F001030293029B34
:108D90004CE700BF00000258004402580028025867
:108DA0000024025800200258001C025800180258E3
:108DB0000014025800100258000C02580008025813
:108DC0000004025808B5012143780069994089B22E
:108DD00006F0F6F8003818BF012008BD90F801C071
:108DE00001230A46006903FA0CF189B206F0EEB8D5
:108DF0008378022B30B504468FB039D0032B00F0B6
:108E0000D180A3F10102B2FA82F25209E3780A9208
:108E1000012B05D0A3F10203B3FA83F35B095B00D6
:108E200000222046CDE90B3203F09EFF0546204686
:108E300003F0A2FF23780990082B13D8DFE803F092
:108E40002D405366798C9F051A00574BD3F8E020CC
:108E500042F08002C3F8E020D3F8E03003F0800352
:108E60000793079B09A9284605F094FD0FB030BD74
:108E70001122CBE74C4B09A92846D3F8E02042F455
:108E80008072C3F8E020D3F8E03003F480730893D5
:108E9000089B05F07FFD0FB030BD434B09A9284664
:108EA000D3F8E02042F00102C3F8E020D3F8E0302C
:108EB00003F001030093009B05F06CFD0FB030BD83
:108EC000394B09A92846D3F8E02042F00202C3F842
:108ED000E020D3F8E03003F002030193019B05F09A
:108EE00059FD0FB030BD304B09A92846D3F8E0201A
:108EF00042F00402C3F8E020D3F8E03003F00403AA
:108F00000293029B05F046FD0FB030BD264B09A928
:108F10002846D3F8E02042F00802C3F8E020D3F856
:108F2000E03003F008030393039B05F033FD0FB01B
:108F300030BD1D4B09A92846D3F8E02042F01002AD
:108F4000C3F8E020D3F8E03003F010030493049B4F
:108F500005F020FD0FB030BD134B09A92846D3F80A
:108F6000E02042F02002C3F8E020D3F8E03003F024
:108F700020030593059B05F00DFD0FB030BD0A4B96
:108F800009A92846D3F8E02042F04002C3F8E020C7
:108F9000D3F8E03003F040030693069B05F0FAFC9B
:108FA0000FB030BD1A4631E70044025838B50546C7
:108FB00003F0DAFE0446284603F0DEFE01462046B2
:108FC000BDE8384005F0FCBF70B506460D4603F01D
:108FD000CBFE0446304603F0CFFE2A1E0146204653
:108FE00018BF0122BDE8704005F0F0BF0268002301
:108FF0001221032A70B586B00446CDE9011303930C
:1090000001D804230493201D03F0AEFE0646201D64
:1090100003F0B2FE69460090304605F0BBFCA01D8F
:1090200003F0A2FE0546A01D03F0A6FE69460090CF
:10903000284605F0AFFC06B070BD00BF684A036863
:10904000934200B58DB029D0664A93425CD0664AFF
:10905000934200F09B80654A934201D00DB000BD61
:10906000634B6448D3F8E02042F00202C3F8E020EA
:10907000D3F8E02002F002020A920A9AFFF7B6FF44
:109080005B4BD3F8F42042F08002C3F8F420D3F80D
:10909000F43003F080030B930B9BDFE7544B5648EF
:1090A000D3F8E02042F00202C3F8E020D3F8E02039
:1090B00002F002020192019AFFF798FF4C4B002246
:1090C0001F20D3F8E81041F4001C1146C3F8E8C093
:1090D000D3F8E8C00CF4001CCDF808C0DDF808C0D7
:1090E000D3F8D8C04CF0010CC3F8D8C0D3F8D830AE
:1090F00003F001030393039B04F0EAFB1F200DB070
:109100005DF804EB04F014BC394B3C48D3F8E02084
:1091100042F08002C3F8E020D3F8E02002F08002A1
:109120000492049AD3F8E02042F00202C3F8E0204F
:10913000D3F8E02002F002020592059AFFF756FFED
:109140002B4B00222120D3F8E81041F4800C11466B
:10915000C3F8E8C0D3F8E8C00CF4800CCDF818C010
:10916000DDF818C0D3F8D8C04CF0010CC3F8D8C053
:10917000D3F8D83003F001030793079B04F0A8FB52
:1091800021200DB05DF804EB04F0D2BB1C48FFF7C2
:109190002DFF174B00224820D3F8E8C011464CF4AD
:1091A000000CC3F8E8C0D3F8E8C00CF4000CCDF80C
:1091B00020C0DDF820C0D3F8D8C04CF0010CC3F8B3
:1091C000D8C0D3F8D83003F001030993099B04F009
:1091D0007FFB48200DB05DF804EB04F0A9BB00BF95
:1091E0000054004000580040005C0040001C005843
:1091F00000440258104F0120884C0120604D01208E
:10920000384E01200D4B002210210D484FF0FF0C6D
:109210005A6019801A8180F800C05A611983DA6196
:109220001A84DA6219865A631A875A64C3E90322D8
:10923000C3E90922C3E90F22704700BFE8000020FC
:10924000844C0120EFF3108272B60C4B197809069A
:1092500003D50AB962B67047704700B51B78D820AD
:10926000074983B05BB2019200FB031005F030F8B0
:10927000019A02B962B603B000BD00BF844C012060
:109280009C4C0120014806F0EBBD00BF144D0120AD
:10929000014806F0E5BD00BFEC4D0120014806F095
:1092A000DFBD00BFC44E0120F0B50C68D825414E8B
:1092B00087B004FB05F5032C06EB050303605FDCB8
:1092C000CA68012A5CD857D00F4608689C4649688E
:1092D000BA680DF1180EFB68ACE80F00D822364BC7
:1092E00002FB04613A7C01918CF80020D1F808C09F
:1092F0000FCB0EE90F000EEB8403019ABCF1010FB6
:1093000053F8103CC2F88C3048D0BCF1020F3AD070
:10931000BCF1000F09D103F053F8284B019A984291
:109320000CBF274B274BC2F89030D8233A7C2649F4
:10933000012003FB04F452008C3533199834C3F830
:1093400094200022C3E92602C3F8A020A8190A51DC
:109350000C446260C3F8AC2006F064FB80B901469F
:10936000A81906F08FFD58B90146A81906F0B6FDF8
:10937000003818BF012004E00A7C103A672AA3D9FC
:10938000012007B0F0BD03F01BF80C4B019A984286
:109390000CBF0E4B0E4BC2F89030C6E703F010F82E
:1093A000064B019A98420CBF0A4B0B4BC2F8903007
:1093B000BBE700BF884C01203CA30124000E270717
:1093C0005F4390608A62E030944C0120200BA01033
:1093D0001A0980102D0FB0303211D0202DE9F04144
:1093E000056882B0884616461F4605F18C04204663
:1093F00006F044FD2028FAD1EB687BB94FEA48011A
:109400002046089C3B46324689B2009406F06AFB2F
:10941000003818BF012002B0BDE8F081089B3A4631
:109420003146204606F02CFCF2E700BF044B102228
:109430001A7483F8E82083F8C02183F898227047D3
:10944000884C012010B5002396B04FF4807106229D
:1094500004460D9308921593CDE90E13CDE9103310
:10946000CDE9133302F0AEFF07282DD004F110032D
:1094700041F2883208A91846019307F06DFD28B122
:10948000012384F85C30012016B010BD02220123B4
:109490004FF0100C08A905934FF480030198CDF804
:1094A00010C0CDE902220022CDE9062305224FF0AB
:1094B0008073089202AA119341F2883307F0E2FE0A
:1094C0000028DDD116B010BD032384F85C30DAE744
:1094D00030B50023A7B04FF080724FF4807504467A
:1094E000ADF80E301D932593CDE920320122CDE950
:1094F0001E53CDE923332292002942D0F02200F1FD
:10950000100518ABADF80E20C02041F28832194684
:109510001890284607F020FD28B1012384F85C301C
:10952000012027B030BD41F288320DF10E012846EE
:1095300007F092FD03460028EFD14FF48071052219
:10954000284601250A92102212930F931793049331
:109550000795CDE910139FED1E7B4FF08071CDE98B
:109560001533139141F288330AA9CDE905526A44B3
:109570008DED087B07F086FE0028D2D084F85C5081
:10958000CEE718AB612100F1100541F28832189145
:1095900019462846019307F0DFFC0028BDD141F2AF
:1095A00088320DF10E01284607F0DCFD0028B4D109
:1095B000BDF80E20204622F0780242F04002ADF8BD
:1095C0000E20FFF73FFF019B00289DD0A5E700BFBD
:1095D00000000000000040002DE9F04D0023AAB07B
:1095E0004FF4807501248DF807304FF08078219377
:1095F000074613931B9322951C94CDF89480CDE9D4
:109600002333CDE92643CDE92833CDE91453CDE901
:109610001633CDE9193306230E9302F0D3FE072843
:1096200007D041F288320EA907F1100007F094FC30
:1096300030B1012387F85C3001202AB0BDE8F08DFD
:1096400002234FF0000B4FF4800C08AA0EA907F17B
:1096500010000B94CDF85C80CDE9083310230A93F9
:1096600005230E9341F28833CDE90CBC07F00AFEC6
:109670000028DED141F2883207F110001CA907F062
:109680006BFC0028D5D1402341F288320DF107014F
:1096900007F110008DF8073007F0DEFC0028C8D174
:1096A000402305204FF0000A4FF4800B1C901CA9AA
:1096B00002AA07F110000594CDF89480CDE9023399
:1096C0001023049341F28833CDE906AB07F0DAFDAD
:1096D00003460028ADD10520102213930EA90E9049
:1096E00007F110000A9208AA1B931495CDF85C802C
:1096F0000B94CDE91533CDE91933CDE9083441F2A6
:109700008833CDE90CAB07F0BDFD002895D087F874
:109710005C4091E7000000002DE9F0415E4CA4B0F0
:109720000E46046002F04EFE072800F0A680306866
:1097300025467168B26807C5B389284620F8043BFE
:10974000237B94F80D80019307F0E6FBD8B9019BC9
:109750000126E061012B514BC4E9056623610CBF72
:109760004FF400034FF4801393FAA3F3B3FA83F397
:109770004FF48077013B6762C4E90B00281D236228
:1097800007F04AFB38B1012384F85C3001273846E2
:1097900024B0BDE8F08166230D90159041F2883227
:1097A00008A90893CDE90E70CDE91000CDE91300AA
:1097B000281D07F0D1FB0028E5D1992341F288321A
:1097C00008A9281D089307F0C7FB0028DBD1052353
:1097D0001E901B9002AA16934FF08073239016A937
:1097E0001F9310230596049341F288339FED267B47
:1097F000CDE91C70CDE92100CDE90206281D8DEDD3
:10980000067B07F03FFD0028BDD101992046FFF7F8
:109810005FFE0028B7D12046FFF7DEFE074600288E
:10982000B1D1B8F1000FB2D14FF4807308AA16A9D4
:10983000281D1C93EB231A9716934FF440631D9336
:109840004FF4005319934FF440431E93A0231893F1
:1098500006231B934FF080539FED0D7B23934FF016
:109860004073CDE921771F938DED087B07F09EFDB6
:1098700000288CD084F85C6088E7032384F85C308F
:1098800084E700BFAFF3008000000000000040004C
:109890000000000000000000E84F012000500052CE
:1098A0002DE9F0478CB03E4B0024026800AF9A428D
:1098B000FC62C7E90744C7E9094403D03037BD4615
:1098C000BDE8F087374B40F609213748EA46D3F820
:1098D000D42007F11405354E07F11A0842F48042EE
:1098E000C3F8D420D3F8D42002F480423A603A6816
:1098F000D3F8E02042F04002C3F8E020D3F8E020A3
:1099000002F040027A607A68D3F8E02042F0200248
:10991000C3F8E020D3F8E02002F02002BA60BA6871
:10992000D3F8E02042F01002C3F8E020D3F8E020A2
:1099300002F01002FA60FA68D3F8E02042F0020266
:10994000C3F8E020D3F8E030786103F002033983F4
:109950003B613B6956F8040F03F006FA8146306814
:1099600003F00AFA0223F86107F11C014846C7E92F
:1099700008340323BB6215F8013BFB6205F00AF8CB
:109980004545E7D100225C20114603F0A1FF5C2091
:1099900003F0CEFF3037D546BD46BDE8F08700BFA7
:1099A00000500052004402580A0A0909445001209C
:1099B000114B02689A4200D07047104A70B5D2F835
:1099C000D4300F4C23F4804304F11806C2F8D4308D
:1099D00054F8040F03F0C8F90546206803F0CCF9E9
:1099E0000146284605F0CEF9B442F1D15C20BDE82D
:1099F000704003F0ABBF00BF00500052004402585B
:109A000044500120014807F05BBD00BFF84F012022
:109A1000074B1A1D03F1020C981D03F108019A6609
:109A200003F10A02C3E9183CC3E91B015A677047F6
:109A3000E84F01202DE9F041821D05468AB0031D43
:109A400005F10A010830CDE9052305F10C02AB69E7
:109A5000CDE907010992002B3AD0EF69B7FA87F7F1
:109A60007F090123022205AE4FF006080393CDE9DA
:109A7000012356F8044B2B792278934216D02B6899
:109A8000EBB1012B02D1EAB10A230493204603F083
:109A900073F90090204603F067F9694604F07AFFF5
:109AA0000AAB9E42E5D10AB0BDE8F08169796378DE
:109AB0009942E4D1002FF3D02B68002BE1D1CDF8EF
:109AC0001080E3E76378022B0CBF08230A23DCE74E
:109AD0000127C6E7AE49024603688B4200B58DB048
:109AE00000F08A8020318B4200F08680A9498B42A9
:109AF00004D020318B4201D00DB000BDA64B0092A6
:109B0000D3F8E010A54841F00101C3F8E010D3F804
:109B1000E01001F0010107910799D3F8E01041F03E
:109B20000801C3F8E010D3F8E01001F00801089133
:109B30000899D3F8E01041F04001C3F8E010D3F8E1
:109B4000E01001F0400109910999D3F8F01041F4B7
:109B50000001C3F8F010D3F8F01001F400010A91ED
:109B60000A99FFF767FF8C4B009AD3F8D800D2F818
:109B700000C08B4940F00102D1F85C02C3F8D82044
:109B8000D3F8D83003F001030B93824B0B9A9C451A
:109B900000F0BB80D1F88032013B18BF01239A014D
:109BA000002840F0E1807F4801F22C434FF0580C30
:109BB00001F54771C1F8100100200191009358622E
:109BC000C3E901C24FF4806C4FF48052C3E9030C27
:109BD0005A614FF4804C4FF480721846C3E906C2B4
:109BE0004FF400321A6204F01DF8DDE9003100285C
:109BF00000F0A180FFBEFEE7674B0092D3F8E010B3
:109C0000674841F00101C3F8E010D3F8E01001F01B
:109C1000010102910299D3F8E01041F01001C3F85C
:109C2000E010D3F8E01001F0100103910399D3F88C
:109C3000E01041F04001C3F8E010D3F8E01001F06B
:109C4000400104910499D3F8F01041F48001C3F865
:109C5000F010D3F8F01001F4800105910599FFF799
:109C6000E9FE4D4B009AD3F8D810D2F800E041F04D
:109C70000101DFF81CC14A48C3F8D810E645D3F803
:109C8000D830026803F001030693069B2DD0436A87
:109C9000013B18BF01239901002A5BD1414A4FF0D3
:109CA000580C00F5E873C0F8D02100F1C002002084
:109CB000019200935862C3E901C14FF4806C4FF4E4
:109CC0008051C3E9030C59614FF4804C4FF480710B
:109CD0001846C3E906C14FF40031196203F0A2FF30
:109CE000DDE9003210B3FFBEFEE7036A013B18BF97
:109CF0000123990122BB2C4A4FF0570C00F5AC739D
:109D0000C0F8582100F12802D1E7D1F87C32013B9C
:109D100018BF01239A0188BB234801F56D734FF0EA
:109D2000570C01F52171C1F8300145E7C2E9203334
:109D30009A630DB000BDC1E9203399630DB000BD39
:109D40001A4A4FF0590C00F5AC73C0F8582100F1D5
:109D50002802ACE7164A4FF05A0C00F5E873C0F839
:109D6000D02100F1C002A2E7114801F22C434FF0CC
:109D70005A0C01F54771C1F810011DE70B4801F5B8
:109D80006D734FF0590C01F52171C1F8300113E7E3
:109D900004580140045C014000440258BC520120B8
:109DA000605001202800024010000240580002408C
:109DB00070000240014804F08BBA00BFB851012086
:109DC000014804F085BA00BF30520120014804F078
:109DD0007FBA00BF14540120014804F079BA00BFD3
:109DE0008C5401201A4A0368934200B509D02032EE
:109DF000934206D0174A934215D02032934212D094
:109E000000BD154B0022D3F854E2C3F85822BEF12E
:109E1000000FF5D0D3F84802D3E9931273465DF8EA
:109E200004EB520818470C4B0022D3F8B0E4C3F8F7
:109E3000B424BEF1000FE3D0D3F8AC24D3F8A814B7
:109E4000D3F8A404520873465DF804EB184700BF2A
:109E500004580140045C014060500120184A036826
:109E6000934200B509D02032934206D0154A93425E
:109E700016D02032934213D000BD134BD3E9942E59
:109E80005208C3F85822BEF1000FF5D0D3E9920171
:109E9000734601EB820100EB82005DF804EB18478A
:109EA000094BD3F8AC24D3F8B0E45208C3F8B42477
:109EB000BEF1000FE0D0D3F8A814D3F8A404E7E76C
:109EC00004580140045C0140605001200000000083
:109ED0002DE9F047D1F800C04FF41777764D86B0E2
:109EE00007FB0CF7BCF1010F05EB0708C0F8008079
:109EF00000F39C804FF0000907F512730E460C46E4
:109F000045F803902B44C646C3F80490C8F8509215
:109F100065A3D3E9002366A1D1E90001CDE90223BD
:109F20000DEB8C03CDE904019A681B690092019343
:109F30000FCCAEE80F000FCCAEE80F00009A019BEB
:109F400094E80300C8F828208EE80300C8F8C03061
:109F50003369042B0DD8DFE803F07D87910374008B
:109F60004FF417734BF6803203FB0C539A64C3F81B
:109F7000E020B269316A002A54D000294FF0010272
:109F800014BF032102214FF4177303FB0C53C3E9E1
:109F90000B12F269716A002A4CD1891A18BF01218B
:109FA00070694FF41773022803FB0C53C3E9311295
:109FB00006D8424B13F80090414B53F820309A4694
:109FC0004FF4177300223F4907F1280003FB0CF3FD
:109FD000284403F1380403F1500C03F1D0060A5170
:109FE0000C44626003F1E8042B445A645A6341F85C
:109FF0000C208C44CCF80420DA658A510E4472603F
:10A00000C3F8DC20C3F8CC200A510C4451466260EE
:10A01000C3F8F42002234A4609F0B8FB002837D0E1
:10A02000FFBEFEE7891A18BF0121ACE7012006B088
:10A03000BDE8F08700294FF0010214BF032102217F
:10A04000AEE74FF41773204A03FB0C539A64C3F82E
:10A05000E0208EE74FF417734FF4FA5203FB0C53D2
:10A060009A64C3F8E02084E74FF417734FF47A52F0
:10A0700003FB0C539A64C3F8E0207AE74FF417739C
:10A080004FF4FA4203FB0C539A64C3F8E02070E7E4
:10A0900007F1C00002234A465146284409F076FBE6
:10A0A0000028C4D0FFBEFEE704580140045C014014
:10A0B00024580140245C014060500120D4AB0124AD
:10A0C000C8AB01246450012000770100006870478C
:10A0D00070B5046882B015460E46C4F85032C4E923
:10A0E00092129AB2069BC4F85432A369012B24D071
:10A0F000636A0192012B10D0294604F1C00009F0D7
:10A1000013FC236A019A012B0FD0294604F1280081
:10A1100009F00AFC002002B070BD04F1C00009F093
:10A1200089FC236A019A012BEFD1314604F1280002
:10A1300009F080FC002002B070BD236A0192012B5F
:10A1400010D0294604F1280009F0EEFB636A019A59
:10A15000012B0FD0294604F1C00009F0E5FB0020D7
:10A1600002B070BD04F1280009F064FC636A019A32
:10A17000012BEFD1314604F1C00009F05BFC002057
:10A1800002B070BD03681B69042B05D8044A02EBBA
:10A19000830393ED000A70479FED020A704700BFEA
:10A1A000B4AB012400803B470368D3F858027047E2
:10A1B00030B5002304464FF4806204214FF4403050
:10A1C00083B0364DC4F83821C4F8D410C4F8343103
:10A1D000C4F84C113249C4F8B050C4F82811C4E98D
:10A1E0002F32C4E93133C4E93330C4E93733C4E929
:10A1F0004F33C4E95130C4E95533A2680323C4F88E
:10A20000D830C4F85031042A0AD8DFE802F0032815
:10A210002F36210025222623C4F8B420C4F82C317F
:10A220000022402304F1B005C4F8B8202846C4F841
:10A23000303103F0F7FC08B1FFBEFEE704F594737C
:10A240001846019303F0EEFC019BE8B1FFBEFEE768
:10A2500055225623C4F8B420C4F82C31E0E7272255
:10A260002823C4F8B420C4F82C31D9E73D223E237A
:10A27000C4F8B420C4F82C31D2E753225423C4F8D4
:10A28000B420C4F82C31CBE704F12802C4E9283506
:10A29000C4F8E820C4F8602103B030BD4004024097
:10A2A000580402402DE9F84F06468A4693461D465B
:10A2B00000F1280420460AF023FC0128FAD1304698
:10A2C000FFF776FFEFF31083994672B6DFF85880F8
:10A2D00096F90830124F88F800300A9B114E3B6007
:10A2E0000B9B33600DB11846A8471FFA8BF25146FD
:10A2F000204609F073FF28B9B9F1000F00D162B60A
:10A30000BDE8F88F00233B603360FF2388F80030FE
:10A310000A9B13B101210B9898470120ECE700BF7D
:10A320001C55012018550120205501202DE9F84F1A
:10A3300006468A4693461D4600F1280420460AF048
:10A34000DFFB0128FAD13046FFF732FFEFF310832D
:10A35000994672B6DFF8588096F90830124F88F89F
:10A3600000300A9B114E3B600B9B33600DB11846C9
:10A37000A8471FFA8BF2514620460AF0D5F828B9B3
:10A38000B9F1000F00D162B6BDE8F88F00233B6041
:10A390003360FF2388F800300A9B13B101210B982A
:10A3A00098470120ECE700BF1C55012018550120FB
:10A3B000205501202DE9F84F0546894692469B46D7
:10A3C00000F1280420460AF09BFB0128FAD1284618
:10A3D000FFF7EEFEEFF31083984672B695F908305A
:10A3E000124D134F2B700B9B124E3B600C9B336036
:10A3F0000A9B0BB10C9898471FFA8BF34A465146BB
:10A40000204609F097FF28B9B8F1000F00D162B6D5
:10A41000BDE8F88F00233B603360FF232B700B9B5C
:10A4200013B101210C9898470120EDE72055012038
:10A430001C55012018550120F0B5002102240269A5
:10A4400089B00346806805918500CDE9034132F06B
:10A45000020414BF0C460124D968023A18BF012235
:10A4600011B9214614460A46196A0F4619780B2974
:10A4700011D199780B2900D06ABB1A790B2A01D027
:10A48000002C59D199790B2902D0002F40F08380FC
:10A49000002009B0F0BD754893F801E050F82500A0
:10A4A00090F800C0BCF10B0F02D0614500F08C8029
:10A4B00090F803C0BCF10B0F02D0614500F09C8006
:10A4C00090F806C0614503D1BCF10B0F40F09B80B2
:10A4D000012009B0F0BD681C644A93F803C052F82B
:10A4E000202010780B2802D0814200F09280D07892
:10A4F0000B2802D0814200F0A98090798142E7D1F7
:10A500000B28E5D0D1796145E2D1063292780193EA
:10A5100006929A1C1046009202F026FC064600980D
:10A5200002F02AFC02A90290304604F033FA019BA3
:10A530001A790B2AA4D1A5E7A81C4C495C7951F8DB
:10A54000201008780B2801D0824267D0C8780B28E9
:10A5500002D0824200F0848088790B28B8D08242F1
:10A56000B6D1CA79A242B3D106311C1D8A780093B4
:10A570002046069202F0F8FB0646204602F0FCFB5D
:10A5800002A90290304604F005FA009B99790B2944
:10A590007FF47BAF7CE73548EA1CDC7950F8222059
:10A5A00010780B2801D0814256D0D0780B2801D0EA
:10A5B000814237D090790B288AD0814288D1D179D5
:10A5C000A14285D1063231E090F801C0F4457FF414
:10A5D0006FAF8178184601920093069102F0C4FB98
:10A5E0000646009802F0C8FB02A90290304604F02B
:10A5F000D1F9DDE900323CE790F804C0F4457FF47E
:10A600005FAF0330E5E7C17971457FF461AF063094
:10A61000DFE7507860457FF46AAF77E74878A0427B
:10A6200094D1A2E71079A042C4D103329D1D927843
:10A630002846069202F098FB0446284602F09CFB4E
:10A6400002A90290204604F0A5F921E7107960459F
:10A650007FF453AF033259E75078A042A5D1E5E724
:10A660000879A0427FF478AF03317EE7FCAB012488
:10A67000654A0368934200F0B980A2F5784293429C
:10A6800000F0B68002F58062934200F0B38002F5DC
:10A690007842934200F0B08002F5E052934200F01D
:10A6A000AD805A4A934240F0AB8005234FF4D071FD
:10A6B00010B501FB03F3564C86B0E05C1C4402F07D
:10A6C00063FBA07802F060FB207902F05DFBA079CB
:10A6D00002F05AFBA368052B19D8DFE803F02F45D9
:10A6E0005B7103214B4B00225520D3F8F01041F44D
:10A6F0008011C3F8F0101146D3F8F03003F4801342
:10A700000493049B03F0E4F8552003F011F920466C
:10A71000FFF792FE012801D006B010BDFFBEFEE794
:10A720003C4BD3F8F42042F02002C3F8F420D3F8D5
:10A73000F43003F020030593059BE8E7354B002236
:10A740002320D3F8F01041F48051C3F8F0101146E3
:10A75000D3F8F03003F480530093009B03F0B8F873
:10A76000232003F0E5F8D2E72A4B00222420D3F877
:10A77000E81041F48041C3F8E8101146D3F8E830FE
:10A7800003F480430193019B03F0A2F8242003F01B
:10A79000CFF8BCE71F4B00223320D3F8E81041F478
:10A7A0000041C3F8E8101146D3F8E83003F4004341
:10A7B0000293029B03F08CF8332003F0B9F8A6E76C
:10A7C000144B00225420D3F8F01041F40051C3F888
:10A7D000F0101146D3F8F03003F400530393039BB9
:10A7E00003F076F8542003F0A3F890E700235DE728
:10A7F00001235BE7022359E7032357E7042355E7C7
:10A8000000231B78FFDE00BF003001400014005819
:10A8100088550120004402589FED137B144B002201
:10A82000012114481A819A84A3F84020A3F85C20DF
:10A8300083ED007BC3E90322C3E90521C3E90722B5
:10A8400083ED0A7BC3E90C2183ED0E7B83ED187B3E
:10A85000C3E91122C3E91321C3E91522C3E91A216F
:10A86000FF230370704700BF0000000000000000DD
:10A870003001002020550120014809F0DBBF00BF56
:10A88000B0550120014809F0D5BF00BF5057012045
:10A89000014809F0CFBF00BFF0580120014809F07E
:10A8A000C9BF00BF905A0120014809F0C3BF00BFD3
:10A8B000305C0120EFF3108272B60C4B1978090658
:10A8C00003D50AB962B67047704700B51B784FF4DC
:10A8D000D070074983B05BB2019200FB031003F014
:10A8E000F7FC019A02B962B603B000BD2055012001
:10A8F00038560120EFF3108272B60C4B1978090616
:10A9000003D50AB962B67047704700B51B784FF49B
:10A91000D070074983B05BB2019200FB031003F0D3
:10A92000D7FC019A02B962B603B000BD20550120E0
:10A93000B05601202DE9F04184B0EFF31083984622
:10A9400072B6274AFF21274C1368217023B10021DA
:10A950001160254A1068984723781B061BD5234EA3
:10A960000025234C216881B1606870B1A3692289F8
:10A97000012B6769D4E903CE20D09BB963463046EA
:10A98000CDE900E7FFF7D2FC08B301351C3406F52A
:10A99000D076042DE6D1B8F1000F00D162B604B034
:10A9A000BDE8F0811346CDF800C002463046CDE93F
:10A9B00001E7FFF7FFFC0028E7D108E00146634606
:10A9C0003046CDE900E7FFF76DFC0028DDD1C5EB8F
:10A9D000C505074A02EB850342F825005860DAE70F
:10A9E0001C550120205501201855012088550120B3
:10A9F000300100202DE9F04184B0EFF31083984638
:10AA000072B6274AFF21274C1368217023B1002119
:10AA10001160254A1068984723781B061BD5234EE2
:10AA20000025234C216881B1606870B1A369228937
:10AA3000012B6769D4E903CE20D09BB96346304629
:10AA4000CDE900E7FFF772FC08B301351C3406F5C9
:10AA5000D076042DE6D1B8F1000F00D162B604B073
:10AA6000BDE8F0811346CDF800C002463046CDE97E
:10AA700001E7FFF79FFC0028E7D108E001466346A5
:10AA80003046CDE900E7FFF70DFC0028DDD1C5EB2E
:10AA9000C505074A02EB850342F825005860DAE74E
:10AAA0001C550120205501201855012088550120F2
:10AAB000300100202DE9F04184B0EFF31083984677
:10AAC00072B6274AFF21274C1368217023B1002159
:10AAD0001160254A1068984723781B061BD5234E22
:10AAE0000025234C216881B1606870B1A369228977
:10AAF000012B6769D4E903CE20D09BB96346304669
:10AB0000CDE900E7FFF712FC08B301351C3406F568
:10AB1000D076042DE6D1B8F1000F00D162B604B0B2
:10AB2000BDE8F0811346CDF800C002463046CDE9BD
:10AB300001E7FFF73FFC0028E7D108E00146634644
:10AB40003046CDE900E7FFF7ADFB0028DDD1C5EBCE
:10AB5000C505074A02EB850342F825005860DAE78D
:10AB60001C55012020550120185501208855012031
:10AB7000300100202DE9F04184B0EFF310839846B6
:10AB800072B609F02BF9284A284CFF21136821706E
:10AB90002BB1002111600121254A106898472378C4
:10ABA0001B061BD5234E0025234C216881B160680C
:10ABB00070B1A3692289012B6769D4E903CE20D043
:10ABC0009BB963463046CDE900E7FFF7AFFB08B31A
:10ABD00001351C3406F5D076042DE6D1B8F1000F0E
:10ABE00000D162B604B0BDE8F0811346CDF800C0D4
:10ABF00002463046CDE901E7FFF7DCFB0028E7D14C
:10AC000008E0014663463046CDE900E7FFF74AFB1E
:10AC10000028DDD1C5EBC505074A02EB850342F8E4
:10AC200025005860DAE700BF1C550120205501209F
:10AC30001855012088550120300100202DE9F047EA
:10AC40008E684FF4D074484F8C4606FB04F4052EF2
:10AC500007EB04050560AE46BCE80F00AEE80F0048
:10AC6000BCE80F00AEE80F009CE803008EE803008C
:10AC70006FD8EB68002B6FD0012B6AD100254FF401
:10AC8000D07303FB06731A69032A62D85869011F3F
:10AC90001C295ED89969002961D0012959D14FF04A
:10ACA00000784FF4D07303FB0673DB69002B58D098
:10ACB000012B4ED14FF080794FF4D07E0EFB06FE73
:10ACC00007EB0E0CDCF82010022942D8DCF8243007
:10ACD000072B3ED81B0701385204CCF82C50CCF877
:10ACE0004430224BCCF8302053F82130CCF83400DB
:10ACF00004F12800CCF840300EF148041C4B0EF152
:10AD0000780E1C4A384453F82630A118CCF8283065
:10AD10000023CCE90E89CCF8483013514FF00044A1
:10AD20004B604FF08041CCF85430CCF85C100EEB07
:10AD30000201CCF87830CCE91833CCE91A33CCE9ED
:10AD40001C3342F80E404B6009F048F810B1FFBECA
:10AD5000FEE70120BDE8F0874FF480058FE78846C5
:10AD60009FE79946A8E700BF88550120D8AB01248A
:10AD7000E4AB01248C550120006892B208B528305C
:10AD800009F0ECF8003818BF012008BD00000000F1
:10AD90005B49082202235B48DFF8B8C19FED567B70
:10ADA00030B5C1F89426C1F83428DFF8ACE14A6127
:10ADB000C1F8B421C1F85423C1F8F42401F50462A8
:10ADC000C1F8A436C1F844384F4C4B62C1F8C431C5
:10ADD000C1F86433C1F804359EF802304B4D23723C
:10ADE0002B728CF805308CF8083002ED027BBEF82F
:10ADF0000020E280464CEA80E2802372454CACF8A9
:10AE00000320E280237201F5A064ACF80620424DD5
:10AE100081EDD67B81ED067B81ED6E7B01F5D46102
:10AE200004ED027B3D4CC2800372A0F80320437105
:10AE30003B48E2802372C2803A4C0372A4F803209C
:10AE40006371E2802372A5F803206B71EA802B7294
:10AE500001ED027BDEF80010080C2180A070324C5E
:10AE60002180A070A4F803206371E28023722F4C2C
:10AE70002180A070A4F803206371E28023722C4C1F
:10AE80002180A070A4F803206371E2802372294C12
:10AE90002180A070A4F803206371E2802372264C05
:10AEA0002180A070A4F803206371E2802372234CF8
:10AEB0002180A070A4F803206371E2802372204CEB
:10AEC00021802049A070A4F803201F486371E2800C
:10AED0002372A1F803201D4C4B71CA800B721C49D0
:10AEE000E2802372C2800372A1F803204B71CA80F2
:10AEF0000B7230BDAFF300800000000000000000C6
:10AF000088550120F40100203C020020540200205A
:10AF10003002002018020020D0010020E8010020AB
:10AF2000DC010020785501206C550120605501207E
:10AF300054550120485501203C5501203055012031
:10AF400024550120C4010020AC010020B8010020DC
:10AF5000A0010020240200205CAC0124204B0268E8
:10AF60000169F0B5D3F88C5083B0C368ADB25D1BF6
:10AF7000B2B1A94214D082680446174602EB010020
:10AF800010D2691ACDE9000100F0BEFF0023DDE90F
:10AF90000001D4E90062B047E3682561AB421AD0F2
:10AFA00003B0F0BD591ACDE9001000F0ADFF002349
:10AFB000D4E90062DDE90010B0472946384600F0C8
:10AFC000A3FF00233846626829462668B047E36835
:10AFD0002561AB42E4D10023236103B0F0BD00BF83
:10AFE000000002402DE9F0470446884691461E467F
:10AFF00000F13405284609F0C9FF2028FAD10023C2
:10B00000C4E93233C4E93533C4F8DC30C4F8E43081
:10B01000C4F84431C4F85431C4F85C31C4E9533342
:10B020004FF48063C4F8D030C4F848314FF4403353
:10B03000C4F8E030C4F85831414BC4F8C03003F5CF
:10B040007A73C4F838314023C4F84031E369072BE0
:10B050000BD8DFE803F00460444B5259676E292394
:10B06000C4F8C4302A23C4F83C3104F59C77384630
:10B0700002F0D8FD08B1FFBEFEE7C4F8A870C4F81E
:10B080007051EFF310839A4672B62E4A94F91C3031
:10B090002D4F1370089B2D4C3B60099B23600EB114
:10B0A0001846B0471FFA89F24146284609F02CFDA0
:10B0B00028B9BAF1000F00D162B6BDE8F087FF23CE
:10B0C000204A137000233B602360089B13B10121C9
:10B0D000099898470120BAF1000FEED1ECE72D2333
:10B0E000C4F8C4302E23C4F83C31BEE73F23C4F873
:10B0F000C4304023C4F83C31B7E74123C4F8C4301E
:10B100004223C4F83C31B0E74723C4F8C430482395
:10B11000C4F83C31A9E72B23C4F8C4302C23C4F86D
:10B120003C31A2E74F23C4F8C4305023C4F83C316B
:10B130009BE75123C4F8C4305223C4F83C3194E750
:10B1400088000240505F01204C5F0120485F0120D1
:10B150002DE9F0470446884691461E4600F1340525
:10B16000284609F013FF2028FAD10023C4E932331E
:10B17000C4E93533C4F8DC30C4F8E430C4F84431F1
:10B18000C4F85431C4F85C31C4E953334FF48063DC
:10B19000C4F8D030C4F848314FF44033C4F8E0303C
:10B1A000C4F85831414BC4F8C03003F57A73C4F881
:10B1B00038314023C4F84031E369072B0BD8DFE86E
:10B1C00003F00460444B5259676E2923C4F8C4301D
:10B1D0002A23C4F83C3104F1C007384602F022FDAE
:10B1E00008B1FFBEFEE7C4F8AC70C4F8F850EFF346
:10B1F00010839A4672B62E4A94F91C302D4F137064
:10B20000089B2D4C3B60099B23600EB11846B0474C
:10B210001FFA89F24146284609F0C2FC28B9BAF162
:10B22000000F00D162B6BDE8F087FF23204A1370FB
:10B2300000233B602360089B13B1012109989847C4
:10B240000120BAF1000FEED1ECE72D23C4F8C43091
:10B250002E23C4F83C31BEE73F23C4F8C43040235A
:10B26000C4F83C31B7E74123C4F8C4304223C4F8E2
:10B270003C31B0E74723C4F8C4304823C4F83C311C
:10B28000A9E72B23C4F8C4302C23C4F83C31A2E72F
:10B290004F23C4F8C4305023C4F83C319BE75123FA
:10B2A000C4F8C4305223C4F83C3194E7880002400B
:10B2B000505F01204C5F0120485F0120F0B585B050
:10B2C000EFF3108672B6002947D1FF23254A264C9A
:10B2D0002370136823B100201060244A1068984737
:10B2E00023781B0626D5224F0025224C05E0013588
:10B2F0001C3407F5D877092D1CD0A369012B1DD06C
:10B30000002BF4D1216838460029F0D02269E36887
:10B31000039262690192039A00922289FFF718FF53
:10B320000028E4D1C5EBC505124A02EB850342F8BB
:10B330002500586006B962B605B0F0BD6168002905
:10B34000D5D063693846019323690093E368228965
:10B35000FFF748FE0028CAD1E4E703910AF010FB8A
:10B360000399B2E74C5F0120505F0120485F012044
:10B37000885F012060020020F0B50346002189B0FB
:10B3800002201A7E05910B2ACDE90301D9694FEA03
:10B390004104264625D1997E0B2902D1002009B00F
:10B3A000F0BDDFF844C1721C4E485CF8222090F8D2
:10B3B00000C092F800E0DC7EF445264668D0714576
:10B3C0007CD092F803E0F44573D0714500F08280A0
:10B3D00092F806E0E64577D0714534D0012009B0F7
:10B3E000F0BD41493F4851F8241090F800C091F851
:10B3F00000E05D7EF4452F463AD072453ED091F88C
:10B4000003E0F4453FD072454DD091F806E0E645A3
:10B4100043D07245E2D1CA79BA42DFD1063103F195
:10B4200018028978019310460092069101F09CFC65
:10B430000446009801F0A0FC02A90290204603F007
:10B44000A9FA019BA7E7D179B142C7D106321A33D5
:10B45000927818460093069201F086FC0446009804
:10B4600001F08AFC02A90290204603F093FA95E7C6
:10B470004C784578AC42C2D07245C0D191F801E019
:10B48000BE45BCD1CBE70C794578AC42BBD1BCE71B
:10B4900044785578AC4292D193E7407891F807C050
:10B4A0008445B6D19AE791F804E0BE45ADD10331A9
:10B4B000B5E714794578AC4287D189E792F801E085
:10B4C000B6457FF47EAFC2E7407892F807C0844566
:10B4D00082D183E792F804E0B6457FF479AF033276
:10B4E000B5E700BF4C0400205C0300207F4A0368DE
:10B4F000934230B58FB000F0E580A2F54C42934204
:10B5000000F0E28002F58062934200F0DF8002F5F5
:10B510008062934200F0DC8002F58062934200F08A
:10B52000DB8002F54442934200F0D480A2F51C4235
:10B53000934200F0D38002F58062934200F0D08005
:10B540006B4A934240F0CE8008256A4A4FF4D87384
:10B5500003FB0524A07E01F017FC207E01F014FC03
:10B56000E269082A13D8DFE802F04B596775839126
:10B570009F053D00604AD2F8E81041F00041C2F852
:10B58000E810D2F8E82002F000420792079A20461D
:10B59000FFF7F2FE012801D1FFBEFEE74FF4D8739A
:10B5A000544ADFF858E10DF1240C03FB0524E3694C
:10B5B0000DEB4305BEE80F00ACE80F00DEF80030ED
:10B5C0000022ACF800301146B5F9240002F080F9F1
:10B5D000E3690DEB4303B3F924000FB0BDE830403D
:10B5E00002F0A6B9444AD2F8F41041F00801C2F8BA
:10B5F000F410D2F8F42002F008020892089AC6E784
:10B600003D4AD2F8F01041F01001C2F8F010D2F823
:10B61000F02002F010020092009AB8E7364AD2F801
:10B62000E81041F40031C2F8E810D2F8E82002F442
:10B6300000320192019AAAE72F4AD2F8E81041F4A9
:10B640008021C2F8E810D2F8E82002F480220292A9
:10B65000029A9CE7284AD2F8E81041F40021C2F887
:10B66000E810D2F8E82002F400220392039A8EE751
:10B67000214AD2F8E81041F48011C2F8E810D2F85B
:10B68000E82002F480120492049A80E71A4AD2F861
:10B69000F01041F02001C2F8F010D2F8F02002F0D2
:10B6A00020020592059A72E7134AD2F8E81041F099
:10B6B0008041C2F8E810D2F8E82002F080420692F9
:10B6C000069A64E7002540E701253EE702253CE7AE
:10B6D00003253AE7052538E7042536E7062534E74C
:10B6E000072532E700239B7EFFDE00BF00100140EC
:10B6F000000C0058885F0120004402584CA301242C
:10B700009FED297B2A4B002201212A484FF0FF0C94
:10B710001A819A84A3F84020A3F85C20A3F878202B
:10B72000C3F88C2080F800C083ED007BC3E90322BE
:10B73000C3E90521C3E9072283ED0A7BC3E90C2194
:10B7400083ED0E7BC3E91122C3E91321C3E915225E
:10B7500083ED187BC3E91A2183ED1C7BC3E91F220B
:10B76000C3E92121C3F89020A3F89420A3F8B020C6
:10B77000A3F8CC20A3F8E82083ED267BC3E9282199
:10B7800083ED2A7BC3E92D22C3E92F21C3E93122AE
:10B7900083ED347BC3E9362183ED387BC3E93B225B
:10B7A000C3E93D21704700BF000000000000000019
:10B7B00060020020505F0120094808B509F0C2FA74
:10B7C0000848037D1BB1436BDB69DB0600D408BD71
:10B7D000FFF7C4FB03481022436B1A6208BD00BF89
:10B7E000BC5F0120885F012008B50B4809F0AAFA68
:10B7F0000A4B93F8C42122B1D3F8E421D269D206CE
:10B8000000D408BD03F5D870FFF7A8FB034B102246
:10B81000D3F8E4311A6208BD6C610120885F012011
:10B8200008B50B4809F08EFA0A4B93F8742322B13D
:10B83000D3F89423D269D20600D408BD03F558701A
:10B84000FFF78CFB034B1022D3F894331A6208BD28
:10B850001C630120885F012008B50B4809F072FACB
:10B860000A4B93F8242522B1D3F84425D269D20695
:10B8700000D408BD03F5A260FFF770FB034B102254
:10B88000D3F844351A6208BDCC640120885F0120DA
:10B8900008B50B4809F056FA0A4B93F8D42622B1A2
:10B8A000D3F8F426D269D20600D408BD03F5D860D7
:10B8B000FFF754FB034B1022D3F8F4361A6208BD8D
:10B8C0007C660120885F012008B50B4809F03AFA30
:10B8D0000A4B93F8842822B1D3F8A428D269D2065F
:10B8E00000D408BD03F50760FFF738FB034B1022B7
:10B8F000D3F8A4381A6208BD2C680120885F0120A3
:10B9000008B50B4809F01EFA0A4B93F8342A22B105
:10B91000D3F8542AD269D20600D408BD03F52260B8
:10B92000FFF71CFB034B1022D3F8543A1A6208BDF0
:10B93000DC690120885F012008B50B4809F002FA94
:10B940000A4B93F8E42B22B1D3F8042CD269D20627
:10B9500000D408BD03F53D60FFF700FB034B102248
:10B96000D3F8043C1A6208BD8C6B0120885F01206B
:10B9700008B50B4809F0E6F90A4B93F8942D22B16B
:10B98000D3F8B42DD269D20600D408BD03F55860AF
:10B99000FFF7E4FA034B1022D3F8B43D1A6208BD56
:10B9A0003C6D0120885F0120EFF3108272B60C4BD2
:10B9B0001978090603D50AB962B67047704700B511
:10B9C0001B784FF4D870074983B05BB2019200FB3B
:10B9D000031002F07DFC019A02B962B603B000BD0B
:10B9E000505F012048600120EFF3108272B60C4BCB
:10B9F0001978090603D50AB962B67047704700B5D1
:10BA00001B784FF4D870074983B05BB2019200FBFA
:10BA1000031002F05DFC019A02B962B603B000BDEA
:10BA2000505F0120C06001200021FFF747BC00BF2C
:10BA3000214A036893422BD0A2F54C42934229D06D
:10BA400002F58062934227D002F58062934225D0AE
:10BA500002F58062934223D002F54442934221D002
:10BA6000A2F51C4293421FD002F5806293421DD082
:10BA7000124A93421CD108224FF4D871104B01FB9B
:10BA80000233197D11B11846FFF768BAFFF716BCEB
:10BA90000022F1E70122EFE70222EDE70322EBE7C4
:10BAA0000422E9E70522E7E70622E5E70722E3E7C4
:10BAB00000231B7DFFDE00BF00100140000C00587A
:10BAC000885F0120204A0368934229D0A2F54C42A6
:10BAD000934227D002F58062934225D002F580621E
:10BAE000934223D002F58062934221D002F5444272
:10BAF00093421FD0A2F51C4293421DD002F58062F2
:10BB000093421BD0114A93421AD1082310484FF494
:10BB1000D87202FB0300037D03B97047FFF71EBA1A
:10BB20000023F3E70123F1E70223EFE70323EDE727
:10BB30000423EBE70523E9E70623E7E70723E5E727
:10BB400000231B7DFFDE00BF00100140000C0058E9
:10BB5000885F01200121FFF7B1BB00BF2DE9F04153
:10BB6000D1F804804FF4D874314F8E4604FB08F4AA
:10BB70000E46B8F1080F04EB0705056005F1180C37
:10BB8000BEE80F00ACE80F009EE807008CE8070055
:10BB900002D86B6A022B02D90120BDE8F0812A6A23
:10BBA000032AF9D8A86A0228F6D8D5F82CC0BCF127
:10BBB000020FF1D8B16901301E4E8000A96356F81A
:10BBC000233004F14001A86407F10C006B6404F118
:10BBD0003406194B3C4453F8223001222B64174B96
:10BBE00053F82C30EB63164B53F828306B6300236B
:10BBF00043500144F0194B606B650023C4E91623E0
:10BC000009F0BEFE0028C7D10146F01909F012FF65
:10BC10000028C1D10146F01909F05CFF0028BBD112
:10BC2000F01909F0E7FE0028B6D12875B5E700BF86
:10BC3000885F01207CAC01246CAC012460AC012441
:10BC400088AC0124000000005D4B012147F6122260
:10BC50005C48DFF89CC19FED587B00B5C3F8B02D60
:10BC6000C3F84025C3F8F026C3F8A028C3F8502A2B
:10BC7000C3F8002CC3F8AC1DDFF878E1C3F83C151D
:10BC8000C3F8EC16C3F89C18C3F84C1AC3F8FC1B95
:10BC9000C3E90B12C3E97712C3E9E31203F5A66205
:10BCA000018882ED007B8278AEF806108EF80820BD
:10BCB00003F5DC6EACF806108EED007B03F5096E23
:10BCC0008EED007B03F5246E83ED087B83ED747BA2
:10BCD00083EDE07B8EED007B03F53F6E03F55A6349
:10BCE0008EED007B83ED007B8CF80820364BDFF86F
:10BCF00008C10068A3F803105A71D9801A72ACF811
:10BD00000310324B8CF80520ACF806108CF8082094
:10BD1000DFF8E8C0A3F803105A71D9801A72ACF8A2
:10BD200003102B4B8CF80520ACF806108CF808207B
:10BD30004FEA104CA3F8031018805A71D9801A7278
:10BD400083F802C0234BDFF8B8E0A3F803105A7160
:10BD5000D9801A72204BAEF80610A3F803108EF8A3
:10BD600008205A71D9801A721C4B1880A3F803104E
:10BD70005A71D9801A7283F802C0194B1880A3F83F
:10BD800003105A71D9801A7283F802C0154B1880BB
:10BD9000A3F8031014485A71D9801A7283F802C0AC
:10BDA000124BA0F803104271C1800272A3F8031075
:10BDB0005A71D9801A7200BD010000000000000015
:10BDC000885F01204C0400201C0400200404002093
:10BDD000785F0120C8030020BC0300206C5F0120B5
:10BDE000605F0120545F0120B0030020A403002005
:10BDF0003404002040040020280400201004002007
:10BE0000E00300203F4B00220B20D3F8D8C011469E
:10BE10004CF0010C00B583B0C3F8D8C0D3F8D8C03B
:10BE20000CF0010CCDF800C0DDF800C0D3F8D8C08C
:10BE30004CF0020CC3F8D8C0D3F8D83003F002039A
:10BE40000193019B01F044FD0B2001F071FD0022E4
:10BE50000C20114601F03CFD0C2001F069FD002290
:10BE60000D20114601F034FD0D2001F061FD00228E
:10BE70000E20114601F02CFD0E2001F059FD00228C
:10BE80000F20114601F024FD0F2001F051FD00228A
:10BE90001020114601F01CFD102001F049FD002288
:10BEA0003C20114601F014FD3C2001F041FD002230
:10BEB0001120114601F00CFD112001F039FD002286
:10BEC0003820114601F004FD382001F031FD002238
:10BED0003920114601F0FCFC392001F029FD002237
:10BEE0003A20114601F0F4FC3A2001F021FD002235
:10BEF0003B20114601F0ECFC3B2003B05DF804EB65
:10BF000001F016BD004402582031BFF34F8F0029C5
:10BF100009DD20F01F00064A0144C2F85C0220300F
:10BF20000B1A002BF9DCBFF34F8FBFF36F8F7047F5
:10BF300000ED00E008B501F031F8BDE8084001F07F
:10BF40007FBD00BF064808B503680BB103F042F897
:10BF5000044803681BB1BDE8084004F0A3B808BD5D
:10BF6000D8980120C88E0120064808B503680BB197
:10BF700003F030F8044803681BB1BDE8084004F042
:10BF800091B808BDD8980120C88E0120064808B590
:10BF900003680BB103F01EF8044803681BB1BDE849
:10BFA000084004F07FB808BDD8980120C88E012051
:10BFB000364BDA6A520062D59A6A9A6A9A6A9B6A22
:10BFC000180600D500BE314B9B6A990600D500BE0D
:10BFD0002E4B9B6ADA0600D500BE2C4B9B6A1B07D2
:10BFE00000D500BE294B9B6A980700D500BE274BA1
:10BFF0009B6AD90700D500BE244B9B6A1A0400D562
:10C0000000BE224B9B6A9B0400D500BE1F4B9B6A5F
:10C01000D80400D500BE1D4B9B6A190500D500BE93
:10C020001A4B9B6A5A0500D500BE184B9B6A9B05AC
:10C0300000D500BE154B9B6AD80500D500BE134B3A
:10C040009B6A990100D500BE104B9B6ADA0100D5AE
:10C0500000BE0E4B9B6A1B0300D500BE0B4B9B6AB8
:10C06000580300D500BE094B9B6A990300D500BE5A
:10C07000064B9B6ADA0306D400BE00BEFEE7DB6A0D
:10C080009B07FAD5F8E700BEF6E700BF00ED00E039
:10C0900000F090BF00F094BF0A4B9B6803F1784317
:10C0A000B3F5003F0BD3084B986848B19868012856
:10C0B00006D09868022803D09868032070470120B2
:10C0C000704700BF00ED00E0000080382DE9F0412E
:10C0D000CEB004464C2200210AA80CF02BFF2022EF
:10C0E000002102A80CF026FFBC2200211EA80CF0A3
:10C0F00021FF022004F08AFD2368012B51D0524910
:10C10000002202250192C86A504A20F00100C8624C
:10C11000C820C96A01F001010191916941F44041CF
:10C120009161926902F440420192019B474A9369EE
:10C130009904FCD546490224002201268B6A4FF05F
:10C140000408082723F0030323438B62052316907A
:10C150000AA818934FF48033109617941994CDF8C9
:10C1600054801A97CDE91B222122CDE91344CDE951
:10C170000A2305F0C9FA00B1FEE7402329463F2211
:10C180004FF480650993049002A805970895CDE9BE
:10C1900006330323CDE9022305F0D2FD0346C8B1DF
:10C1A000FEE72A4900226B46042500928869264A48
:10C1B00040F440408861F020896901F440410091D9
:10C1C000D16A41F00101D162D26A02F0010200920B
:10C1D0001B68ABE74FF480324FF4805122941EA8C5
:10C1E00046922F943394062435912197CDF8A88058
:10C1F0002C951F962396CDE92531CDE93032CDE936
:10C200002D3300224FF48071CDE93B334FF44013BE
:10C2100043911021CDE93E2340F22712802329913A
:10C22000249334930C23CDE92742202220932B9290
:10C23000084A1E9205F0CCFF00B1FEE704F00CFDA9
:10C240004EB0BDE8F08100BF00040058004802581D
:10C25000004402580F130F0370B584B0012401F09D
:10C260009DFB4FF480764FF04052194B6846ADF875
:10C270000040019200250293039601F0ADFB1923C3
:10C2800068468DF80F408DF808304FF04043ADF808
:10C290000D6001938DF801408DF80A5001F09CFB70
:10C2A00002230B2268468DF80F508DF801304FF0B5
:10C2B00062538DF808200193ADF80D408DF80A40C7
:10C2C00001F08AFB042001F077FB04B070BD00BFD1
:10C2D0000E00010330B50C46054685B0D1E90001DA
:10C2E00085E8030000F024FEA379A3B3FFF78AFDDD
:10C2F000FCF788FFFEF790FAFFF702FA23798BBB71
:10C3000063799BB1BFF34F8FBFF36F8F2A4B00222E
:10C31000C3F85022BFF34F8FBFF36F8F5A6942F4B7
:10C3200000325A61BFF34F8FBFF36F8F4FF0FF3270
:10C330000023002400256946204802928DF80C3025
:10C34000CDE900450BF0CCFB1C480BF02BFC0BF0AF
:10C35000A3FA05B030BD2846FFF7B8FE2846FFF720
:10C360007BFFC3E714480023C0F88430BFF34F8F2E
:10C37000D0F8803043F6E075C3F34E3CC3F3C90EEA
:10C380004FEA4C1C0CEA0501734641EA8372013BFB
:10C39000C0F860225A1CF8D1ACF1200C1CF1200F1F
:10C3A000F0D1BFF34F8F436943F480334361BFF350
:10C3B0004F8FBFF36F8FA3E700ED00E0B86E012051
:10C3C00005F0EABD1C4B9B6803F17842B2F5003FD3
:10C3D00025D3B3F5803F20D303F16042B2F5003F8F
:10C3E0001FD303F15C42B2F5002F1CD303F170425E
:10C3F000B2F5902F19D303F14842B2F5803F16D31E
:10C4000003F18042B2F1806F13D303F1E043B3F53F
:10C41000000F34BF0720082070470120704700201C
:10C4200070470220704703207047042070470520A2
:10C4300070470620704700BF00ED00E0014B00226E
:10C440001A607047B86E0120704700BF0020704727
:10C4500038B504460D46074821460AF0B3FC0548A6
:10C460000AF0D2FC044B204629461B68984700205E
:10C4700038BD00BFFC440120C06E012038B5044621
:10C480000D46074821460AF09DFC05480AF0BCFC11
:10C49000044B204629461B689847002038BD00BF42
:10C4A00098470120BC6E012000220949094808B5BF
:10C4B0000AF07EFC084907480AF084FC074B1A681A
:10C4C0000AB1002008BD064A00201A6008BD00BF5E
:10C4D000C47E0120FC440120C4860120C06E0120DE
:10C4E00049C4002400220949094808B50AF060FC43
:10C4F000084907480AF066FC074B1A680AB1002091
:10C5000008BD064A00201A6008BD00BFC46E0120A5
:10C5100098470120C4760120BC6E012049C4002444
:10C5200020280CD0212801D000207047094B186822
:10C530009A889B79086000208A808B717047054B30
:10C540000868B1F804C08A7918600020A3F804C014
:10C550009A7170475804002020280CD0212801D05F
:10C5600000207047094B18689A889B790860002062
:10C570008A808B717047054B0868B1F804C08A79CE
:10C5800018600020A3F804C09A717047500400207E
:10C590000020704708B5094BD3F89022D2F8142236
:10C5A0000AB1012008BD0A46014618460AF000FCFF
:10C5B0000248BDE808400AF00DBC00BFFC44012061
:10C5C00003684F4A10B593428AB04FF00004CDE99A
:10C5D0000444CDE90644089404D04A4A934249D021
:10C5E0000AB010BD484B4FF4C0500221D3F8E020F0
:10C5F00042F00102C3F8E020D3F8E02002F001028B
:10C600000092009A0A22CDE9040104A93F48089249
:10C6100002F0C0F904A93D4806949FED357B8DEDED
:10C62000047B02F0B7F9384B22462146D3F8D800F4
:10C6300040F00060C3F8D8006220D3F8D83003F08F
:10C6400000630193019B01F043F9622001F070F94E
:10C6500022462146632001F03BF9632001F068F98E
:10C6600022462146652001F033F9652001F060F98A
:10C670000AB010BD244B04A92548D3F8E02042F0AD
:10C680000202C3F8E020D3F8E02002F002029FED9E
:10C690001A7B0292029A0C228DED047B089202F022
:10C6A00079F9194B22462146D3F8D80040F00070A2
:10C6B000C3F8D8004A20D3F8D83003F000730393AE
:10C6C000039B01F005F94A2001F032F92246214688
:10C6D0004B2001F0FDF84B2001F02AF922462146BB
:10C6E0004D2001F0F5F84D2001F022F90AB010BDFF
:10C6F000000200000000000000C000000200000076
:10C7000000000840000004400044025800000258A5
:10C710000004025800F57171D0F804040AF0E2BB7D
:10C720000346C1EBC102D0F8040403EB8203D3F843
:10C7300008220AF00BBC00BF0346C1EBC102D0F8CF
:10C74000040403EB82039A6C0AF040BCD0F80404A2
:10C750000AF0E4BCC16819B1022900D0FEE701214A
:10C760000346D0F8040400B583B001930AF0C0FC7E
:10C77000019BD3F8040403B05DF804EB0AF090BC0D
:10C7800010B50446D0F804040AF0B6FC2268D2F8CA
:10C79000003E43F00103C2F8003E236A23B1034A7E
:10C7A000136943F00603136110BD00BF00ED00E004
:10C7B000D0F804040AF0AABCD0F804040AF0BEBC05
:10C7C000D0F804040AF0B8BCD0F804040AF0B8BCED
:10C7D000D0F804040AF0B6BC30B5037883B005463F
:10C7E00023B1012B2ED0002003B030BD2C4C0222EF
:10C7F0002C49C4F8040421600921C0F898420120A2
:10C8000061600121A261636223630193C4E90A01AB
:10C810002046C4E90323C4E9073303F089FB00B1D0
:10C82000FEE78021204604F0D5F9402201992046F8
:10C8300004F04AF980220121204604F045F92B78C2
:10C84000012BD0D1184C00221848022122616263CA
:10C85000C4F8045420602046C5F89842E160A16104
:10C860000193C4E90722C4E90923C4E90B22092280
:10C87000626003F05DFB054600B1FEE74FF4007116
:10C88000204604F0A7F929468022204604F01CF92E
:10C890004FF4BA720199204604F016F9A3E700BFDD
:10C8A000D092012000000840C88E01200000044002
:10C8B00008B5D0F8980203F0D3FB18B102280CBFDA
:10C8C0000120022008BD00BF9446D0F898021A4605
:10C8D00008B5634603F09EFF18B102280CBF012083
:10C8E000022008BD08B5D0F8980203F0D1FF18B1B6
:10C8F00002280CBF0120022008BD00BF08B5D0F8F7
:10C90000980204F059F818B102280CBF0120022047
:10C9100008BD00BF08B5D0F8980204F099F818B126
:10C9200002280CBF0120022008BD00BF0A06D0F873
:10C93000983206D4C1EBC10103EB810393F8FE01E9
:10C94000704701F07F01C1EBC10103EB810393F854
:10C950003E00704708B5D0F8980203F041FF18B1C7
:10C9600002280CBF0120022008BD00BF08B5D0F886
:10C97000980203F0F9FF18B102280CBF0120022031
:10C9800008BD00BF08B5D0F8980203F0B7FF18B192
:10C9900002280CBF0120022008BD00BFD0F8980279
:10C9A00003F0D8BF122301480B807047A004002079
:10C9B000122301480B807047D00400200423014853
:10C9C0000B8070479C0400200A460348034908B5C1
:10C9D0000AF048FE014808BD7CA80124D896012031
:10C9E0000A460348034908B50AF03CFE014808BD61
:10C9F0008CA80124D89601200A460348034908B5AB
:10CA00000AF030FE014808BDA0A80124D8960120F4
:10CA10000A460348034908B50AF024FE014808BD48
:10CA2000ACA80124D89601200A460348034908B55A
:10CA30000AF018FE014808BDBCA80124D8960120C0
:10CA4000042301480B8070479C0400200A460348D9
:10CA5000034908B50AF006FE014808BD7CA8012478
:10CA6000D89601204B4A4FF01A0CD2F80038D2F871
:10CA70000808A1F800C01B1801D147487047180FDB
:10CA8000D2F80418444A4FF0000C092882F803C079
:10CA90004FF0000C8CBF3730303082F805C04FF0BB
:10CAA000000C9070C3F3036082F807C04FF0000CD5
:10CAB000092882F809C04FF0000C8CBF37303030A5
:10CAC00082F80BC04FF0000C1071C3F3035082F8D2
:10CAD0000DC04FF0000C092882F80FC04FF0000C79
:10CAE0008CBF3730303082F811C04FF0000C90719D
:10CAF000C3F3034082F813C04FF0000C092882F8FA
:10CB000015C04FF0000C8CBF3730303082F817C0A2
:10CB10001072C3F3033009288CBF37303030907265
:10CB2000C3F3032009288CBF373030301073C3F3B0
:10CB3000031003F00F0309288CBF37303030092B66
:10CB400090734FEA117094BF303337330928137450
:10CB5000C1F303638CBF37303030092B90748CBF26
:10CB600003F1370003F13000C1F303531075092BB3
:10CB70008CBF03F1370003F13000C1F30343002100
:10CB80009075092B0448517694BF303337331376B0
:10CB9000704700BF00E0F11F800400204B4A4FF0B7
:10CBA0001A0CD2F80038D2F80808A1F800C01B18F7
:10CBB00001D147487047180FD2F80418444A4FF083
:10CBC000000C092882F803C04FF0000C8CBF3730EE
:10CBD000303082F805C04FF0000C9070C3F3036052
:10CBE00082F807C04FF0000C092882F809C04FF006
:10CBF000000C8CBF3730303082F80BC04FF0000C87
:10CC00001071C3F3035082F80DC04FF0000C0928D7
:10CC100082F80FC04FF0000C8CBF3730303082F8F4
:10CC200011C04FF0000C9071C3F3034082F813C0A1
:10CC30004FF0000C092882F815C04FF0000C8CBF93
:10CC40003730303082F817C01072C3F30330092830
:10CC50008CBF373030309072C3F3032009288CBF6B
:10CC6000373030301073C3F3031003F00F0309287B
:10CC70008CBF37303030092B90734FEA117094BF5E
:10CC80003033373309281374C1F303638CBF373053
:10CC90003030092B90748CBF03F1370003F1300062
:10CCA000C1F303531075092B8CBF03F1370003F157
:10CCB0003000C1F3034300219075092B04485176DD
:10CCC00094BF303337331376704700BF00E0F11F55
:10CCD000800400200A460348034908B50AF0C2FC54
:10CCE000014808BDACA80124D89601200A46034893
:10CCF000034908B50AF0B6FC014808BDA0A8012404
:10CD0000D8960120D0F8C0020AF022BDD0F8C002A7
:10CD10000AF036BDD0F8C0020AF03EBD704700BF31
:10CD2000D0F8C0020AF024BDD0F8C0020AF024BD39
:10CD300008B5D0F8D00302F0A1FD18B102280CBF4D
:10CD40000120022008BD00BF064B01EB410103EBAF
:10CD50008101D1F800C04A688B68C0F800C0426009
:10CD600083607047ACAC0124024B027853F8220078
:10CD7000704700BF2CAD0124024B427833F81200FB
:10CD8000704700BF0CAD01248CB00A2814D8DFE82E
:10CD900000F023313F4D5B697785930615004D4BBD
:10CDA000D3F8E02042F40072C3F8E020D3F8E0307A
:10CDB00003F400730A930A9B0CB07047454BD3F8F9
:10CDC000E02042F48062C3F8E020D3F8E03003F4BE
:10CDD00080630B930B9BEFE73E4BD3F8E02042F0D0
:10CDE0000102C3F8E020D3F8E03003F0010301931F
:10CDF000019BE1E7374BD3F8E02042F00202C3F891
:10CE0000E020D3F8E03003F002030293029BD3E763
:10CE1000304BD3F8E02042F00402C3F8E020D3F80E
:10CE2000E03003F004030393039BC5E7294BD3F8D9
:10CE3000E02042F00802C3F8E020D3F8E03003F02D
:10CE400008030493049BB7E7224BD3F8E02042F099
:10CE50001002C3F8E020D3F8E03003F0100305938C
:10CE6000059BA9E71B4BD3F8E02042F02002C3F852
:10CE7000E020D3F8E03003F020030693069B9BE705
:10CE8000144BD3F8E02042F04002C3F8E020D3F87E
:10CE9000E03003F040030793079B8DE70D4BD3F879
:10CEA000E02042F08002C3F8E020D3F8E03003F045
:10CEB00080030893089B7FE7064BD3F8E02042F4F9
:10CEC0008072C3F8E020D3F8E03003F48073099354
:10CED000099B71E700440258704700BF114B1B7853
:10CEE0000BB90120704700B583B00F4A01904FF491
:10CEF0007A70B0FBF3F31068B0FBF3F000F038FD8C
:10CF000001990F2900D810B1012003B000BD0246DD
:10CF10004FF0FF3000F0DCFC044B00200199196059
:10CF200003B000BD00050020880600200405002095
:10CF300000B5032083B000F0B9FC04F071FE134A81
:10CF4000DFF850C09369DFF850E0C3F303231049C2
:10CF50001CF8033003F01F0320FA03F30E20CEF871
:10CF60000030926902F00F021CF8022002F01F024A
:10CF7000D3400B60FFF7B2FF10B1012003B000BD3A
:10CF80000190FFF7A9FF019803B000BD00440258CB
:10CF900084060020ECAD012488060020034A044BDF
:10CFA00011681B780B441360704700BF9C9B0120E5
:10CFB00000050020014B1868704700BF9C9B0120B2
:10CFC00038B50446FFF7F6FF0546631C02D0044B54
:10CFD0001B781C44FFF7EEFF401BA042FAD338BD7C
:10CFE00000050020014B1868000C70470010005C21
:10CFF00070B5002282B0019290F85020012A00F012
:10D000000E8102680346906844075DD40868C0F347
:10D01000130CC0F3846EBCF1000F5FD1012000FA45
:10D020000EFCD4691F25486844EA0C0CC2F81CC0E9
:10D030004FEA901C00F01F000CF00C0C0EFA00F4EC
:10D0400002F1300E05FA00F05EF80C5025EA0000FF
:10D0500020434EF80C00906810F0040F906801D146
:10D06000000744D59068C60701D5002031E0CC68A0
:10D07000D1F800C004F0180EBF48D2F8C060CCF35D
:10D08000130520FA0EF026EA050E00EA0C0040EA2D
:10D090000E00C2F8C000B948844279D0BCF1000F3C
:10D0A000E3DAB7498A4204D001F580718A4240F040
:10D0B000B980B449B24A8968926812F0010FB24A45
:10D0C000926801D1D507D0D55A6D012042F02002D7
:10D0D0005A65002283F8502002B070BD90FAA0F08B
:10D0E0004FF0010CB0FA80F00CFA00FC99E70868E8
:10D0F0000724C0F3045C4FEAD05E04FA0CF50EF08E
:10D10000040E02F1140454F80E0020EA05008D68A4
:10D1100005FA0CFC40EA0C0044F80E009B48D1F8DC
:10D1200014C0006800F07040B0F1805FD06804D097
:10D1300010F0100FD06840F0BB80C0F382004000B8
:10D140000CFA00F5D1F810C00868BCF1040F00F02B
:10D15000B58002F1600E00F0F8445EF82C0000F09B
:10D160000040204328434EF82C0091F819C008696C
:10D17000ACF1010C0C695EF82000BCFA8CFC20F0CC
:10D1800000404FEA5C1C40EACC704EF8240069E78E
:10D19000002D70D09CFAACF0B0FA80F0013000F0B5
:10D1A0001F00092800F2B4809CFAACF0B0FA80F0BD
:10D1B0009CFAACFEBEFA8EFE013001240EF1010E87
:10D1C00080060EF01F0E00F0F84004FA0EFE40EA52
:10D1D0000E009CFAACFEBEFA8EFEA6440EF01F0EA8
:10D1E0000EEB4E0E4FEA0E5E4EEA00004FEAD05EA6
:10D1F0000724C0F304500EF0040E04FA00F502F107
:10D20000140454F80EC02CEA050C8D6805FA00F0E1
:10D210004CEA000044F80E00D1F800C03EE70220BE
:10D2200002B070BD5A4881680D465A49D1F808E0ED
:10D230001EF0010F7FF448AFDFF85CE105F0E07607
:10D24000F44500F0AF80DFF854E1F44500F085804C
:10D25000DFF84CE1F4457FF408AF6C023FF505AF11
:10D260008A427FF402AF826822F0E072324342F4D5
:10D2700080028260F9E64FEA9C6C01200CF1010CFF
:10D280000CF01F0E4FEA8C6C00FA0EF00CF0F84C0C
:10D29000BEF1090F4CEA0000A2D9AEF10A0E0EEB66
:10D2A0004E0E4FEA0E5C4CF0007C4CEA00009DE70D
:10D2B000400800F008000CFA00F543E7D2F860E0FF
:10D2C0004FEA806C0EF0F84EBEEB806F03D1106E0B
:10D2D00020F000401066506E00F0F840844503D105
:10D2E000506E20F000405066906E00F0F84084458B
:10D2F00003D1906E20F000409066D06E00F0F840B0
:10D3000084457FF4AFAED06E20F00040D066A9E631
:10D310009CFAACF0B0FA80F09CFAACFEBEFA8EFE3D
:10D32000013001240EF1010E80060EF01F0E00F0F8
:10D33000F84004FA0EFE40EA0E009CFAACFCBCFA7F
:10D340008CFCA4440CF01F0CACF10A0C0CEB4C0C44
:10D350004FEA0C5C4CF0007CA7E7ED013FF585AE91
:10D360008A427FF482AE826822F0E072324342F059
:10D370008072826079E600BFFFFF0F000000FF4768
:10D380000020024000230240002102400010005C07
:10D390000063025800600258000084CB000052C7AE
:10D3A0000000B8CF2C023FF560AE8A427FF45DAE3C
:10D3B00082680D4922F0E072324342F4000282603A
:10D3C0000A680A499209A1FB0212920952000192CD
:10D3D000019A002A3FF449AE019A013A0192019A5A
:10D3E000002AF9D141E600BF88060020632D3E05E2
:10D3F00038B5544A05460368934224D002F580723A
:10D40000934220D0504B9B6813F4403F20D004F04F
:10D41000ADFD6B680446B3F5003F74D0B3F5403FF3
:10D4200079D0B3F5803F6ED0FFF7DCFD41F2030207
:10D430002B6890422BD8454A944247D99A6842F4C7
:10D4400080729A6038BD424B9B6813F4403FDED136
:10D450004FF4002005F00CFF6B680446B3F5101F75
:10D4600057D026D8B3F5E01F51D056D8B3F5801F5A
:10D4700008D060D8B3F5002F04D023F40022B2F511
:10D48000802FD1D19B0C5B00B4FBF3F4CCE7314A85
:10D49000944225D9304A3149A2188A422CD9304ABF
:10D4A0003049A2188A423FD99A6842F440729A6081
:10D4B00038BDB3F5201F35D0B3F5301FB4D1FFF719
:10D4C00091FD41F20303984205D82B689A6822F433
:10D4D00080729A6038BD1F4BB3EB142F05D32B68B5
:10D4E0009A6822F440729A6038BD1B4B1B4903EBCB
:10D4F00014238B422B6817D89A6822F4407242F4A6
:10D5000080729A6038BD1B0CB4FBF3F48CE70409FD
:10D510008AE7840988E7840886E7B3F5001F83D18A
:10D52000440981E7C4097FE79A6822F4407242F413
:10D5300000729A6038BDB3F5A01FA3D0B3F5C01F29
:10D54000A0D071E70020024000630258002D310195
:10D5500000230240105E5F00EFA1A0FF0F5E5F009E
:10D56000DF4341FF1FBCBE0030B5002385B00393ED
:10D5700000283BD0436D0246002B00F0CB801168A1
:10D580008B68980003D58868844B03408B608B6858
:10D59000DB0018D4824BD1F808C01B6881489B0976
:10D5A0000CEA0000DFF820C2ACFB03C340F080505F
:10D5B0009B0988600393039B2BB1039B013B03935F
:10D5C000039B002BF9D18B68DD0013D4506D012330
:10D5D00040F010005065906D1843906588684407CE
:10D5E0000CD5536D536D43F010035365012318465A
:10D5F00005B030BD886800234407F2D4506DC006E2
:10D60000F0D4506D20F4817040F0020050658868BD
:10D61000C5070DD46448814200F0988000F5807001
:10D62000814200F0938061498968C80740F1A18078
:10D63000CDE90032FFF7D6FC019A136B92F81CC0BB
:10D640001C46537D91684FEA0C4E1D4641F2030380
:10D650009842009B68D8214341EA453141EA0E01D6
:10D66000BCF1010F03D1106A013841EA4041506A10
:10D6700020B100F47870946A20430143D2F800C0CE
:10D680004B48DCF80CE00EEA00000843CCF80C0034
:10D69000DCF8081011F0040FDCF8081028D1090795
:10D6A00026D4DCF80CE04349107D0EEA010141EA82
:10D6B0008031D06A0143CCF80C1092F8381001295F
:10D6C00059D0DCF8101021F00101CCF81010DCF872
:10D6D0001010506B21F070410193009201431046ED
:10D6E000CCF81010FFF784FE009A019BD2F800C01E
:10D6F000D168012920D0DCF8301021F00F01CCF8DE
:10D700003010516D184621F0030141F001015165BF
:10D7100005B030BDCDE90030FBF7EEF9DDE90032B0
:10D72000936582F850302AE7102994D14EEA4531AA
:10D73000214341F01C0193E7DCF83000916920F0AF
:10D740000F0001390143CCF83010DAE71649896837
:10D7500011F0010F184989687FF46AAFCC073FF5D3
:10D7600067AF16488168546821F47C1121438160B9
:10D770005EE71348F6E7D2E91010DCF810E0014349
:10D7800010480EEA00000143906C0143D06B41EA5F
:10D79000004141F00101CCF8101098E7C0FFFF5F95
:10D7A00088060020C0FFFF6F002002400060025882
:10D7B00003C0F0FFFCBFFFFF002102400023024036
:10D7C000006302581EF800FC632D3E0590F85020BF
:10D7D000012A3DD00346DFF8D0C001201A6883F843
:10D7E0005000624507D05A6D002142F0200283F8B4
:10D7F00050105A6570472948D0F808C01CF0040F33
:10D8000009D092685A6D012042F020025A65002228
:10D8100083F850207047D2F808C01CF0040FF1D1F3
:10D82000D1F800C0BCF1000F16D11D49D1F808C0D5
:10D830002CF4404CC1F808C09268D2070AD4826820
:10D84000D00703D48868174A02408A600020DEE7C8
:10D85000022070478268F9E730B5114C4D68D4F862
:10D8600008E02EF4404E4EEA050EC4F808E0926837
:10D87000D20705D582680022002083F8502030BDF1
:10D880008268D407F7D48A68054C4CEA020C054A32
:10D89000A06802404CEA0202A260ECE700210240CC
:10D8A00000230240E0F0FFFF0020024006494FF64F
:10D8B000FF0C0002054BCA6800F4E06002EA0C02AB
:10D8C00010430343CB60704700ED00E00000FA0511
:10D8D000144BDB68C3F30223A3F1030CBCF1040F68
:10D8E00000B516D84FF0FF3EC3F107030EFA03F35D
:10D8F0000EFA0CFEDB4322EA0E021940002801FA60
:10D900000CF141EA02014FEA011106DB064B195402
:10D9100000BD00220F239446EFE700F00F00034BF9
:10D92000195400BD00ED00E000E400E014ED00E05B
:10D93000002807DB00F01F0101234009024A8B4049
:10D9400042F82030704700BF00E100E000280CDB07
:10D950004309012200F01F0004492033824041F8AE
:10D960002320BFF34F8FBFF36F8F704700E100E0BC
:10D97000431EB3F1807F01D3012070474FF0E022B6
:10D98000002005494FF0F00C5361072381F823C0B4
:10D9900090611361704700BF00ED00E0BFF35F8F3F
:10D9A000044B00215A6A22F480325A62C3F8941060
:10D9B000704700BF00ED00E0064B40F00100C3F8E7
:10D9C00094005A6A42F480325A62BFF34F8FBFF319
:10D9D0006F8F704700ED00E0174A4378C2F8983027
:10D9E000017819B3436800B5C2F89C30C37A90F847
:10D9F0000CC01B0690F80FE043EA0C7390F80AC0C5
:10DA00000B43817B43EACC4390F80DC043EA8C433F
:10DA100090F809C043EA4143017A43EA0E4343EADE
:10DA20000C2343EA4103C2F8A03000BDC2F89C10A9
:10DA3000C2F8A010704700BF00ED00E0704700BFC3
:10DA400008B5FFF7FBFF08BD354A0146036893425E
:10DA500033D018329A1AB2FA82F252096ABB3148AC
:10DA6000834238D0183083423BD01830834236D0BE
:10DA70001830834238D0183083423BD0183083426C
:10DA80002CD000F55670834232D0274A934234D0CE
:10DA90001832934234D01832934228D0183293422D
:10DAA00031D01832934231D01832934231D01832EB
:10DAB000934231D023F0FF000BE0DBB21B4ADFF8CA
:10DAC00080C0103B1A48A2FB03231B091CF803204B
:10DAD000CA658865704710221548F9E7162215486F
:10DAE000F6E716221248F3E706221248F0E716225C
:10DAF0001148EDE710220F48EAE706220E48E7E753
:10DB000010220D48E4E700220C48E1E706220B480A
:10DB1000DEE710220948DBE716220848D8E700BFF5
:10DB2000100002404000024028040240ABAAAAAA0A
:10DB300000000240040002400004024004040240CD
:10DB40005CAD012402682C4B2C49DFF8C8C08A4226
:10DB500018BF9A4201F128010CBF0123002362453E
:10DB600008BF43F001030CF1280C8A4208BF43F0C0
:10DB700001032831624508BF43F001038A4208BF10
:10DB800043F0010314318A4208BF43F00103D1B2CC
:10DB900000B513B91A4B9A4213D1A1F10803DFF86B
:10DBA00078C0184A0121ACFB03C34FEA131E02EBF5
:10DBB0001313154A01FA0EF19B008166C0E9183271
:10DBC00000BDA1F110031149DFF850C05118ACFBA2
:10DBD00003C3A8294FEA13130BD903F01F0CDFF876
:10DBE00040E001210A4A9E4401FA0CF14FEA8E03FB
:10DBF000E3E708339C46F2E7085402581C540258E5
:10DC0000945402580096001680580258F0FBFDBF4D
:10DC10008008024030540258CDCCCCCCABAAAAAA82
:10DC20000082001070B50446FFF7C4F9002C00F024
:10DC3000F78023680546A74A934200F09480183283
:10DC40009A1AB2FA82F25209002A40F08C80A24954
:10DC50008B4200F0DA8018318B4200F0D680183108
:10DC60008B4200F0D28018318B4200F0CE80183108
:10DC70008B4200F0CA8018318B4200F0C680974A70
:10DC8000934270D0183293426DD0183293426AD0CA
:10DC90001832934267D01832934264D018329342BC
:10DCA00061D0183293425ED0183293425BD08C4AD6
:10DCB0008C488D49834218BF934200F128000CBF65
:10DCC000012200228B4208BF42F001022831834228
:10DCD00008BF42F0010228308B4208BF42F0010227
:10DCE0002831834208BF42F001028B4208BF42F054
:10DCF00001021AB97D4A934240F026810020022198
:10DD0000A26884F8340084F83510402A1D686FF347
:10DD1000101500F01781A2F18002B2FA82F25209C6
:10DD20009103E669D4E90320104362691043A269B4
:10DD300010436F4A3043266A9A1845EA161545EA99
:10DD4000D00001436B48A0FB020220461960130972
:10DD50009B00E365FFF778FEE16D012201F01F01F2
:10DD60008A40426036E00021022284F8341084F8B0
:10DD700035201A6822F001021A6005E0FFF71AF94F
:10DD8000401B052847D823681A68D107F6D4D4E980
:10DD9000022521692A43A0691D680A4361690A4373
:10DDA000E16902430A4354492940256A2A430A4348
:10DDB000616A042936D01A605A6922F007021143B9
:10DDC00059612046FFF740FEE26D3F2302F01F023B
:10DDD000934083602046FFF7B5FEA368A16E802BB9
:10DDE000D4E9185270D06368D8B2013B072B286081
:10DDF000516034D90023C4E91B3363670023012237
:10DE00006365184684F8352070BD022184F83420FB
:10DE100084F83510ADE720220323626584F835309D
:10DE2000012070BDD4E90B5129431143A26A196046
:10DE3000596921F00701114341F00401002DBFD0C1
:10DE400000285FD1012A73D032F00202B8D1EA0172
:10DE5000B6D540220123626584F83530E0E72268B8
:10DE6000411E1F4B1F4DAA4218BF9A4205F11405CF
:10DE70000CBF01230023AA4208BF43F0010314355D
:10DE8000AA4208BF43F001031435AA4208BF43F079
:10DE900001031435AA4208BF43F001031435AA4216
:10DEA00008BF43F0010313B9104B9A4245D1134AFE
:10DEB000134D8218920001238B400021C4E91B25D9
:10DEC000636711606B6099E7002363602B605160AA
:10DED00090E700BF100002404000024010040240E2
:10DEE000085402581C540258305402589454025892
:10DEF000F8ABFDA7CDCCCCCC3F8010FE3F960016F2
:10DF000040590258B0F5005F04D0022AA1D9032A73
:10DF10009DD055E7032A3FF653AF01A050F822F0F9
:10DF200053DE00244FDE002453DE002431DF0024C2
:10DF3000B5F1C07F7FF444AF8BE7064A064D8218E7
:10DF40009200B8E71021ECE640220323626584F8D2
:10DF5000353065E73F82001040090240002800F09C
:10DF600027812DE9F0479E4690F83430012B00F0D0
:10DF7000C680012380F8343090F83530012B08D06A
:10DF800000224FF4006380F8342043650120BDE88F
:10DF9000F0870223D0F800C0894C80F83530002388
:10DFA000856D4365874BA846456EA44518BF9C45C3
:10DFB00004F11804A946856E0CBF01230023824E8C
:10DFC000AA46A44508BF43F0010318347F4DA44579
:10DFD00008BF43F001031834A44508BF43F0010310
:10DFE0001834A44508BF43F0010304F55674A44552
:10DFF00008BF43F001031834A44508BF43F00103F0
:10E000001834A44508BF43F001031834A44508BFE1
:10E0100043F001031834A44508BF43F0010318344A
:10E02000A44508BF43F001031834A44508BF43F0DA
:10E0300001031834A44514BF1C4643F00104B44541
:10E0400018BFAC45C36E0CBF0125002527462E46E0
:10E0500001D0002C56D0DCF8004024F00104CCF8AC
:10E060000040C9F804A02BB1D0E91C4565600EB989
:10E07000002F53D0C46D3F2504F01F0405FA04F4AB
:10E08000C8F80840DCF8004024F48024CCF80040B4
:10E090008468CCF804E0402C2CD0CCF80810CCF8E4
:10E0A0000C200EB9002F70D0DCF8002022F01E02E8
:10E0B00042F01602CCF80020026C2AB1DCF80020F5
:10E0C00042F00802CCF80020026E1168C90303D5A3
:10E0D000116841F4807111601BB11A6842F48072BA
:10E0E0001A60DCF80030002043F00103CCF8003067
:10E0F000BDE8F087CCF80820CCF80C10D1E702205E
:10E10000BDE8F087DCF8004024F00104CCF80040C2
:10E11000C9F804A013B1D0E91C4565602C4C2D4D05
:10E12000AC4518BFA44505F114050CBF012400241B
:10E13000AC4508BF44F001041435AC4508BF44F0B9
:10E1400001041435AC4508BF44F001041435AC4556
:10E1500008BF44F001041435AC4508BF44F0010485
:10E1600014B91D4CA44510D1C46D012504F01F0441
:10E1700005FA04F4C8F804408468CCF804E0402CA4
:10E1800018D0CCF80810CCF80C20DCF80020016C7A
:10E1900022F00E0242F00A02CCF80020026E0029A2
:10E1A00093D0DCF8001041F00401CCF800108CE7AB
:10E1B00001207047CCF80820CCF80C10E5E700BF30
:10E1C0005800024040000240280002401000024077
:10E1D000085402581C54025894540258002873D012
:10E1E00008B590F83530022B61D10368374A934265
:10E1F00061D0183293425ED0183293425BD018320D
:10E20000934258D01832934255D01832934252D08C
:10E21000183293424FD0183293424CD002F55672C6
:10E22000934248D01832934245D01832934242D09C
:10E23000183293423FD0183293423CD01832934266
:10E2400039D01832934236D01832934233D01A68FC
:10E25000D0F860C022F00E02C16DD0F858E01A600C
:10E2600001F01F011A6822F001021A600123DCF894
:10E2700000208B4022F48072CCF80020CEF80430CD
:10E28000C36ED0E9192151603BB11A68D0E91C1C5A
:10E2900022F480721A60C1F804C000210122036DCB
:10E2A00080F8341080F8352063B198470AE0802365
:10E2B0004365012008BD042280F835201A6822F049
:10E2C00001021A60002008BD0120704710000240C2
:10E2D000484B00222DE9F041D3F8008086B0036856
:10E2E000454E464C0592A34218BFB342826D08BF0B
:10E2F0004FF0010C156818BF4FF0000C176800F0C4
:10E3000085801834A34200F025821834A34200F01F
:10E3100021821834A34200F01D821834A34200F079
:10E3200019821834A34200F015821834A34200F079
:10E33000118204F55674A34200F00C821834A342F3
:10E3400000F008821834A34200F004821834A3427B
:10E3500000F000821834A34200F0FC811834A3427C
:10E3600000F0F8811834A34200F0F4811834A3427D
:10E3700000F0F0812249234CA34218BF8B4204F1E4
:10E3800014040CBF01210021A34208BF41F0010188
:10E390001434A34208BF41F001011434A34208BF62
:10E3A00041F001011434A34208BF41F001011434CB
:10E3B000A34208BF41F0010111B913498B4216D1A4
:10E3C000C46D0425196804F01F04A5403D4200F007
:10E3D00087824E0740F1848255600A0440F1B28280
:10E3E000CB0300F1B582836C002B40F09F8106B017
:10E3F000BDE8F0818806002010000240280002409D
:10E40000085402581C54025894540258D0F85CE046
:10E4100008240EF01F06B440254200F08B811F68CF
:10E42000790708D51F6827F004071F609460446DC2
:10E4300044F00104446525FA06F4E70752D5BCF11F
:10E44000000F45D1924C934FBB4218BFA34207F136
:10E4500030070CBF01240024BB4208BF44F0010474
:10E460001837BB4208BF44F001041837BB4208BF4D
:10E4700044F001041837BB4208BF44F0010407F51B
:10E480005677BB4208BF44F001041837BB4208BFAF
:10E4900044F001041837BB4208BF44F001041837A8
:10E4A000BB4208BF44F001041837BB4208BF44F028
:10E4B00001041837BB4208BF44F001041837BB42BF
:10E4C00008BF44F001041CB9734CA34240F0FA8128
:10E4D0005C69240606D50124B4409460446D44F080
:10E4E000020444650427B7402F420BD0BCF1000F53
:10E4F00000F048811C68A10704D59760446D44F082
:10E50000040444651024B4402C4267D0BCF1000FD1
:10E5100049D1604E5E4FB34218BFBB4206F1300690
:10E520000CBF4FF0010C4FF0000CB34208BF4CF091
:10E53000010C1836B34208BF4CF0010C1836B34238
:10E5400008BF4CF0010C1836B34208BF4CF0010C68
:10E5500006F55676B34208BF4CF0010C1836B342AC
:10E5600008BF4CF0010C1836B34208BF4CF0010C48
:10E570001836B34208BF4CF0010C1836B34208BF3E
:10E580004CF0010C1836B34208BF4CF0010C1836A1
:10E59000B34208BF4CF0010CBCF1000F03D1183698
:10E5A000B34240F099811E68C6F3C006B6B19460CC
:10E5B0001C68670300F134811C68E40503D41C68FF
:10E5C00024F008041C60036C43B10190CDE9028281
:10E5D00098470198DDE90282D0F85CE00EF01F0E4A
:10E5E000202404FA0EF42C4276D006682B4B2C4DD6
:10E5F000AE4218BF9E4205F118050CBF012300234F
:10E60000AE4208BF43F001031835AE4208BF43F0E5
:10E6100001031835AE4208BF43F001031835AE427E
:10E6200008BF43F001031835AE4208BF43F00103B1
:10E630001835AE4208BF43F0010305F55675AE42EA
:10E6400008BF43F001031835AE4208BF43F0010391
:10E650001835AE4208BF43F001031835AE4208BF7B
:10E6600043F001031835AE4208BF43F001031835EB
:10E67000AE4208BF43F001031835AE4208BF43F075
:10E6800001037BB9044B9E4240F03A810AE000BF8F
:10E690005800024040000240B8040240100002400E
:10E6A000280002403368C3F30013ABB1946090F8C4
:10E6B0003530042B336800F0C48013F4802F3368A6
:10E6C00000F0DC80190340F1F480C36B23B1CDE985
:10E6D00001089847DDE90108436D002B3FF487AE40
:10E6E000436DDA071ED59D4C0268A4FB0841042443
:10E6F00080F83540890A136823F00103136002E0B3
:10E700001368DB0704D5059B01338B420593F7D9CA
:10E71000002380F834301368DF074CBF0323012344
:10E7200080F83530C36C002B3FF461AE06B0BDE815
:10E73000F041184725FA06F4E4073FF5C9AE04276F
:10E74000B7403D427FF4D6AE1024B44025427FF45A
:10E750002AAF43E7D0F85CE008240EF01F06B4406F
:10E7600025427FF45CAE25FA06F4E1073FF5B0AE32
:10E770000427B7403D4205D11024B44025427FF420
:10E78000C8AE2BE7764C77498B4218BFA34201F104
:10E7900030010CBF012400248B4208BF44F0010467
:10E7A00018318B4208BF44F0010418318B4208BF76
:10E7B00044F0010418318B4208BF44F0010401F514
:10E7C00056718B4208BF44F0010418318B4208BFD8
:10E7D00044F0010418318B4208BF44F001041831A1
:10E7E0008B4208BF44F0010418318B4208BF44F04B
:10E7F000010418318B4208BF44F0010418318B42E8
:10E8000008BF44F00104002C7FF474AE564CA342C0
:10E810003FF470AE1C681024B44025425CD1DDE6A4
:10E820001B681E0337D4036C002B3FF4D7AE019056
:10E83000CDE9028298470198DDE90282D0F85CE0D8
:10E84000CCE623F016033360736923F08003736111
:10E85000036C002B32D0336823F0080333603F236E
:10E86000002103FA0EF393600122036D80F8341047
:10E8700080F83520002B7FF459AFB8E513F480738E
:10E880000DD0C36B002B3FF427AFCDE901089847AB
:10E89000DDE9010820E7836C002BC8D19EE63268D1
:10E8A00022F010023260012280F8343080F83520E6
:10E8B000E7E7436C002B7FF40AAF0DE7836C002B76
:10E8C000C9D1CCE71C680424B4402C42A2D1102446
:10E8D000B44025423FF482AE1E68C6F3800665E66A
:10E8E0000225A5403D420FD08E070DD50F0455607F
:10E8F0003CD5CE0346D4436C002B7FF417AF76E5AE
:10E900003368C3F34003D0E60825A5403D423FF4F9
:10E910006EAD0D077FF56BAD196821F00E01196022
:10E920000123002103FA04F45460C26C436580F8AB
:10E93000341080F83530002A3FF459AD06B0BDE8F8
:10E94000F04110478F0603D41A6822F004021A60BF
:10E95000036C002B7FF4EAAE49E500BFB5814E1B86
:10E960005800024040000240B804024011F020016B
:10E9700008D11A68012422F00A021A6080F83410C3
:10E9800080F83540C36B002B7FF4D0AE2FE500BF7D
:10E99000406D70470B68002B00F0DB81804A90428D
:10E9A0004FF000022DE9F04F85B000F0F1804FF0FC
:10E9B0000108DFF8F8B14FF0B04E9A4600913DE003
:10E9C000D70802F007040E690F2100EB8707A400A7
:10E9D000D7F820C0A64001FA04F403212CEA040C65
:10E9E00046EA0C063E625700D0F800C003F003066A
:10E9F00001FA07F40099BE402CEA040CE44346EA0D
:10EA00000C0606608E6806FA07FC86681B090099EA
:10EA100006EA04099340CE68BE4046EA09068660CD
:10EA2000466826EA05052B434360C368234043EA52
:10EA30000C03C36001323AFA02F37AD008FA02F505
:10EA400015EA0A06F6D000994B6823F01009B9F1CF
:10EA5000020FB5D004685700032103F0030C0194A2
:10EA600009F1FF3901FA07F401990CFA07FCB9F131
:10EA7000010F21EA04016FEA04044CEA010C009939
:10EA80008968C0F800C001FA07FCBED9C568D90082
:10EA900004EA050444EA0C04C460CBD5DBF8F44076
:10EAA00022F0030702F003050F2144F0020407F1EE
:10EAB000B047AD00CBF8F44007F58067DBF8F440D1
:10EAC00001FA05FC374904F0020488420394039CD0
:10EAD000BC6824EA0C0457D0334988422CD0DFF8B4
:10EAE000D0C0604500F03081DFF8C8C0604500F05C
:10EAF0003181DFF8C4C0604500F02081DFF8BCC080
:10EB0000604500F02D81DFF8B8C0604500F02E812F
:10EB1000DFF8B0C0604500F02F81DFF8ACC0604581
:10EB20000CBF4FF0090C4FF00A0C0CFA05F52C4302
:10EB300007E005B0BDE8F08F4FF0020C0CFA05F5C8
:10EB40002C43BC60DF03DEF8804054BFB443344341
:10EB50009D03CEF88040DEF8844054BFB443344374
:10EB6000D902CEF88440DEF8004054BFB4433443A9
:10EB70009B02CEF80040DEF8044054BF24EA0606AB
:10EB80002643CEF8046055E708FA05F52C43D8E78C
:10EB90004FF0030BDFF814A04FF0B046994673E036
:10EBA00000000258000402580008025800440258AD
:10EBB000000C0258001002580014025800180258A5
:10EBC000001C025800200258002402586F1E4FEA11
:10EBD000420C056803F0030E00972F460BFA0CF564
:10EBE0000EFA0CFE27EA0507ED434EEA070EC0F8C1
:10EBF00000E08F6807FA0CFE009F012F79D9C468E6
:10EC00002C4044EA0E04C460DC0038D5DAF8F44045
:10EC100022F003050F2744F0020405F1B045CAF8BD
:10EC2000F44005F58065DAF8F44004F0020403943A
:10EC3000039C02F00304D5F808C0A40007FA04F40A
:10EC4000DF032CEA0404AC60D6F8804073D424EAD5
:10EC500008049D03C6F88040D6F8844068D424EAAE
:10EC60000804DF02C6F8844034685ED424EA08044D
:10EC70009D023460746855D424EA0804746001323B
:10EC800039FA02F33FF455AF012303FA02F419EA0B
:10EC90000408F4D04B6823F01005022D96D14FEAFA
:10ECA000D20E02F0070C0D690F2700EB8E0E4FEA13
:10ECB0008C0CDEF8208005FA0CF507FA0CFC28EA2B
:10ECC0000C084FEA420C45EA0805CEF820500BFA32
:10ECD0000CFED0F8008003F0030528EA0E0805FAC0
:10ECE0000CF545EA080505606FEA0E058F6807FA1E
:10ECF0000CFED0F808801B09CF6808EA050893408D
:10ED000007FA0CFC4CEA080CC0F808C0D0F804C0A4
:10ED10002CEA040423434360C3682B4043EA0E03F8
:10ED2000C360ACE748EA0404A8E748EA04049FE7A4
:10ED300048EA040495E744EA08048AE74FF0050C22
:10ED40000CFA05F52C43FCE6032101FA05F52C43EA
:10ED5000F7E670474FF0040C0CFA05F52C43F0E68B
:10ED60004FF0060C0CFA05F52C43EAE64FF0070CC1
:10ED70000CFA05F52C43E4E64FF0080C0CFA05F507
:10ED80002C43DEE6002900F0FC80824B98422DE9FE
:10ED9000F04F00F0908000234FF001084FF00F0A71
:10EDA0004FF0030B4FF0B04708FA03F212EA010CE0
:10EDB0006FD023F0030603F00304774D06F1B0464D
:10EDC000E400A8420AFA04FED6F8089406F5806624
:10EDD0000EEA090920D0714DA84264D0704DA842B6
:10EDE00065D0704DA8425AD06F4DA84200F0C58042
:10EDF0006E4DA84200F0C6806D4DA84200F0B9806B
:10EE00006C4DA84200F0C2806B4DA8420CBF092592
:10EE10000A2505FA04F401E008FA04F4A14517D123
:10EE2000B46824EA0E04B460D7F8804024EA0C04E5
:10EE3000C7F88040D7F8844024EA0C04C7F884401F
:10EE40003C6824EA0C043C607C6824EA0C047C6086
:10EE50005C0006684FEAD30C0BFA04F400EB8C0C50
:10EE60002643066003F00706DCF820E0B6000AFA45
:10EE700006F62EEA0606CCF82060866826EA040626
:10EE80008660466826EA02024260C26822EA0402FC
:10EE9000C260013331FA03F286D1BDE8F08F042558
:10EEA00005FA04F4BAE7022505FA04F4B6E70325E7
:10EEB00005FA04F4B2E700224FF0010C3F4C0F2694
:10EEC0004FF0B0474FF0030E02F003030CFA02F5C7
:10EED00022F00308DB0011EA0509A04406FA03F357
:10EEE00041D0D8F808A013EA0A0F19D1D8F808A021
:10EEF0002AEA0303C8F80830D7F8803023EA090368
:10EF0000C7F88030D7F8843023EA0903C7F8843083
:10EF10003B6823EA09033B607B6823EA09037B60C3
:10EF20004FEA420803684FEAD2090EFA08F800EBEC
:10EF3000890948EA0303036002F00703D9F820A017
:10EF40009B0006FA03F32AEA0303C9F8203083681A
:10EF500023EA08038360436823EA05034360C36828
:10EF600023EA0803C360013231FA02F3ACD1BDE8F1
:10EF7000F08F072505FA04F450E7052505FA04F497
:10EF80004CE77047062505FA04F447E7082505FA1B
:10EF900004F443E700000258000402580008025835
:10EFA000000C0258001002580014025800180258B1
:10EFB000001C025800200258002402580004005887
:10EFC0000369194214BF01200020704702B90904E7
:10EFD0008161704703682DE9F047044686B0184602
:10EFE0001D4607F033FC012802D006B0BDE8F087CB
:10EFF000206807F0DBFB0028F7D0206807F0D6FB7D
:10F000008202236802D54FF400125A61184607F0B5
:10F01000CDFBC702236802D54FF480125A6118460F
:10F0200007F0C4FB4601236802D54FF080625A61A5
:10F03000184607F0BBFB8007236832D4184607F058
:10F04000B5FB810000F12381206807F0AFFBC2010E
:10F05000236800F1DE80184607F0A8FB060700F1E0
:10F06000CC80206807F0A2FB10F0007F20681BD145
:10F0700007F09CFBC306B8D523689A6922F01002FA
:10F080009A61196A01F4F010C1F30A12B0F5802FE9
:10F0900002D1002A40F029829A6942F010029A6156
:10F0A000A3E702225A61C9E707F03AFCD4F808C086
:10F0B0008146BCF1000F00F0A78005F5A067002392
:10F0C00020684DE0D5F808C01CF0040F67D004207C
:10F0D000A860E86840F00200E860D8F80800800501
:10F0E00000F14D81D8F8080010F0010000F0E18037
:10F0F000206968B101EB810CD8F8100004EBCC0C4E
:10F10000C0F3120EDCF84800A0EB0E00CCF84C0067
:10F110008E004FF0010E4FF0000C701804EBC00091
:10F12000C0F858C080F85DE0C8F808E090F83FC02B
:10F130001CF0FD0F00F0C881BCF1030F00F08B82C2
:10F14000711804EBC10191F8502082F0010281F89E
:10F150005020D4F808C0206801332037634554D2CA
:10F1600003F00F0229FA02F2D507F5D5D9B2D7F884
:10F1700000E000F5A0621EF4004F4FEA411A02EBD6
:10F180004115A8469ED1D5F808E01EF004060FD020
:10F190000422AA60EA6842F00202EA60DCE7D5F8DD
:10F1A00008C01CF0200F00F042812020A86094E7E6
:10F1B000D5F808E01EF0200E00F0F48001EB81028B
:10F1C0004FF0200E04EBC202C5F808E092F83DE0D3
:10F1D000BEF1010FC0D14FF0020C82F83D600193E7
:10F1E00082F85CC0EA6842EA0C02EA6007F09CFB25
:10F1F000D4F808C02068019BAEE72046FDF782FDE9
:10F200000823206843612DE720684FF000734361B5
:10F210002EE7D3F8402403F588660492D3F84024FF
:10F220000592059A22F02E020592049A970707D5B7
:10F23000049AD00700F18B81059A42F002020592F0
:10F24000049A110718D5059A42F008020592049A0B
:10F25000520740F1A581A169022900F0D581E26839
:10F26000012A03D14EF66022C3F804242046FDF79C
:10F2700057FD2046FDF74AFD2368049A970603D5FB
:10F28000059A42F020020592059A3260E3E6D5F82D
:10F290004034204623F02E03C5F84034FDF73AFDF4
:10F2A0000121206807F01AFB4FF0005320684361EA
:10F2B000CBE6D8F808C01CF0020F00F0E280D8F8C6
:10F2C0000CC08E002CF0020CC8F80CC001EB810CB5
:10F2D00004EBCC0C9CF85DE00EF1FF3CBCF1070F99
:10F2E00031D8DFE80CF045303D303604300406EB11
:10F2F000010C04EBCC0CDCF858C00CF1010CBCF197
:10F30000030F00F2588260464FF0020E06EB010C2C
:10F3100004EBCC0CCCF858008CF85CE052F80A00F6
:10F3200020F0804040F0004042F80A00022072467F
:10F330000193C8F808002046FDF7F0FCD4F808C097
:10F340002068019B08E7721804EBC20292F85CE0A7
:10F35000ECE77218052004EBC20282F85C00E5E7D6
:10F3600070184FF0020E04EBC00080F85CE0D5E7A7
:10F370007218012004EBC20282F85C00D6E7D8F8CC
:10F380000C204546206842F002020193C8F80C2088
:10F3900007F0CAFA4FF400722068AA60019BD4F803
:10F3A00008C0D9E6AD686D0600F1DB80D8F808E04A
:10F3B00045461EF4007E40F01F81D8F80850EE0745
:10F3C00000F15A81D8F808E01EF0080E40F0D9810B
:10F3D000D8F80850ED0640F16A8101EB81024FF048
:10F3E000030C04EBC202C2F858E082F85DC092F848
:10F3F0003D205AB9282202FB014292F83CC0BCF1E0
:10F40000000F03D14FF0010C82F83DC0D8F80C205A
:10F41000019342F00202C8F80C2007F085FA10228E
:10F42000D4F808C02068019BC8F8082094E6D5F8F5
:10F4300008C01CF0080F40F0C080D5F808C01CF4CC
:10F44000806F3FF44AAED5F80CC001914CF0020C2D
:10F45000C5F80CC0CDE9023207F066FA01994FF009
:10F46000100C01EB8100C5F808C04FF0080C04EB4C
:10F47000C00080F85DC04FF48060DDE90232A86012
:10F480002BE6D8F8082012F0800240F0C880D8F8A7
:10F490000800C60614D501EB810C04EBCC0C9CF8DB
:10F4A0003F00032800F08A8110F0FD0005D1226999
:10F4B000CCF85800002A00F093811022C8F80820E8
:10F4C000D4F808C0206847E6D8F80C20206842F03D
:10F4D000020202930191C8F80C2007F025FA1022CD
:10F4E000DDE90113C8F808202AE601F00F0606EB53
:10F4F000860104EBC105696C00293FF4CDAD1846C7
:10F500000292019307F0AEF8019B029A03F5A06CFA
:10F51000696C23680CEB461011440469E86C69645B
:10F5200071011044C44A2240E864002A3FF4B4AD9B
:10F530005CF8012022F0804242F000424CF80120A9
:10F5400095F8502082F0010285F85020A4E59A69D0
:10F550002046019322F000529A61FDF7D7FB019BF0
:10F560006AE601EB81024FF0040C019304EBC20246
:10F5700082F85DC04FF0010CC2F858E082F83DC03F
:10F58000D8F80C2042F00202C8F80C2007F0CCF9A1
:10F5900040222068C8F80820019BD4F808C0DBE5A9
:10F5A0002046FDF7C1FB3268236822F02E0232604C
:10F5B0009A6942F000529A615FE6D5F80CC04FF0AC
:10F5C000050E01914CF0020CC5F80CC001EB810C4A
:10F5D00004EBCC0C8CF85DE04FF0100CC5F808C0C3
:10F5E0004FF0080CC5F808C0CDE9023207F09CF9CD
:10F5F000039ADDE9011370E5D8F80C20019342F07D
:10F600000202C8F80C20C3E6049B206803F4C02360
:10F61000B3F5802F18BF012107F060F926E6D8F86E
:10F620000C0001EB8102019304EBC20240F00200E6
:10F63000C8F80C00906D01309065062082F85D00DE
:10F64000206807F071F980222068C8F80820019B23
:10F65000D4F808C080E552F80AC002934CF0005C70
:10F66000019142F80AC0724680F85CE02046FDF73E
:10F6700055FBDDE9011363E5D8F80C20029342F055
:10F68000020C01EB810204EBC202C2F858E0C8F898
:10F690000CC0019207F048F90121019A029BC8F8B9
:10F6A000081082F85D10D4F808C0206854E5D8F836
:10F6B00008E01EF0800F40F0A580D8F808E01EF4A6
:10F6C000806E40F0BB80D8F80860B6077FF544AD87
:10F6D000D8F80C0020F00200C8F80C00282000FB2D
:10F6E000014090F85D00013807280BD8DFE800F0F2
:10F6F000360A0404141B0A1B2822022002FB0142C2
:10F7000082F85C0028220220019302FB0142C8F823
:10F71000080092F85C200EE62822052002FB014238
:10F7200082F85C00EEE7282000FB0140806D01308C
:10F73000032800F2A08086464FF0020C282000FB30
:10F74000014080F85CC0C0F858E052F80A0020F090
:10F75000804040F0004042F80A00D3E72822012010
:10F7600002FB014282F85C0092F83F000238C0B20E
:10F770000128C7D892F8510080F0010082F85100AA
:10F78000C0E7082202930191C8F80820D8F80C209D
:10F7900042F00202C8F80C2007F0C6F80199029B5B
:10F7A00001EB810104EBC102052182F85D10D4F860
:10F7B00008C02068D0E44FF0040EA7E5D8F80C008C
:10F7C0004FF0280C019340F002000CFB014CCCF8E8
:10F7D0005820C8F80C00206807F0A6F8019B6CE6DA
:10F7E00028220320019302FB014282F85D00D8F831
:10F7F0000C20206842F00202C8F80C2007F094F8B0
:10F80000019B5AE6D8F80C20029342F002020191C3
:10F81000C8F80C2007F088F801992822029B02FB07
:10F820000142062182F85D108022D4F808C02068C9
:10F83000C8F8082090E400BF0000F81FD8F80C209A
:10F84000029342F002020191C8F80C2007F06CF814
:10F8500001992822029B02FB01421021C8F80810DE
:10F860004FF48061C8F80810082182F85D10D4F8C0
:10F8700008C0206870E44FF0040C5FE790F8B832DD
:10F88000012B10D003460122006800B583B083F835
:10F89000B822019307F0A8F80022019B104683F8D4
:10F8A000B82203B000BD0220704700BF4B1C10B54A
:10F8B000144682B0024639D1006883699C074ED451
:10F8C0008369D906F9D583699B06FCD520231021CD
:10F8D000C161C36183699C0701D500238362836989
:10F8E000D90714D543684FF0200C23490B40002161
:10F8F0004360536C43F00403536482F841C082F8C0
:10F9000042100023012082F8403002B010BD83690C
:10F9100043F001038361E5E7CDE90021FDF74AFBF0
:10F920000199031B009A8B421BD8D1B110688369DF
:10F930009B0714D48369DB06EED583699B06C5D487
:10F94000CDE90021FDF736FB0199001B009A8142A9
:10F9500007D331B1106883699B06F1D5B6E7002063
:10F96000D3E7536C202000210343536482F8410005
:10F9700082F84210C5E700BF00E800FE70B50D46F2
:10F980001646044623689A69920647D49A69D206B5
:10F990002ED5681C0AD09A6992060AD4FDF70AFB94
:10F9A000801B85422BD355B32368F4E79A699106EF
:10F9B000FCD520221021D961DA619A69900701D51E
:10F9C00000229A629A69D10723D55A6820211448E7
:10F9D00002405A600022636C43F00403636484F8BD
:10F9E000411084F842200023012084F8403070BD8B
:10F9F000FDF7E0FA801BA84201D8002DC2D1636C4C
:10FA0000202100220B43636484F8411084F84220D3
:10FA1000E9E79A6942F001029A61D6E7002070BDD9
:10FA200000E800FE002858D0034610B590F84120A9
:10FA300082B002F0FF01002A48D01A6824205968D9
:10FA400083F84100106821F07061D3F80CC020F0F9
:10FA50000100BCF1010F106011619168986821F4F8
:10FA6000004191602ED040F40440BCF1020F906040
:10FA700002D14FF400615160D2F804C018481969EE
:10FA80004CEA00005060D06820F40040D060D3E918
:10FA90000540214341EA0021D3E9070CD160002150
:10FAA00040EA0C004FF0200C1060106840F001009C
:10FAB00010600846596483F841C0196383F8421006
:10FAC00002B010BD40F400409060D5E780F84010CF
:10FAD0000190F9F7B3FA019BAFE70120704700BF2F
:10FAE000008000022DE9F843984690F84130089EC6
:10FAF000202B40F0898090F840300446012B00F024
:10FB00008380012391460F4680F84030FDF752FA7A
:10FB1000054604E0FDF74EFA401B192877D8236804
:10FB2000986910F40040F5D12122C7F30907C4F801
:10FB3000249084F841201022606384F8422060649D
:10FB4000A4F82A80628D92B2FF2A75D8628D464849
:10FB500059682285D2B2014047EA02420A4343492A
:10FB600011435960638D2A46314620469BB2002BD3
:10FB700039D0FFF79BFE002854D1606A226810F844
:10FB8000011B238D9162618D013B606201399BB243
:10FB90006185618D238589B2002BE3D10029E1D0F5
:10FBA000701C42D093691B0609D4FDF703FA401B71
:10FBB00086422CD35EB3226893691B06F5D5638D0C
:10FBC0009BB2FF2B42D95368204629490B40294953
:10FBD0003B431943FF23238551602A46638D3146F9
:10FBE0009BB2002BC5D1FFF7C9FED8B923682021ED
:10FBF000214DD9615A682A405A6084F8411084F82E
:10FC0000400084F8420000E00220BDE8F883636C05
:10FC1000202100220B4384F84020636484F84110C3
:10FC200084F842200120BDE8F88393691906C6D400
:10FC300093691906C3D4F8E75A680B490A400F497B
:10FC40003A431143FF22228559608BE7638D0848B0
:10FC5000D9B22385536803403B4343EA014343F051
:10FC6000007353607EE700BF009800FC0020008214
:10FC7000009C00FC0000FF0100E800FE0020FF8166
:10FC8000F0B5044690F8410085B0202840F083800C
:10FC900000297AD01D46B2FA82F35B09002A74D09B
:10FCA000C7B294F84000012875D00120019184F872
:10FCB0004000CDE90223FDF77DF90199039B06463B
:10FCC000616221202168029A84F84100636384F80C
:10FCD00042706F1C636462854B6823F400434B6081
:10FCE0001BD08B691B0700F19980FDF763F9801B1E
:10FCF0002168854201D3002DF3D1636C20200022BE
:10FD0000034384F84020636484F8410084F842206F
:10FD10004B6843F400434B603AE08B69180729D4E1
:10FD20008A691207FCD50823CB61E368022B26D031
:10FD30008B69DB0302D48A69D203FCD5638D9BB245
:10FD40005BB92BE0626A12F8011B9962638D6262F3
:10FD5000013B6385628D92B202B33246294620464A
:10FD6000FFF7A4FD23680028ECD05A6842F4004253
:10FD70005A600DE00823CB61E368022BD8D18B6970
:10FD80001F07FCD50823CB61D2E74FF400736364EF
:10FD9000012005B0F0BD022005B0F0BD3246294675
:10FDA0002046FFF7EBFD226840B1536843F400435F
:10FDB0005360636C042BEBD1002363642023681C25
:10FDC000D3611AD093691B041AD5FDF7F3F8831B8E
:10FDD00022689D4201D3002DF4D1636C20200021C4
:10FDE000034384F84010636484F8410084F84210AF
:10FDF000536843F400435360CAE793691904FCD481
:10FE000051680023202041F40041516084F84100F2
:10FE1000184684F8423084F84030BAE70823CB61B2
:10FE2000E368022B0ED18B69180709D4FDF7C2F8DD
:10FE3000831B21689D42FFF460AF002DF3D15CE786
:10FE40000823CB618B69DF033FF578AFFDF7B2F88C
:10FE5000831B21689D42FFF450AF002DF2D14CE787
:10FE6000036800B5D0F834E099691A68BEF1000F54
:10FE700003D073465DF804EB184700BD90F84100CD
:10FE8000704700BF90F84120202A22D1034600B5D8
:10FE90005FFA82FE90F84020012A1CD002682420DC
:10FEA0004FF0000C83F84100106820F00100106052
:10FEB000106820F48050106010680843106060469D
:10FEC000116841F00101116083F841E083F840C0FE
:10FED00000BD02207047022000BD00BF90F8412005
:10FEE000202A21D1034600B55FFA82FE90F8402017
:10FEF000012A1BD0026824204FF0000C83F8410037
:10FF0000106820F001001060106820F4706040EA72
:10FF1000012010606046116841F00101116083F812
:10FF200041E083F840C000BD02207047022000BDC0
:10FF3000F0B58DB078B390F8BD330446056803F092
:10FF4000FF02002B00F0818028460323261D84F841
:10FF5000BD33EB6B254613F4807308BF236105F0B6
:10FF6000B5FF55F8107BEC46AE46BEE80F00ACE896
:10FF70000F00BEE80F00ACE80F009EE803008CE81D
:10FF80000300384696E80E0005F084FE014630B1C5
:10FF9000022384F8BD33012528460DB0F0BD0B9037
:10FFA000206805F09BFFD4F804C00B99BCF1000F4A
:10FFB0002AD00A4601270846C2EBC20302F1010E0D
:10FFC00004EB830383F83C20A3F842205FFA8EF20F
:10FFD00083F83D70624583F83F001865C3E911005E
:10FFE000EAD30022C1EBC103481C04EB830383F86E
:10FFF000FC11C1B283F8FD21614583F8FF21C3F8EC
:020000042401D5
:100000001022C3E98122EDD3EC460FCDACE80F00FE
:100010000FCDACE80F0095E803008CE8030096E8EC
:100020000E00206805F072FF05460028B0D10122BD
:10003000636A84F83800934284F8BD230BD02068AB
:1000400006F0A6FB28460DB0F0BD80F8BC23FCF7F7
:10005000B7FA206879E7204600F0C2FDEFE700BF5D
:1000600090F8BC33012B1BD00121826A03688A42BD
:1000700010B580F8BC130BD00446184606F07AFB86
:10008000206805F01BFF0023184684F8BC3310BD20
:1000900082698A42F0D09A6B42F480329A63EBE72D
:1000A000022070472DE9F04F076889B004463846B2
:1000B00006F0CCFB10B109B0BDE8F08F0546206812
:1000C00006F074FB0028F6D0206806F06FFB82076C
:1000D000236803D55A6902F002025A61184606F0F5
:1000E00065FB060300F15A814FF0000A206806F014
:1000F0005DFB10F4802F206840F0EE8006F056FB88
:10010000002877DB206806F051FB060567D42068DD
:1001100006F04CFB010114D52268536903F000631B
:10012000536194F8F433002B40F0E581012120461F
:1001300084F8F413536DC3F38303C4F8F83300F069
:1001400063FD206806F032FB10F4805F20687CD1EC
:1001500006F02CFB10F4005F20685FD106F026FB50
:10016000C206236814D59A6922F010029A613D6A8A
:1001700005F4F01205F00F06B2F5802F00F0608252
:10018000B2F5402F00F0CC819A6942F010029A61DA
:10019000184606F00BFB070700F16D81206806F09A
:1001A00005FBC60200F15C81206806F0FFFA8502BB
:1001B00000F14B81206806F0F9FA400000F13C8123
:1001C000206806F0F3FA41077FF575AF23685D6894
:1001D0006A0700F156825A682A435A606BE7D7F8DB
:1001E0000838D80700F149822068436903F40063A6
:1001F00043618DE7D7F8043823F00103C7F80438CA
:1002000094F8F433012B00F084812046FCF7D0FAF7
:100210002068436903F00043436174E706F01AFB6A
:10022000206805F0EFFF2568E06001F09FFE227B6B
:100230000146284605F0C0FD2046FCF78BFA2068F1
:10024000436903F40053436188E7D7F80438102169
:1002500007F5006623F00103C7F8043805F0B8FF7E
:100260006068A8B107F510634FF67F3199600135DA
:100270001A682033854222F4001243F8202CC3F878
:10028000E811D3F8E02122F40012C3F8E021EDD107
:10029000F36943F00113F361236B002B00F02F810E
:1002A000D6F8843043F00B03C6F88430736C43F007
:1002B0000B037364D7F8003804F57172217C23F4C2
:1002C000FE632068C7F8003806F0DEFA206843694C
:1002D00003F4805343613BE706F080FA824600282E
:1002E00000F03181AB460397206807F5106755464B
:1002F000A046002603E001366D081C342037EB07CA
:1003000005D401366D081C342037EB07F3D5F1B264
:1003100006F080FA03465FFA86F9D80722D5012055
:1003200006F00F01039A00FA01F1D2F8342822EA0C
:1003300001020399C1F83428D8F81020B86082422D
:1003400003D1D4E911120A44A264494640460493F9
:10035000FCF7F2F9D8F81020049B012A02D1002EF4
:1003600000F0EC81190701D50822BA60DA0601D540
:100370001022BA60580601D54022BA60990701D50B
:100380000222BA601A0600F1F180D8F800006D0868
:1003900000F0DB8001361C342037B6E7206806F019
:1003A0000FFA024600283FF49FAE0646BA46AB4617
:1003B000206807F53065234600270394069205E080
:1003C000039A0137760820351C320392F40707D4CC
:1003D000039A0137760820351C320392F207EFD5D5
:1003E000F9B20593049106F007FA10F0010F0446E4
:1003F00000F00808DDE9041346D1B8F1000F40F021
:100400000A811868E10601D51022AA60A20605D566
:100410001969012900F08A812022AA60A10402D56D
:100420004FF40052AA60760800F09780039A0137D3
:1004300020351C320392D1E72046FCF7C5F920682D
:10044000436903F080434361BBE620465FFA8AF1CB
:10045000FCF7B2F92068436903F400134361AAE68C
:1004600020465FFA8AF1FCF7ABF92068436903F490
:100470008013436199E62046FCF768F920684369D8
:1004800003F0080343618AE618680122AA6000F5B8
:100490003062D0F840E002EB4712914604921A69AC
:1004A000D9F808C00592059A012A00F01881B74AC8
:1004B000964540F002811CF4004F00F0F8804FF4A4
:1004C0000042C9F80820B8F1000F9BD0026CD9F89F
:1004D0000800AE498A4200F0F6801846059204935F
:1004E000FCF718F9AA49059A049B8A4200F2D380C6
:1004F0000822AA6085E72046FCF742F921E67269E6
:1005000042F22B0313437361336943F00B033361EE
:10051000D0E60021204684F8F41300F075FB77E65E
:10052000C6EBC606082204F57171384606F09AF843
:10053000C5F30A1204EB8601D1F814321A44236879
:10054000C1F8142220E62068D8E5BAFA8AF3039F9E
:100550005D464446C3F1200AD0E5069A57465D46FB
:100560001C46B2FA82F2C2F1200AC0E5D4E9142195
:10057000D8F8000091423FF60AAFA2EB010E636C7F
:1005800000F5106C07909E4528BF9E460CEB461365
:10059000D3F818C00EF1030E1FFA8CFCBCEB9E0FB3
:1005A000C0F0C08006950546CDE904761E46174684
:1005B0001AE0636C4A4628469F4228BF1F4698F8B7
:1005C00010300093BBB2A16C06F038F8616DA36CDB
:1005D000F81C39443B44276D6165A364B3699BB241
:1005E000B3EB900FC0F098808F42A7EB0107E0D8E3
:1005F000DDE90476069DD8F80000079B06F00F01A0
:100600004FF0010C0CFA01FCD3F8341821EA0C016C
:10061000C3F83418BBE61A68196902F53060126C29
:10062000012900EB4710814680687FF452AF58499A
:100630008A4248D818460493FCF76CF8049B57E7A5
:1006400047F6F07215423FF49FADC6EBC606C5F300
:100650000A12384604EB86061546D6F8081206F04C
:1006600001F8D6F808322B44C6F80832D6F814320E
:100670001D442368C6F8145286E52046FCF780F82E
:10068000B2E52046FCF7A4F82368A4E518460493D5
:10069000FCF740F8049B196901297FF429AF03F5A1
:1006A00071721868049306F0EFF8049B20E71CF0C1
:1006B000200F02D02022C9F8082018460493FCF726
:1006C0002FF8049B99E60004E0D54FF40042184649
:1006D000C9F808200493FCF71DF8049BDBE71CF025
:1006E000080F39D02A4A964506D91CF4004F03D08A
:1006F0004FF40042C9F8082018460493FCF70AF8A2
:10070000049B012103F57172186806F0BDF80822F8
:10071000049BC9F8082070E63A46D8F80000049F08
:10072000DDE905658A423FF632AE66E703F5717290
:10073000049306F0A9F8049B18686DE6D8F85020D9
:10074000002A7FF40FAE08F571720121D8F800007D
:1007500006F09AF8049B05E61CF0200F0AD0202230
:10076000C9F80820B8F1000F3FF44CAE026CD9F87C
:1007700008005CE7064A96450CD91CF4004F09D0E6
:100780004FF40042C9F80820ECE700BF0A31544F8B
:100790000A30544F0398D9F81020D0F804C2C2F39D
:1007A00012020493ACEB0202C0F81422D0F8082223
:1007B0006244C0F808221846FBF7B2FF049B002FE2
:1007C0007FF41BAED3F81022002A7FF416AE03F597
:1007D00071721868012106F057F8049B0DE600BFFE
:1007E000034690F8BC03012812D04FF0010C1868A2
:1007F00000B583B083F8381083F8BCC3019305F0CB
:10080000A7FF0022019B104683F8BC2303B000BD64
:100810000220704710B501F00F0E090682B0CEEB32
:10082000CE0C4FEA8C0C26D40CF5FE714FF0000470
:10083000844401448CF8FD418A604A7881F800E0E4
:10084000CB700AB1A1F806E0022B01D100230B7195
:1008500090F8BC33012B17D003460122006883F8BF
:10086000BC23019305F0E0FC0022019B104683F8B5
:10087000BC2302B010BD0CF13C014FF001048444D4
:1008800001448CF83D40D7E7022002B010BD00BF04
:1008900001F00F020906C2EBC2034FEA83031DD425
:1008A00003F5FE714FF0000C0344014483F8FDC1D1
:1008B0000A7090F8BC33012B1DD00346012200685A
:1008C00000B583B083F8BC23019305F0F7FC002248
:1008D000019B104683F8BC2303B000BD03F13C012B
:1008E0004FF0010C0344014483F83DC00A7090F8B6
:1008F000BC33012BE1D10220704700BF10B501F0DD
:100900000F0E1C460021CEEBCE0C4FEA8C0C00EBF8
:100910000C030CF5FE7C83F8FD1183F8FCE1C3F8B1
:100920000822C3E9844100EB0C01D0F810C0006834
:10093000BCF1010F08BFC3F80C225FFA8CF2BEF1C4
:10094000000F03D105F0FAFD002010BD05F0ECFC0E
:10095000002010BD01F00F01C1EBC10100EB8100CF
:10096000D0F81402704700BF38B501F00F0E1D46D5
:1009700000240121CEEBCE0C4FEA8C0C00EB0C03D3
:100980000CF13C0C83F83D1000EB0C0183F83CE0CB
:100990009A64C3E9145404690068012C08BFDA643E
:1009A000E2B2BEF1000F03D105F0C8FD002038BD52
:1009B00005F0BAFC002038BD436801F00F029A42EE
:1009C00034D80B0626D4C1EBC1014FF0000C8B00CC
:1009D00003F5FE710344014483F8FDC14FF0010C9F
:1009E0000A7081F802C090F8BC3363452DD00346ED
:1009F000006800B583B083F8BCC3CDE9003205F0D0
:100A000047FEDDE900329AB10022104683F8BC238C
:100A100003B000BDC2EBC2034FF0010C9B0003F119
:100A20003C010344014483F83DC0D7E701207047EF
:100A300003F57172197C186805F026FF0022009BEF
:100A4000104683F8BC2303B000BD0220704700BFEE
:100A5000436801F00F029A4234D8C2EBC203090680
:100A600010B54FEA830382B01BD403F5FE71002456
:100A70000344014483F8FD4100240A708C7090F80F
:100A8000BC33012B1BD003460122006883F8BC2332
:100A9000019305F031FE2046019B83F8BC4302B070
:100AA00010BD03F13C0101240344014483F83D409F
:100AB00000240A708C7090F8BC33012BE3D1022023
:100AC00002B010BD012070470068436A21B943EAB3
:100AD0000243836200207047D0F828C0013903EB3D
:100AE0001C436FD0D0F804C1012903EB1C4369D02B
:100AF000D0F808C1022903EB1C4363D0D0F80CC125
:100B0000032903EB1C435DD0D0F810C1042903EB8B
:100B10001C4357D0D0F814C1052903EB1C4351D016
:100B2000D0F818C1062903EB1C434BD0D0F81CC1E8
:100B3000072903EB1C4345D0D0F820C1082903EB5B
:100B40001C433FD0D0F824C1092903EB1C4339D002
:100B5000D0F828C10A2903EB1C4333D0D0F82CC1AC
:100B60000B2903EB1C432DD0D0F830C10C2903EB2B
:100B70001C4327D0D0F834C10D2903EB1C4321D0EE
:100B8000D0F838C10E2903EB1C431BD0D0F83CC170
:100B90000F2903EB1C4315D04FF00F0C00B5E646B0
:100BA0000CF1010C00EB8E0E8C45DEF804E103EB3A
:100BB0001E43F4D343EA024300EB81020020C2F853
:100BC000043100BD43EA024300EB8102C2F8043164
:100BD00080E700BF034600201B685962704700BFD2
:100BE00001464FF0010C0020064A0B6881F8F4031F
:100BF000C1F8FCC3996941F000619961596D0A43DC
:100C00005A65704703000010704700BF38B5114B9C
:100C1000DA68520704D4DB6803F00703834214D177
:100C20000C4CE36823F007030343E360FCF7C2F9CD
:100C3000054605E0FCF7BEF9401BB0F57A7F06D803
:100C400063689B04F6D5002038BD012038BD032021
:100C500038BD00BF00480258024AD36843F0807391
:100C6000D360704700480258B2F1406F84464B6A27
:100C70002DE9F04182B001D0002B5DD101F11800C7
:100C800031C8002834D00343DCF800C0086843EAC8
:100C900002084B6BD1F814E00093D1E90B67002DEB
:100CA0006CD08B6845EA0805CCF81C300B690193C1
:100CB000002C78D040EA04030098B2F1406F43EA78
:100CC000060343EA070343EA0003019843EA0003EB
:100CD000C86843EA000343EA8E4343EA0503CCF8BD
:100CE00014306CD04B68CCF8183002B0BDE8F081FD
:100CF0003DB32B438868DCF800C01343D1F814E0FF
:100D0000CCF81C004D6B0869D1E90B67002C66D04C
:100D10002043CC68B2F1406F40EA060040EA070089
:100D200040EA050040EA040040EA8E4043EA00033E
:100D3000CCF81430D6D142E00468886A01382061CA
:100D40009CE7002C57D02343CC6ADCF80000B2F1BA
:100D5000406F43EA020343EA04030C6B43EA0403D3
:100D60004C6B43EA0403CC6843EA04034C6943EA4E
:100D70008443436123D04B68836120E014B3204354
:100D8000CC68B2F1406F40EA060040EA070040EA52
:100D9000030040EA040040EA8E4048EA0003CCF831
:100DA00014309FD10BE046EA0003009A3B43134303
:100DB000019A134343EA8E432B43CCF8143002B01C
:100DC000BDE8F08146EA00023A431A4342EA8E4205
:100DD00048EA0203CCF8143002B0BDE8F08146EADC
:100DE00000023A432A4342EA8E421343CCF81430BD
:100DF00002B0BDE8F081002BE1D0CC6ADCF8000045
:100E000023430C6B13434A6923434C6B234343EA4C
:100E100082434361D3E700BF30B5044683B0FCF79B
:100E2000C9F8002C66D094F84030012B65D001231E
:100E3000054684F8403094F8413003F0FF02002B5F
:100E400037D0A3682268581EA16C136823F470631E
:100E500043EA0023481C13603CD193689906FCD4F4
:100E6000E3684FF0000CE569206A2B4311680343E7
:100E7000606843EA006326480840616903431360E1
:100E8000A36950680B43216943EA014321490140AA
:100E900060460B435360136843F001031360012362
:100EA000C4F844C084F84130002384F8403003B0D3
:100EB00030BD204684F84020F8F7F2FCA368226891
:100EC00041F28831581E1368A16423F4706343EA29
:100ED0000023136093689B06C2D50191FCF76AF862
:100EE0000199401B88420BD851B1226893689B0638
:100EF000F3D4B5E7012003B030BD022003B030BD0C
:100F00000423012084F84130636C03436364CBE71E
:100F10002FFFFF00FEF8E0FFE0B190F84020012A2B
:100F200016D00168012200B583B080F840200A681D
:100F3000019022F001020A60F8F73AFD0022019BBD
:100F400010465A6483F8412083F8402003B000BD66
:100F500002207047012070472DE9F041044682B01D
:100F60000F461646FCF726F894F84030012B55D072
:100F7000012384F8403094F84130012BDDB207D0D2
:100F800002250023284684F8403002B0BDE8F081F5
:100F900000238046701C63644FF0020384F84130E4
:100FA00027D123689A6812F0200210D09A6812F0B4
:100FB0002002FBD1394620460193FFF755FE7A6A9D
:100FC000019B6AB1012384F841300025D9E73946F5
:100FD00020460193FFF748FE7A6A019B002AF1D16F
:100FE0009A689107FCD502210122D96084F841203A
:100FF000EBE723689A6812F0200214D0FBF7DAFFBF
:10100000A0EB0800864201D3002EF2D1042384F81D
:101010004130636C43F001036364B2E70225284664
:1010200002B0BDE8F081394620460193FFF71CFE6F
:101030007A6A019B002AC5D19A689207D3D4FBF73C
:10104000B9FFA0EB08039E42E0D3002EDED0236858
:101050009A689207F3D5C6E72DE9F041044682B0BD
:1010600088461546FBF7A6FF94F84030012B66D062
:101070000123226884F8403094F84130012BDEB21D
:1010800007D002260023304684F8403002B0BDE885
:10109000F08100236364B8F1000F5DD0122307468E
:1010A000114684F8413013690133E3621369C4F8CF
:1010B00024800133A362536923F040635361E36AE0
:1010C000FBB16B1C2AD08B685B070CD40192FBF739
:1010D00071FFC01B854237D3002D35D02168019A9E
:1010E0008B685B07F2D5636A1B7882F82030E06A70
:1010F000636A013821680133E062E06A63620028B4
:10110000DFD1681C11D08B689B0711D4FBF752FF0D
:10111000C31B9D4218D3BDB12168F4E78B68580703
:10112000E1D48B685807F9D5DDE78B689A07FCD5C1
:1011300002230026CB60012384F84130A2E7022677
:10114000304602B0BDE8F081042384F84130636C7E
:1011500043F001036364EEE7636C43F008036364E8
:1011600090E700BF2DE9F041044682B0884616465C
:10117000FBF720FF2568A96994F84030012B6ED059
:10118000012384F8403094F84130012BDAB207D0C3
:1011900002220023104684F8403002B0BDE8F081FE
:1011A00000236364B8F1000F66D02223074684F859
:1011B00041302B690133A3632B69C4F830800133BC
:1011C00063636B6923F0406343F080636B61A961E3
:1011D0002946A36B0BB3731C2ED08B6813F0060F3C
:1011E0000DD10192FBF7E6FEC01B019A86423BD36C
:1011F000002E39D021688B6813F0060FF1D095F8D6
:101200002010236B1970A06B236B01382168013308
:10121000A063A06B23630028DDD1701C15D08B6800
:101220009B0715D40192FBF7C5FEC31B019A9E4292
:101230001AD3CEB12168F2E78B6813F0060FDED126
:101240008B6813F0060FF7D0D9E78B689A07FCD5A7
:1012500002230022CB60012384F8413099E7022267
:10126000104602B0BDE8F081042384F84130636C7D
:1012700043F001036364EEE7636C43F008036364C7
:1012800087E700BF2DE9F041044682B01E460F46B5
:101290000092FBF78FFE94F84030012B58D00123C9
:1012A000009A84F8403094F841100129CBB207D05D
:1012B00002230022184684F8402002B0BDE8F081E5
:1012C00000218046701C61644FF0420184F8411097
:1012D00026D12568A96889063FD5AB689806FCD455
:1012E000136820461169AB6253686B629368EB62C6
:1012F0002B6823F440030B43D1684FF0006243F4A2
:1013000080032B60B9623946FFF7AEFCAB68190762
:10131000FCD5082101220023E96084F84120C8E7B8
:101320002568A968890618D5CDE90032FBF742FE89
:10133000A0EB0800009B864202D3019A002EEFD159
:10134000042284F84120626C42F001026264B0E73A
:101350000223184602B0BDE8F08111681069A96245
:101360005168009369629168D268E962296821F442
:1013700040010143204641F4800129603946BA62A8
:101380004FF00062FFF770FC701C009BBED0AA6893
:101390001207BED40093FBF70DFEA0EB0802009BE2
:1013A0009642CDD3002ECBD02568F0E7F0B50446A9
:1013B00083B00E461546FBF7FDFD94F84030012B37
:1013C00044D0012384F8403094F84120012AD3B25C
:1013D00006D002230022184684F8402003B0F0BD56
:1013E000002201466264822284F84120A26C1746E2
:1013F000013214D1226893689F06FCD4136869688F
:1014000023F00803082943EA0103136022D04FF0B8
:10141000406231462046FFF727FC0023DAE72268C6
:1014200090688006EAD5CDE90031FBF7C3FD01994C
:10143000009B401A874201D3002FF0D1042284F888
:101440004120626C42F001026264C3E70223184645
:1014500003B0F0BD296810231163D360136843F40F
:1014600080131360D3E700BF704700BF08B5006C5E
:1014700000238363C36290F84130082B0BD10368CB
:101480000222DA601A6842F400321A601A6842F0E6
:1014900002021A6008BD012380F84130FFF7E4FF23
:1014A00008BD00BF704700BF704700BF704700BF56
:1014B000704700BF704700BF704700BF704700BF54
:1014C000026803469168106811F0040F00B583B0FC
:1014D00011D010F4802F0ED093F84110122900F093
:1014E000858093F84110222900F0B5801846FFF757
:1014F000E1FF03B000BD11F0020F29D010F4003F4E
:1015000026D00221D160116821F4E021116093F806
:101510004110122900F08B8093F84110222900F02D
:10152000BD8093F84110022900F0E48093F8411047
:101530000829DED15169012021F04061516183F811
:10154000410018465A6C002A2FD1FFF7ABFFD0E7B5
:1015500011F0080F2CD111F0010F3DD010F4803F95
:101560003AD00121D160116821F470211160596CC9
:1015700041F0020159641168480740F18780116801
:10158000D86B21F00401019311605E4A826506F078
:101590003DFB019B0028ACD05A6C184642F0040277
:1015A0005A644FF0010283F84120FFF75DFFA0E786
:1015B00010F4002FCFD00821D1601168490206D560
:1015C0001168012021F41021116083F841001846B0
:1015D000FFF772FF03B000BDC9068AD5C10288D5E6
:1015E00010211846D160FFF769FF82E7916849072B
:1015F0007FF57CAF944610E0596A097882F8201094
:10160000D86AD3F800C00138596AD8620131DCF8D1
:101610000800596240077FF569AFD96A0029EBD10C
:10162000DCF8002022F48022CCF800205EE711686C
:10163000480709D51168D86B21F0040100681160D2
:10164000C26822F00102C2600122184683F84120DC
:10165000FFF72EFF4DE7916849077FF547AF9446A6
:1016600010E092F82000196B0870986BD3F800C056
:101670000138196B98630131DCF8080019634007E1
:101680007FF534AF996B0029EBD1C9E74FF0010228
:10169000184683F84120FFF7E7FE2AE7116849075B
:1016A0001DD4916811F47C5F0FD111E092F82000F5
:1016B000196B0870986B196B0138013198631868C1
:1016C0008068196310F47C5F02D0996B0029EDD11A
:1016D0000122184683F84120FFF7E8FE09E7116868
:1016E000D86B21F0040100681160C26822F0010289
:1016F000C260EDE70122184683F84120FFF7D4FECF
:10170000F7E600BF6D140124002800F0DE810368B5
:1017100070B50446D80730D59F490A69896A02F036
:101720003802102A00F00081182A00F0F88063685F
:10173000B3F5803F00F02081002B00F05E81B3F50F
:10174000A02F954B1A6800F02F8222F480321A6085
:101750001A6822F480221A60FBF72CFC8E4D064694
:1017600007E0FBF727FC41F28833801B984200F228
:1017700042812B689A03F4D523689E0700F1858087
:10178000D8062FD5844A1369926A03F03803082BD0
:1017900000F0DA80182B00F0D280E3697E4D002B38
:1017A00000F065812B6843F080032B60FBF702FC9F
:1017B000064605E0FBF7FEFB801B022800F21B81BA
:1017C0002B68DA05F6D5FBF70DFC41F20303226A1C
:1017D000984200F20A826B6823F0F84343EA82637E
:1017E0006B6023681D0716D563696B4D002B00F0F5
:1017F0001C816B6F43F001036B67FBF7DBFB064655
:1018000005E0FBF7D7FB801B022800F2F4806B6F2A
:101810009807F6D523689A0616D5A3695E4D002B66
:1018200000F014812B6843F480532B60FBF7C2FB5C
:10183000064605E0FBF7BEFB801B022800F2DB80BA
:101840002B689B04F6D52368590700F19B80636AD7
:10185000CBB1514D2A6902F03802182A6DD0022B03
:101860002B6823F080732B6000F03981FBF7A2FB1B
:10187000044605E0FBF79EFB001B022800F2BB803C
:101880002B689B01F6D4002070BD434A1369926A0D
:1018900013F0380329D1404BE2681B68580701D583
:1018A000002A4AD03C4D2B6823F0190313432B60C8
:1018B000FBF780FB064605E0FBF77CFB801B02285C
:1018C00000F299802B685907F6D5FBF78BFB41F2A4
:1018D0000303226998426B6800F2F08023F47C33A2
:1018E00043EA02336B6023684AE7182B00F0E2807A
:1018F000294DE2682B68002A00F0CB8023F0190301
:1019000013432B60FBF756FB064604E0FBF752FB44
:10191000801B02286FD82B685A07F7D5D5E701F04E
:10192000030102297FF403AF1B4A126891037FF57C
:1019300024AF6268002A7FF420AF012070BD02F05E
:101940000302012A7FF429AF134B1B68D90502D586
:10195000E369802BF1D1FBF745FB41F20303226AD7
:1019600098420D4900F2B3804B6823F0F84343EAF4
:1019700082634B60236835E7074A136843F480337A
:101980001360E9E6054D2B6843F480732B60FBF789
:1019900011FB064609E000BF004402580048025807
:1019A000FBF708FB801B642825D82B68DA05F7D5E0
:1019B000A368012B00F02181002B00F0FD80052B96
:1019C000954B1A6F00F01F8122F001021A671A6FFF
:1019D00022F004021A67FBF7EDFA8F4D064606E087
:1019E000FBF7E8FA41F28833801B984203D82B6F4B
:1019F0009B07F5D52BE7032070BD874D2B6823F49B
:101A000080332B602B6823F480232B60FBF7D2FA02
:101A1000064606E0FBF7CEFA41F28833801B984277
:101A2000E9D82B689B03F5D4A6E66B6F23F001037E
:101A30006B67FBF7BFFA064604E0FBF7BBFA801BB7
:101A40000228D8D86B6F9907F7D4E3E62B6823F404
:101A500080532B60FBF7AEFA064604E0FBF7AAFAC8
:101A6000801B0228C7D82B689804F7D4EBE62B68B4
:101A700023F080032B60FBF79DFA064604E0FBF79A
:101A800099FA801B0228B6D82B68DB05F7D42368A7
:101A9000A8E623F001032B60FBF78CFA064604E06E
:101AA000FBF788FA801B0228A5D82B685B07F7D4C0
:101AB000236865E695077FF41BAFECE623F0FE4351
:101AC00043EA02636B6023685AE601207047CB68E3
:101AD00023F07C5343EA0263CB60236882E6FBF782
:101AE00069FA064604E0FBF765FA801B022882D8F3
:101AF0002B689901F7D4A96A484BA26A0B4013439B
:101B0000E26A43EA0213AB62216BD4E90D32013978
:101B1000013B013AC1F308015B0212049BB202F4DB
:101B2000FE021343E26B013A0B43120602F0FE423F
:101B300013432B63EB6A23F00103EB626B6BA26C24
:101B40006FF3CF0343EAC2036B63EB6A226C23F0AB
:101B50000C031343EB62EB6A626C23F002032E4C1E
:101B60001343EB62EB6A43F48033EB62EB6A43F4BA
:101B70000033EB62EB6A43F48023EB62EB6A43F0E1
:101B80000103EB622B6843F080732B60FBF712FAC2
:101B9000054605E0FBF70EFA401B02283FF62BAF87
:101BA00023689A01F6D56EE642F480221A601A681C
:101BB00042F480321A60CFE5174D2B6F23F00103FA
:101BC0002B672B6F23F004032B67FBF7F3F9064613
:101BD00007E0FBF7EFF941F28833801B98423FF6AC
:101BE0000AAF2B6F9807F4D431E6EB6823F07C53EF
:101BF00043EA0263EB602368F4E5074A136F43F09E
:101C000001031367E7E642F004021A671A6F42F015
:101C100001021A67DFE600BF004402580CFCFFFF18
:101C2000404A136903F03803102B50D0182B0AD008
:101C3000002B4ED1136899064DD513683A48C3F36B
:101C4000C103D8407047916AD2F828C01CF47C7F49
:101C5000CCF3051000B5D2F82CE0536B36D0C3F3AB
:101C6000CC030EF0010E01F0030107EE900A0EFB0B
:101C700003F30129F8EEE77A06EE903AFAEEE96A04
:101C800002D0022947D041B39FED287A87EE276A18
:101C9000136BC3F3080307EE103AF7EE005AB8EEE1
:101CA000C77A37EE267A37EE257A27EE067A1D4B6D
:101CB0001B6BC3F34623013307EE903AF8EEE76A55
:101CC000C7EE267AFCEEE77A17EE900A00BD1848B8
:101CD0007047184870471448704713689B061DD515
:101CE0001068F7EE005A136B0F49C0F3C102C3F33B
:101CF0000803D14007EE103A06EE101AB8EEC77A84
:101D0000B8EEC66A77EE266A86EE277A76EEA57A70
:101D100027EE277ACBE79FED087AB7E79FED077AA2
:101D2000B4E700BF004402580090D0030024744A76
:101D30000024F40000093D000024744B0024744C7E
:101D400078B1864A136803F00F038B420BD21368F5
:101D500023F00F030B431360136803F00F038B4250
:101D600001D00120704703682DE9F0415F070BD5D2
:101D70007B4C0569A26902F07002954204D9A26900
:101D800022F070022A43A2611E070BD5744C4569EC
:101D9000E26902F07002954204D9E26922F0700211
:101DA0002A43E261DD060BD56D4C8569E26902F4D8
:101DB000E062954204D9E26922F4E0622A43E261DA
:101DC0009C060BD5664CC569226A02F070029542EA
:101DD00004D9226A22F070022A43226288469907B7
:101DE000074603F0010257D55D4CC068A16901F0B8
:101DF0000F01884204D9A16921F00F010143A161BB
:101E000082B3574AB968936923F470630B439361B3
:101E100079681368022900F09780032900F0908008
:101E2000012900F097805D0733D54D4C41F288358C
:101E3000236923F007030B432361FBF7BBF8064636
:101E400005E0FBF7B7F8801BA84200F28180236908
:101E50007A6803F03803B3EBC20FF2D13B689C07FA
:101E600006D5F8683E498A6902F00F02824261D8BD
:101E70003A490A6802F00F02424510D90A6822F076
:101E80000F0242EA08020A600A6802F00F024245A5
:101E900005D00120BDE8F081002AB2D1E8E758075B
:101EA0000BD52F4938698A6902F07002904204D23A
:101EB0008A6922F0700202438A6119070BD528490A
:101EC0007869CA6902F07002904204D2CA6922F0AD
:101ED00070020243CA61DA060BD52149B869CA69A2
:101EE00002F4E062904204D2CA6922F4E062024342
:101EF000CA619B060BD51A4AF969136A03F070038D
:101F0000994204D2136A23F070030B431362FFF764
:101F100087FE134A0346134892691349C2F303220A
:101F2000825C0E2002F01F02D340BDE8F0410B603E
:101F3000FAF7D4BF8A6922F00F0202438A6197E759
:101F40009B013FF572AFA4E79A033FF56EAFA0E7A0
:101F500003209FE7DE053FF568AF9AE700200052B7
:101F600000440258ECAD01248806002008B501F0B9
:101F70002DFA064B06499B69064A03F00F03CB5C1A
:101F800003F01F03D840106008BD00BF0044025892
:101F9000ECAD01248406002008B501F017FA0A49C7
:101FA0000A4A8B69DFF828C003F00F03D35C03F003
:101FB0001F03D840CCF80000CB69C3F30213D35CF5
:101FC00003F01F03D84008BD00440258ECAD0124C3
:101FD0008406002008B501F0F9F90A490A4A8B691C
:101FE000DFF828C003F00F03D35C03F01F03D840D1
:101FF000CCF80000CB69C3F30223D35C03F01F03CA
:10200000D84008BD00440258ECAD012484060020ED
:10201000F8B5364C06460F46236823F080632360EC
:10202000FAF7C8FF054604E0FAF7C4FF401B022890
:1020300056D823681A01F7D4A36A326823F47C3394
:1020400043EA0233A362D6E90232013B013A5B0262
:1020500012049BB202F4FE0213437268013AC2F307
:10206000080213433269013A120602F0FE4213439A
:10207000A363E36A726923F0C0031343E362E36A74
:10208000B26923F020031343E362E36A23F01003F1
:10209000E362E36BF2696FF3CF0343EAC203E363E6
:1020A000E36A43F01003E362E36ADFB1012F0CBF80
:1020B00043F4801343F40013E3620C4C236843F0B1
:1020C00080632360FAF776FF054604E0FAF772FFB3
:1020D000401B022804D823681B01F7D50020F8BD57
:1020E0000320F8BD43F40023E362E6E7004402580E
:1020F000F8B5364C06460F46236823F0805323601C
:10210000FAF758FF054604E0FAF754FF401B02288F
:1021100056D823689A00F7D4A36A326823F07C73F8
:1021200043EA0253A362D6E90232013B013A5B0261
:1021300012049BB202F4FE0213437268013AC2F326
:10214000080213433269013A120602F0FE421343B9
:102150002364E36A726923F440631343E362E36A2E
:10216000B26923F400731343E362E36A23F48073D8
:10217000E362636CF2696FF3CF0343EAC203636403
:10218000E36A43F48073E362E36ADFB1012F0CBFBB
:1021900043F4000343F08073E3620C4C236843F084
:1021A00080532360FAF706FF054604E0FAF702FFC2
:1021B000401B022804D823689B00F7D50020F8BDF7
:1021C0000320F8BD43F48003E362E6E700440258CD
:1021D0002DE9F8430368044613F0006624D0426EEC
:1021E000B2F5001F00F0118500F2CE85002A00F044
:1021F000D184B2F5801F40F0CB85A34A926A02F0E9
:102200000302032A00F0C48502210430FFF700FF17
:102210002368002840F01586626E9B480026016DF9
:1022200021F440110A430265DD050AD5626D042AD6
:1022300006D8DFE812F06D03FE0421057203720375
:1022400001263546980522D5A26D802A00F0BD846E
:1022500000F2AD85002A00F07D84402A40F0AE8572
:10226000894A926A02F00302032A00F0A78500213E
:10227000201DFFF7CDFE23680546002D40F0728437
:102280008149A06D0A6D22F4E07202430A65590586
:1022900026D5D4F8A420B2F5800F00F0A68400F271
:1022A0009F85002A00F06B84B2F5001F40F0A085E6
:1022B000754A926A02F00302032A00F09985002110
:1022C000201DFFF7A5FE23680546002D40F05F8422
:1022D0006D49D4F8A4008A6D22F4600202438A6535
:1022E0001A0526D5D4F8A820B2F1007F00F0598451
:1022F00000F25185002A00F09584B2F1807F40F011
:102300005285614A926A02F00302032A00F04B856B
:102310000021201DFFF77CFE23680546002D40F0BC
:1023200051845949D4F8A8008A6D22F0E062024332
:102330008A659F0118D5A26C202A00F0AF8300F2B5
:102340005B853AB1102A40F05A854F49CA6A42F477
:102350000032CA62002D40F038834B49A06CCA6C31
:1023600022F030020243CA64D80424D5E26DB2F5EB
:10237000005F00F0718400F22785002A00F0F583E9
:10238000B2F5805F40F028853F4A926A02F003026E
:10239000032A00F021850021201DFFF739FE236864
:1023A0000546002D40F0E9833749E06D0A6D22F4BF
:1023B000E04202430A65990422D5226EB2F5003F3D
:1023C00000F0A48300F29D8482B1B2F5803F40F01A
:1023D000A2842D4A926A02F00302032A00F09B8431
:1023E0000121201DFFF714FE23680546002D40F053
:1023F000FD822549206E0A6D22F4E02202430A651F
:102400005A0424D5D4F8AC20B2F1005F00F09083D8
:1024100000F2928482B1B2F1805F40F097841A4A50
:10242000926A02F00302032A00F090840121201D29
:10243000FFF7EEFD23680546002D40F0C8821249E3
:10244000D4F8AC008A6D22F0E04202438A651F0492
:102450000DD5E26EB2F1805F00F0DD81B2F1005F78
:1024600000F0D684002A00F0DB8101263546D80131
:1024700015D5626C032A00F2EB84DFE812F00C0041
:102480000700FE020C0000BF004402583549CA6A2A
:1024900042F40032CA62002D00F08D822E465902AD
:1024A00000F1F581DF072FD5A26F282A2AD8DFE8AF
:1024B00012F0D20129002900290029002900290051
:1024C0002900C50129002900290029002900290027
:1024D00029001604290029002900290029002900C3
:1024E0002900D201290029002900290029002900FA
:1024F0002900D201290029002900290029002900EA
:102500002900D2010126354698071CD5626F052A9D
:1025100000F28F84DFE812F013000600BF031300FF
:10252000130013000F4A926A02F00302032A00F01C
:1025300080840121201DFFF76BFD23680546002DD7
:1025400000F056822E4659071FD5D4F89020052A50
:1025500000F27384DFE812F015000800B1031500E3
:102560001500150000440258A84A926A02F00302BE
:10257000032A00F062840121201DFFF749FD236832
:102580000546002D00F029822E469A0624D5D4F85F
:102590008C20B2F1005F00F04E8200F2DB8382B14A
:1025A000B2F1805F40F0E083984A926A02F0030241
:1025B000032A00F0D9830021201DFFF729FD23689D
:1025C0000546002D40F01C829049D4F88C004A6DDD
:1025D00022F0E04202434A655F0624D5D4F89820F1
:1025E000B2F5006F00F0388200F2998382B1B2F543
:1025F000806F40F09E83854A926A02F00302032AAC
:1026000000F097830021201DFFF702FD2368054697
:10261000002D40F0DE817D49D4F898008A6D22F4C7
:10262000E05202438A65180624D5D4F89C20B2F5FE
:10263000804F00F0EF8100F29A8382B1B2F5005F23
:1026400040F09F83714A926A02F00302032A00F06D
:1026500098830021201DFFF7DBFC23680546002D31
:1026600040F0D0816949D4F89C008A6D22F4604220
:1026700002438A6519070BD5D4F88010B1F5805F45
:1026800000F06A816148426D22F440520A4342657B
:10269000DA060BD5D4F89410B1F5807F00F04B81A9
:1026A0005A48826D22F440720A4382651F0322D584
:1026B000D4F8A010B1F5803F00F01682B1F5003FCC
:1026C0000ED0002940F0B780504A926A02F003020F
:1026D000032A00F0B080201DFFF79AFC236805460E
:1026E000002D40F091814949D4F8A0008A6D22F470
:1026F000403202438A6558030FD5D4F88420B2F5DE
:10270000001F00F0DF81B2F5401F00F0B480B2F589
:10271000801F00F0AB8001263546D9031CD5E26C42
:10272000002A00F03C81B2F5803F71D1374A926AAD
:1027300002F00302032A6BD00221201DFFF768FC80
:1027400005462368002D40F032813049E06CCA6CA8
:1027500022F480320243CA649A000FD52B4A926A4F
:1027600002F00302032A00F0E480022104F12400B5
:10277000FFF7BEFC0028236818BF01269F0335D44D
:10278000301E18BF0120DE0206D52049256F0A6DD4
:1027900022F000422A430A65DD0007D51B49D4F820
:1027A000B4500A6922F480422A430A61990206D58C
:1027B0001649A56E0A6D22F080722A430A655A00F6
:1027C00009D5124A116921F4004111611169D4F847
:1027D000B85029431161002B06DA0C4A216DD36CE5
:1027E00023F040530B43D364BDE8F883E26FB2F5A6
:1027F000807F00F0C28040F2098122F48071B1F53F
:10280000007F00F0BF800120BDE700BF00440258F8
:1028100001263546A0E7A949CA6A42F40032CA62D5
:10282000002D40F0C680A549E06E0A6D22F04052AE
:1028300002430A651BE6012635465CE79F4A926A19
:1028400002F00302032A3FF45DAE0121201DFFF7D1
:10285000DFFB23680546002D40F0BD809749A06F3F
:102860004A6D22F0380202434A654DE69349CA6A2E
:1028700042F40032CA62002D40F0A5808F49D4F89E
:1028800084004A6D22F4401202434A6545E78C4FAA
:102890003B6843F480733B60FAF78CFB804606E0AC
:1028A000FAF788FBA0EB0800642800F2AC823B68D2
:1028B000DA05F5D5002D40F0A782804AD4F8B03073
:1028C000116F594011F4407F0BD0116F106F21F43C
:1028D000407140F480301067106F20F48030106732
:1028E0001167B3F5807F00F0B78203F44072B2F550
:1028F000407F00F0C48271490A6922F47C520A6167
:102900006E4AC3F30B03116F0B4313672368C9E5CA
:102910006A49CA6A42F40032CA623546002D40F064
:1029200098816649606D0A6D22F0070202430A65CC
:1029300088E4012622E7614A926A02F00302032A30
:1029400000F08282022104F12400FFF7D1FB00286D
:10295000236818BF0126A9E6584A926A02F00302CA
:10296000032A00F07382022104F12400FFF7C0FB68
:102970000028236818BF01268AE65048C16A41F43E
:102980000031C162002D7FF43EAF4C4D301E696DA9
:1029900018BF012021F440710A436A65F3E64749F4
:1029A000CA6A42F40032CA62002D3FF4CEAE2E460F
:1029B000D2E62E465BE54149606CCA6C22F0030208
:1029C0000243CA646BE52E46A7E62E46CCE42E46AB
:1029D0003DE52E4627E62E4696E53849D4F8900088
:1029E0008A6D22F0070202438A65CEE52E4607E58E
:1029F0003249606F4A6D22F0070202434A65A2E540
:102A00002E46E9E52E4635E62E4674E6002A7FF48A
:102A1000FAAEB7E7294A926A02F00302032A00F0ED
:102A2000B081022104F12400FFF762FB0546236810
:102A3000002DE7D116E6214A926A02F00302032A2A
:102A400000F09281022104F12400FFF751FB0546BA
:102A50002368002DD4D1B7E5184A926A02F0030228
:102A6000032A00F06681022104F12400FFF740FBF5
:102A700005462368002DACD1CDE5104A926A02F0DC
:102A80000302032A00F0E4810221201DFFF7C0FAAF
:102A900005462368002D7FF401AD8CE7074A926A52
:102AA00002F00302032A00F0AA810221201DFFF791
:102AB000AFFA05462368002D87D14EE40044025842
:102AC00000480258BF4A926A02F00302032A3FF408
:102AD00022AE012104F12400FFF70AFB054623681A
:102AE000002D7FF470AFC9E6B64A926A02F0030285
:102AF000032A3FF4A0AE022104F12400FFF7F8FA04
:102B000005462368002D7FF47FAFECE5AD4A926A5D
:102B100002F00302032A00F0FE80012104F12400E8
:102B2000FFF7E6FA05462368002D7FF45FAF60E407
:102B3000A44A926A02F00302032A00F007810121ED
:102B400004F12400FFF7D4FA05462368002D7FF432
:102B50003EAF74E49B49CA6A42F40032CA62002D57
:102B60003FF48EAB2E46FFF792BB9649CA6A42F4F9
:102B70000032CA62002D3FF417AC2E461BE4914987
:102B8000CA6A42F40032CA62002D3FF4A1AB2E465D
:102B9000FFF7A6BB8B48C16A41F40031C162FFF761
:102BA0003CBB884A926A02F00302032A00F0FB80D1
:102BB000002104F12400FFF79BFA05462368002D4D
:102BC0003FF4AFAB2E46FFF7B4BB7E4A926A02F0E9
:102BD0000302032A00F0F280002104F12400FFF731
:102BE00087FA23680546FFF748BB764A926A02F0E7
:102BF0000302032A00F0FC80002104F12400FFF707
:102C000077FA23680546FFF760BB6E4A926A02F0C6
:102C10000302032A00F0BC8002212430FFF768FA87
:102C2000FFF7F6BA6749CA6A42F40032CA62FFF790
:102C300075BB644A926A02F00302032A3FF400ABB8
:102C40000021201DFFF7E4F905462368002D3FF41D
:102C500068AE2E46FFF7F6BA5A4A926A02F00302AD
:102C6000032A00F0B980002104F12400FFF740FAA4
:102C700023680546FFF795BB524A926A02F00302A9
:102C8000032A3FF4DDAA002104F12400FFF730FA03
:102C90002368054642E64B4A926A02F00302032A81
:102CA00000F0C780012104F12400FFF721FA054656
:102CB0002368002D7FF446AC9AE6424A926A02F0FD
:102CC0000302032A00F0B980012104F12400FFF778
:102CD0000FFA05462368002D7FF456AC7DE6394A8D
:102CE000926A02F00302032A3FF40CAC012104F1C2
:102CF0002400FFF7FDF905462368002D7FF46BAE35
:102D0000ACE522F48031B1F5802F3FF46FABB2F522
:102D1000403F3FF46BAB01263546FFF771BB22F411
:102D20008061B1F5805F3FF473ACB2F5406F3FF462
:102D30006FAC0126354676E422F08051B1F1804F28
:102D40003FF47AABB2F1405F3FF476AB01263546F3
:102D5000FFF77DBB22F08051B1F1804F3FF431ACE1
:102D6000B2F1405F3FF42DAC0126354634E422F445
:102D70000051B1F5004F3FF472ACB2F5C04F3FF4D3
:102D80006EAC0126354675E4B2F5401F3FF445AA06
:102D90000126FFF749BAB2F1407F3FF4BFAAB2F172
:102DA000806F3FF4BBAA01263546FFF7C2BAC02A9E
:102DB0003FF463AAB2F5807F3FF45FAA012635464F
:102DC000FFF765BA00440258B2F5405F3FF4E9AA44
:102DD000B2F5804F3FF4E5AA01263546FFF7EBBA7E
:102DE000B2F5C00F3FF471AAB2F5000F3FF46DAA1F
:102DF00001263546FFF774BA302A3FF4ABAA012604
:102E00003546FFF7B1BA032523682E46FFF74ABBC4
:102E1000224A926A02F00302032A3FF426AB012100
:102E2000201DFFF7F5F805462368002D7FF4C1AD9E
:102E3000F9E401263546FFF786BB01263546FFF744
:102E4000A4BB0326FFF7F0B901262FE401261FE4F7
:102E500001263546FFF723BBFAF7ACF80F4F814642
:102E600041F2883805E0FAF7A5F8A0EB09004045E3
:102E70000FD83B6F9B07F6D5D4F8B03035E507483F
:102E8000074A016902EA131221F47C510A430261E4
:102E900036E5032623683546FFF704BB0044025895
:102EA000CFFFFF0008B5FFF761F8054B054A1B6A25
:102EB000C3F30213D35C03F01F03D84008BD00BF67
:102EC00000440258ECAD0124484A10B5D2F828C09D
:102ED000D2F828E0D46A1EF47C3FCEF30533D16BE0
:102EE0005AD0C1F3CC0104F0100E07EE903A0CF06A
:102EF00003030EFB01F1012BB8EEE77A06EE901A00
:102F0000FAEEE96A03D0022B69D0002B48D0DFED3E
:102F1000387A87EE876A936BC3F3080307EE903A1B
:102F2000F7EE005AF8EEE77A77EEA67A77EEA57A12
:102F300067EE867A2D4AB7EE006A936BC3F3462399
:102F400007EE103AB8EEC77A37EE067AC7EE876A10
:102F5000FCEEE66AC0ED006A936BC3F3064307EE2E
:102F6000103AB8EEC77A37EE067AC7EE876AFCEEFB
:102F7000E66AC0ED016A936BC3F3066306EE903A0E
:102F8000F8EEE66A76EE866A87EEA67AFCEEC77AF7
:102F900017EE903A836010BDC0E90033836010BD26
:102FA00013689B061ED5D2F800C0F7EE005A936B4B
:102FB0001049CCF3C102C3F30803D14007EE903AA5
:102FC00006EE101AF8EEE77AB8EEC66A77EEA66A51
:102FD000C6EE077A36EEA57A67EE877AAAE7DFEDC6
:102FE000067A96E7DFED057A93E700BF00440258C2
:102FF0000024744A0090D0030024744B0024744CC5
:10300000484A10B5D2F828C0D2F828E0D46A1EF099
:103010007C7FCEF30553516C5AD0C1F3CC0104F43C
:10302000807E07EE903A0CF003030EFB01F1012BBA
:10303000B8EEE77A06EE901AFAEEE96A03D0022BB0
:1030400069D0002B48D0DFED387A87EE876A136CA1
:10305000C3F3080307EE903AF7EE005AF8EEE77A6A
:1030600077EEA67A77EEA57A67EE867A2D4AB7EEE6
:10307000006A136CC3F3462307EE103AB8EEC77A22
:1030800037EE067AC7EE876AFCEEE66AC0ED006AA4
:10309000136CC3F3064307EE103AB8EEC77A37EE67
:1030A000067AC7EE876AFCEEE66AC0ED016A136C29
:1030B000C3F3066306EE903AF8EEE66A76EE866AA9
:1030C00087EEA67AFCEEC77A17EE903A836010BDC1
:1030D000C0E90033836010BD13689B061ED5D2F88B
:1030E00000C0F7EE005A136C1049CCF3C102C3F3D1
:1030F0000803D14007EE903A06EE101AF8EEE77A90
:10310000B8EEC66A77EEA66AC6EE077A36EEA57AFC
:1031100067EE877AAAE7DFED067A96E7DFED057AB4
:1031200093E700BF004402580024744A0090D00383
:103130000024744B0024744C484A10B5D2F828C0BF
:10314000D2F828E0D46A1EF47C7FCEF30513516BCD
:103150005AD0C1F3CC0104F0010E07EE903A0CF006
:1031600003030EFB01F1012BB8EEE77A06EE901A8D
:10317000FAEEE96A03D0022B69D0002B48D0DFEDCC
:10318000387A87EE876A136BC3F3080307EE903A29
:10319000F7EE005AF8EEE77A77EEA67A77EEA57AA0
:1031A00067EE867A2D4AB7EE006A136BC3F34623A7
:1031B00007EE103AB8EEC77A37EE067AC7EE876A9E
:1031C000FCEEE66AC0ED006A136BC3F3064307EE3C
:1031D000103AB8EEC77A37EE067AC7EE876AFCEE89
:1031E000E66AC0ED016A136BC3F3066306EE903A1C
:1031F000F8EEE66A76EE866A87EEA67AFCEEC77A85
:1032000017EE903A836010BDC0E90033836010BDB3
:1032100013689B061ED5D2F800C0F7EE005A136B58
:103220001049CCF3C102C3F30803D14007EE903A32
:1032300006EE101AF8EEE77AB8EEC66A77EEA66ADE
:10324000C6EE077A36EEA57A67EE877AAAE7DFED53
:10325000067A96E7DFED057A93E700BF004402584F
:103260000024744A0090D0030024744B0024744C52
:10327000B0F5807F00B585B029D0B0F5007F0ED0C5
:10328000B0F5806F3DD0B0F5006F2BD0B0F5805F0A
:1032900045D0B0F5002F6AD0002005B000BD464AE9
:1032A000136D03F4E073802B52D040D9C02B33D080
:1032B000B3F5807FF0D1D36C13F0405355D0B3F108
:1032C000805F71D0B3F1005FE6D13C48E5E73A4B4F
:1032D0001B6D03F00703042BDED8DFE803F0312970
:1032E000391D4100344A936D03F0E063B3F1007F70
:1032F0002ED01CD9B3F1407F0ED0B3F1806FDAD05D
:10330000CAE72D4A936D03F46003B3F5800F1FD015
:103310000DD9B3F5C00F3CD1294805B000BD264AF0
:10332000136D03F4E043B3F5005F11D035D83BB122
:10333000002301A80193FFF7C7FD019805B000BD68
:10334000002301A80293FFF7F7FE029805B000BD25
:10335000002301A80193FFF753FE019805B000BDBB
:10336000154BDB6C13F04053A9D1164895E7124A70
:10337000936D03F44033B3F5803F17D0B3F5003FAE
:1033800099D0002B88D101A80193FFF79DFD0198EA
:1033900083E7B3F5000F8ED07EE7B3F5405FBBD077
:1033A000B3F5804F87D077E7074876E701A8FFF7A6
:1033B00027FE039871E700BF004402580024F40080
:1033C0000080BB000090D00300093D0008B5FEF767
:1033D00027FC064B06499B69064AC3F30323CB5CD3
:1033E00003F01F03D840106008BD00BF004402581E
:1033F000ECAD012488060020002800F04081F8B5DB
:103400000446F9F7EFFD94F838302168012B17D006
:10341000AB4B994224D02033994221D003F57873E5
:1034200099425ED0203399425BD003F5787399427C
:1034300000F072812033994200F06E81A14E10E0BD
:103440009F4B994205D003F1C053A3F582339942B3
:103450003ED16368012B3BD1636C002BD8D037E0A1
:10346000994E94F8913003F0FF02002B40D0974B17
:10347000974A1B68A2FB03230A681B0B22F48032C5
:103480009B000A60F3B10A68013B12F48032F9D163
:10349000E0680223012884F891301BD0984200F0A4
:1034A00034811846944601274FF0030EA368013B70
:1034B000042B00F26681DFE813F0310123003801AC
:1034C00022003401D4F8943043F04003C4F894301F
:1034D0000120F8BD112712204FF0130E4FF0100CF1
:1034E000E4E794F891307B4E03F0FF02002BBED14D
:1034F000204684F89020F6F7EDFA2168B7E7844675
:103500004FF40067236AC6F800C0002B40D06C4B14
:10351000994200F014812033994200F010816E4BE3
:10352000994200F01A812033994200F016816B4BCA
:10353000994200F00B812033994200F00781684BDB
:10354000994200F01781674B994200F00D81A36901
:1035500002EB8202216AB3F5002F4FEA420200F02B
:10356000E880A36AB3F1806F14BF0123022301FB3B
:1035700003F31B02B2FBF3F35B4AA2FB0312D20874
:1035800002EB8201A3EB4103092B08BF0132626207
:103590006368216D33F0020340F0B080013918BF39
:1035A00001214D02F9F71EFD6368626CB0F5005F02
:1035B000616A42EA0302A36C42EA0302E36C42EA54
:1035C0000302E36A42EA0302636942EA0302A3696F
:1035D00042EA0302A36A42EA03022368D3F800E046
:1035E00062D342480EEA00001860186840EA0150B1
:1035F0002169084302433A432A431A605A683C4906
:10360000206B1140E2690243606B596002435968C4
:10361000E06D0A4337495A609A681140626E02436E
:10362000206E9960024399684FF220000A43616D51
:1036300001390A43A16D013942EA01229A60D96831
:10364000A26E0140E06ED9600243D9680A43616FFF
:1036500042EA0142216F013942EA012218498B42B4
:10366000DA600ED01E4A93420BD000230122C4F828
:103670009430184684F8903084F89120F8BD0120E9
:103680007047736C23F00103736494F83830012B96
:10369000EBD1D4E90F23013A43EA02137364736C4C
:1036A00043F001037364E0E713480EEA000018607A
:1036B000186840EA015002433A432A431A609DE7E2
:1036C000045801400054005800580140880600206A
:1036D0001BECCB95005C0140045C014004600140A0
:1036E0000454005824540058CDCCCCCC10C005F064
:1036F000F01FFFFF0080F8FF10C005F8A1F10101E5
:10370000B1FA81F149094D024CE7212722204FF0FF
:10371000230E4FF0200CC9E61B4EA2E64FF4806743
:10372000F0E6F4464FF40067ECE6BC464FF4006761
:10373000E8E6636D03FB01F1B2FBF1F31CE74FF424
:103740008070FFF795FD21680246E8E64FF40070AF
:10375000FFF78EFD21680246F1E64FF40070FFF797
:1037600087FD21680246E2E64FF40060FFF780FD26
:103770000246ECE64FF48060FFF77AFD21680246CE
:10378000E1E60027BEE600BF00600140022910B557
:1037900033D9A1F1030CBCF1010F2CD844684FF0D0
:1037A000000C036734F00204C0F844C0C0F84CC0F9
:1037B0000CBF4FF0010E4FF0000EC0F85CC00429A2
:1037C000C0F868C04FF400314FF6FF7CC0F850E0FD
:1037D00001664FF48021C0F874C014BF4FF00D0C87
:1037E0004FF0010C4166C0F858C0032A03D8DFE847
:1037F00002F0433D3B31012010BD44684FF0000C06
:10380000036734F00204C0F844C0C0F84CC0C0F8EC
:1038100068C018BF4FF0010CC0F850C04FF4803C96
:10382000C0F85CC04FF6FF7CC0F874C013F0010C08
:10383000E1D101F1FF3EBEF1010F24D8C0F864C010
:103840004FF4003CC0F860C0032AD4D8DFE802F08F
:1038500031503D25E0215B01802281644365C266D1
:10386000BDE81040FFF7C8BDC021F4E780225B012E
:1038700082644365C266F3E780211B0140228164B4
:103880004365C266ECE74FF48021C0E918C1032A02
:10389000B1D8DFE802F00E403C025B084FF0E00CCC
:1038A0009A0180215B01C0F848C0C166C0E91523B8
:1038B000D6E75B084FF0800C40215A01C0F848C0A1
:1038C0001B01C166C0E91523CAE75B08C0224FF09F
:1038D000800E02294FEA831C82644FEA4313C0F82A
:1038E0006CE0C0F854C08365BAD108238366B7E79B
:1038F0005B08802202294FEA831C82644FEA43134B
:10390000C266C0E915C3ABD110238366A8E75B0884
:103910004FF0C00CC4E75B088022990182645B0110
:10392000C266C0E915139BE72DE9F0410F46154625
:103930000446F9F73FFB002F5FD0B5FA85F84FEA50
:103940005818002D59D094F89130012B4FD194F88C
:103950009020012A4BD084F8903043461222C4F8BC
:10396000948065F30F03064684F891203946D4F815
:10397000800065F31F432C4AA767E3672B46026468
:103980002A4AC0F85080C263294AC26422681C32A5
:10399000FAF7E4FA074670BB626C6368082A30D015
:1039A00005226121023B012B88BF11462268136961
:1039B0000B431361136843F40033136006E0F9F717
:1039C000F9FA801BB0F57A7F22D82268556915F480
:1039D000E025F4D01368DB0303D4136843F4803389
:1039E00013600023384684F89030BDE8F081022748
:1039F0003846BDE8F08184F8908001273846BDE85C
:103A0000F08123F00202012ACAD115227121C9E7EF
:103A1000D4F89430032784F8905043F0400338469C
:103A2000C4F89430BDE8F081613B0124FD3A0124E3
:103A3000DD3B012400294FD038B5B2FA82F56D097B
:103A4000002A47D0044690F8910001283ED194F80E
:103A50009030012B3AD013460A462946C4F89450B8
:103A600084F8900063F30F01D4F88400A26763F335
:103A70001F41E167222184F891101C49056501640A
:103A80001B49C1631B49C16421681C31FAF766FAFE
:103A9000F0B923681A68D20303D41A6842F480325A
:103AA0001A60616C6268082918D005256121023A04
:103AB000012A88BF29461A690A4300211A611A6837
:103AC00042F400321A6084F8901038BD022038BDEC
:103AD00084F89050012038BD0120704722F0020187
:103AE0000129E2D115257121E1E700BFCD3B012479
:103AF0006D3B0124DD3B0124704700BF08B5C3695D
:103B0000806BB3F5807F1DD003684FF0000ED0F8B6
:103B100044C01968BCF1080F426821F40031A0F8D4
:103B20007EE0196011D06FF061016FF0050C023A70
:103B3000012A88BF61461A694FF0010C0A401A61D8
:103B400080F891C0FFF7D8FF08BD22F002010129DB
:103B5000E9D16FF071016FF0150CE8E7704700BF15
:103B6000806B08B5FFF7FAFF08BD00BF08B5C36951
:103B7000806BB3F5807F1DD003684FF0000ED0F846
:103B800044C01968BCF1080F426821F40031196083
:103B9000A0F87EE011D06FF061016FF0050C023AE1
:103BA000012A88BF61461A694FF0010C0A401A6168
:103BB00080F891C0F6F752F908BD22F00201012900
:103BC000E9D16FF071016FF0150CE8E7806B08B573
:103BD000F6F708F908BD00BF704700BF10B5846B49
:103BE000FAF7D6FE022823D0D4F89420216842F0B8
:103BF0008002134B1348C4F894201B680A68A0FB8A
:103C0000030322F400321B0B0A600A689B0022F4B3
:103C100080320A606BB10A68013BD203FAD40122F8
:103C20000023204684F89120A4F87E30FFF7D4FFCB
:103C300010BDD4F8943043F04003C4F89430EEE75C
:103C4000880600201BECCB9518B338B590F82C30C3
:103C500004460D4603F0FF02B3B12146022384F867
:103C60002C3051F8040B01F085FF6268294620686A
:103C700001F0B6FF084A01210020136843F0004319
:103C8000136084F82C1038BD80F82D20F3F7ECF980
:103C9000E3E70120704700BF0040005230B590F8C4
:103CA0002C30044683B0022BD8B204D000F0FB03C2
:103CB000012B02D0012003B030BD02200D4601933C
:103CC00084F82C00206801F0C7FF2A68019B0020BF
:103CD000022A08BF052384F82C3003B030BD00BF92
:103CE00090F82C200346022AD0B216D010B593F8D3
:103CF0002C2082B0012AD4B202D0012002B010BD23
:103D000002221868019383F82C2001F0B9FF0020EB
:103D1000019B83F82C4002B010BD704703682E4908
:103D20005A69D3F818C04CF0080CC3F818C0D3F87F
:103D300018C04CF0100CC3F818C0D3F800C02CF019
:103D4000010CC3F800C0D3F810C00CEA01011961DE
:103D5000996821F44041996090F88110042901D0BC
:103D600091062ED490F88110032901D051061DD45C
:103D7000910509D5D0F8841041F00101C0F88410F4
:103D8000996941F400719961D20509D5D0F8842070
:103D900042F00802C0F884209A6942F480729A6165
:103DA0000023A0F86230A0F86A307047D0F8841081
:103DB00041F00401C0F88410996941F04001996113
:103DC000D6E7D0F8841041F08001C0F884109969DA
:103DD00041F020019961C5E790FCFFFF002800F049
:103DE000B78003465B4A00201968914270B5D3F84A
:103DF0000CE082B0986261D0A2F5784291425DD029
:103E000002F58062914200F09980BEF10F0F6AD8EE
:103E1000D3F83CC04FEADE024FEA5C10013200FBEF
:103E20000222082A5FD893F88120002A75D0002644
:103E300002229C6B586883F8812025460A6822F08C
:103E400001020A609A69B2F1806F5CD002435C6B38
:103E500046EA0C0C2A4322435C6A22431C69224333
:103E60005C6922431C6A2243DC6C22439C68224327
:103E7000DC694CEA040C9C6C22439C6D4CEA0E0CF1
:103E80002243C1F808C0CA6080BB8A6822F4C052CD
:103E900042F400628A608A6822F4C06242F480625E
:103EA0008A600A6D22F001020A6500220121104693
:103EB000C3F8842083F8811002B070BD2548264ADB
:103EC000D3F83CC0914218BF814203D002F5806212
:103ED0009142A8D10EF108024FEA5C10D20800FB13
:103EE0000222102A9FD9012002B070BD0A6D22F073
:103EF00001020A654202D8D5CA68586D22F0004214
:103F00000243CA60D1E7B0F5800F9FD1002C9DD14C
:103F10000C6844F480540C6098E702F0FF021846E5
:103F2000019383F88020F6F7A3FB019B9A6A196836
:103F30001646D3F83CC0D3F80CE079E7D3F83CC080
:103F40000EF108024FEA5C10D20800FB0222C8E71B
:103F50000120704700300140003800402DE9F04159
:103F6000174690F8802082B0012A7ED01D4601239A
:103F70000446019180F88030F9F71CF894F88130FC
:103F800006460199012B5FFA83F86BD1002900F0F6
:103F9000D380B7FA87F35B09002F00F0CD800322AE
:103FA0006366A4F8683084F88120C4F88430A4F8EB
:103FB0006270A4F86A30E1652168A4F86070084670
:103FC000C4E91C33A368B3F5C02F03D10B6843F4D5
:103FD00000630B604B686FF30F033B434B600B6850
:103FE00043F001030B606368B3F5800F03D10B68E6
:103FF00043F400730B606F1CE36818BF01270F2B9D
:1040000076D8072BB4F862309BB254D9D3B93BE0D1
:10401000B4F86220E36D92B21846012A40F2A480FF
:10402000E26B002A00F0A08053F8042B0A62E365DB
:10403000B4F86230023BA4F86230B4F8623008464B
:104040009BB20BB34B6913F00203E1D10193F8F774
:10405000B1FF801B019BA84202D3002F40F0AC802F
:104060002168EAE7002384F880304FF002084046D8
:1040700002B0BDE8F081F8F79DFF801B854202D8B1
:10408000002F40F09280206843691B07F3D520463B
:10409000FFF744FE0123002284F88130D4F88430F5
:1040A00084F88020B3EB020818BF4FF001084046A7
:1040B00002B0BDE8F081002BE6D04B6913F002039B
:1040C00069D0B4F86230E26D9BB2032B3BD9E36B4D
:1040D000402B38D952F8043B0B62B4F86230E265E9
:1040E000043BA4F86230B4F8623008469BB2E2E7C1
:1040F000B4F862309BB283B9C6E7E26D52F8043B74
:104100000B62B4F86230E265013BA4F86230B4F8A7
:10411000623008469BB2002BB6D04B6913F0020305
:10412000EBD10193F8F746FF801B019BA84201D316
:10413000002F41D12168EAE70023404684F880300F
:1041400002B0BDE8F081B4F862309BB2012B15D902
:10415000E36B9BB132F8023B0B84B4F86230E2654A
:10416000023BA4F86230BEE730F8023B0B84B4F89F
:104170006230E065013BA4F862305EE7137881F8B5
:104180002030E36D21680133E365B4F86230013B10
:10419000A4F86230A7E70193F8F70CFF801B019B9E
:1041A000A84200D347B921689DE7D4F8843043F092
:1041B0002003C4F884306AE720460193FFF7AEFD80
:1041C000D4F88420019B012142F4807284F880306D
:1041D000C4F8842084F8811049E700BF38B590F80E
:1041E0008030012B79D0154690F8813001220446A9
:1041F000934280F880206DD1002966D0B5FA85F30E
:104200005B09002D61D00322C165A0F8605080F8E1
:1042100081208268C0F88430B2F5C02FA0F86250C7
:10422000436603674367A0F86830A0F86A3004D19A
:104230000268136843F400631360E368A06F0F2BF8
:1042400082694CD9B2F5804F3FD1374B2268036465
:10425000364B2032C363364BC3640023036552F8E8
:10426000183C23F4004342F8183CB4F862309BB287
:10427000F9F774FE002842D1A26F2368D269B2F523
:10428000807F5A686FF30F0218BF2A435A609A68FA
:10429000616842F40042B1F5800F9A601A6942F4F5
:1042A00048721A611A6842F001021A6003D11A6852
:1042B00042F400721A60002384F8803038BDB2F5F1
:1042C000005F26D0B2F5804F26D0002384F88030DE
:1042D000012038BD002380F88030022038BD072B34
:1042E000EDD8B2F5005F17D0B2F5804FADD1B4F87C
:1042F00062309BB203339B08A4F86230A5E7D4F880
:104300008430012243F01003C4F8843084F8812003
:10431000DEE7B2F5804F98D1B4F862309BB201333A
:104320005B08A4F8623090E731470124B5460124C8
:104330005D47012438B51D4690F88030012B00F010
:104340008F800123044680F8803090F881304068E7
:10435000DBB2B0F5800F79D0012B7ED1002D18BFD4
:10436000002A6ED000296CD094F88130042B02D042
:10437000052384F881300023E1652168C4F8843086
:10438000A4F86250A4F86A50A4F860506266A4F8D9
:104390006850E06FC4E91C338B68D0F818C023F470
:1043A00040438B60E3680F2B5CD9BCF5804F48D14C
:1043B00094F88130042B7ED0DFF864C1554B303146
:1043C000C0E90F3C544BC36400230365B4F86A3062
:1043D0009BB2F9F7C3FD002863D12268A16F9368EF
:1043E000203243F4804342F8183CB4F86230C1E90B
:1043F0000F00C1E913009BB20846E16DF9F7AEFD6D
:1044000000284ED1A26F2368D269B2F5807F5A6826
:104410006FF30F0218BF2A435A609A68616842F42A
:104420000042B1F5800F9A601A6942F458721A611D
:104430001A6842F001021A6041D0002384F88030EB
:1044400038BD002384F88030012038BDA0680028E2
:1044500082D1042B82D0012B80D0002384F88030BD
:10446000022038BD072B2FD8A36F9B69B3F5005FDF
:1044700048D0B3F5804F06D1B4F862309BB2033315
:104480009B08A4F86230BCF5005F33D0BCF5804FC8
:104490008ED1B4F86A309BB203339B08A4F86A301B
:1044A00086E7D4F88430012243F01003C4F8843046
:1044B00084F88120C8E7DFF86CC0184B7FE71A68E2
:1044C00042F400721A60B8E7BCF5005F02D0BCF598
:1044D000804FB6D1A36F9B69B3F5804F06D1B4F876
:1044E00062309BB201335B08A4F86230BCF5804FA8
:1044F0007FF45EAFB4F86A309BB201335B08A4F876
:104500006A3055E7B4F862309BB201335B08A4F817
:104510006230B8E7054701245D470124DD460124E8
:10452000514701244147012470B5154682688C46E5
:10453000044622B94368B3F5800F00F08C8094F8EC
:104540008030012B70D0012384F8803094F88130C2
:10455000012B66D1BCF1000F5ED0B5FA85F35B0983
:10456000002D59D00421B2F5C02FC4F864C084F8DE
:104570008110A4F86850C4F88430A4F86030A4F81E
:104580006A50A4F86230C4E91C3304D1226813686D
:1045900023F400631360E368E06F0F2B826945D951
:1045A000B2F5804F38D121688B6823F480438B604B
:1045B0003D4B6246303103643C4BC3633C4BC364A8
:1045C00000230365B4F86A309BB2F9F7C7FC0028F2
:1045D0004AD1E26F2368D269B2F5807F5A686FF3DF
:1045E0000F0218BF2A435A609A68616842F48042F9
:1045F000B1F5800F9A601A6942F450721A611A6814
:1046000042F001021A6003D11A6842F400721A6083
:10461000002384F8803070BD002384F880300120AE
:1046200070BD002384F88030022070BD072B25D890
:104630002168B2F5005F8B6823F480438B602BD038
:10464000B2F5804FB4D1B4F86A309BB203339B0803
:10465000A4F86A30ACE72B4604250A4680F881505E
:10466000BDE87040FFF766BED4F88430012243F005
:104670001003C4F8843084F88120D0E7B2F5005FDD
:1046800002D0B2F5804FC7D12168B2F5804F8B6858
:1046900023F480438B608BD1B4F86A309BB2013332
:1046A0005B08A4F86A3083E741470124DD46012412
:1046B0005D470124806B08B590F88130072B09D045
:1046C000836FDB69B3F5807F05D00268136943F01F
:1046D0000803136108BDF6F72DF908BD806B08B516
:1046E00090F88130072B09D0C36FDB69B3F5807F69
:1046F00005D00268136943F00803136108BDF6F79B
:1047000079F908BD806B08B590F88130072B09D086
:10471000836FDB69B3F5807F05D00268136943F0CE
:104720000803136108BDF6F7C5F908BD704700BF5F
:10473000806B08B5FFF7FAFF08BD00BF704700BFE8
:10474000806B08B5FFF7FAFF08BD00BF704700BFD8
:10475000806B08B5FFF7FAFF08BD00BF10B5846B8A
:10476000FAF716F9022800D110BD236830495A69BA
:10477000986940F008009861986940F010009861CD
:10478000186820F0010018601869014019619968E3
:1047900021F44041996094F88110042901D09106D8
:1047A0003AD494F88110032901D0500629D49105F8
:1047B00009D5D4F8841041F00101C4F88410996936
:1047C00041F400719961D20509D5D4F8842042F0F2
:1047D0000802C4F884209A6942F480729A61002326
:1047E00001222046A4F86230A4F86A30D4F884305C
:1047F00043F01003C4F8843084F88120F6F7BAF946
:1048000010BDD4F8841041F00401C4F884109969F3
:1048100041F040019961CAE7D4F8841041F0800169
:10482000C4F88410996941F020019961B9E700BF8B
:1048300090FCFFFF02680346F0B5D2F810E083B0A9
:10484000D2F814C091680F4690F88110CEB20EEAEB
:104850000C0111F0400501F020040FD1002C40F0B4
:1048600090804C0740F1F980426F00909047009B88
:104870001A6F184603B0BDE8F0401047002C71D104
:104880008C0700F1F68011F0080440F083801CF4DE
:10489000006007D01EF0080F6ED111F4587F00F0B1
:1048A000D3802046002D40F0F2808C0509D5D3F846
:1048B000844044F00104C3F88440946944F40074D3
:1048C0009461C90509D5D3F8841041F00801C3F8F3
:1048D0008410916941F48071916148B1D3F88410DA
:1048E00041F08001C3F88410916941F02001916189
:1048F000D3F88410002900F0A780106807F4404422
:10490000764920F00100B4F5404F1060106900EACC
:104910000101116140F0B2809168D86F21F44041EB
:10492000916060B16E4A00930265F9F757FC009BF5
:1049300028B1D3F8842042F04002C3F88420986F55
:10494000002800F08180664A00930265F9F746FC72
:10495000002879D0009BD3F8842042F04002C3F8AD
:10496000842071E00D0715D41CF4006F00F08E80D8
:104970001EF0080F00F08A80936943F4006393618E
:1049800062E0CC0762D54C0760D4036F03B0BDE88A
:10499000F0401847916917F4404F41F008019161C8
:1049A000916941F010019161916941F40061916157
:1049B000116921F00801116114D0042E0ED0996FF5
:1049C000C96979B1032E00F08480D96FC96949B1F2
:1049D000052E39D11846F6F76DF835E0D96FC9695B
:1049E000002972D1916811F4404F1CD1B3F86A10BC
:1049F00089B2C1B1596E0DE0126B41F8042BB3F8C6
:104A00006A205966013AA3F86A20B3F86A2092B284
:104A10004AB11A68D8680F28EED8072842D9128EF2
:104A200021F8022BEBE718460093FFF777F90122F4
:104A3000009B83F88120D3F884201ABB052EC9D0AF
:104A4000042E42D0032E44D003B0F0BD0807A1D4F9
:104A50001CF4006F37D020241CE7CC0728D488072B
:104A60000AD411F0080495D11CF4006F3FF415AF7F
:104A700010E748073FF507AF5A6FFAE601221846DC
:104A800083F88120F6F776F803B0F0BD2020D3F844
:104A9000844044F00404C3F88440946944F0400422
:104AA000946102E792F830200A70596E0131A6E74E
:104AB000026F009101909047009901F022010229B4
:104AC000C2D1019BD8E72020EFE61846F5F792FF08
:104AD000BAE71846F5F72EFFB6E700BF94FCFFFFD4
:104AE000E54A012408B5806B00230122A0F86A3052
:104AF000A0F8623080F88120F6F73CF808BD00BFCE
:104B000090F88100704700BF70B5D0F88060202E0B
:104B10003ED189B3B2FA82F513466D0962B390F8BB
:104B20007C200446012A33D00122A0F856300165CA
:104B300080F87C202122C0F88850A0F85430C0F8BA
:104B40008020406FD0B1DFF84CC02268C0F83CC074
:104B5000DFF844C028320565C0F840C0DFF83CC02B
:104B6000C0F84CC0F9F7FAF940B1102384F87C5032
:104B7000C4F88830C4F88060012070BD23684021EB
:104B8000196284F87C009A6842F080029A6070BDD5
:104B9000022070BD454C0124754C0124C54C0124F4
:104BA00070B5D0F88460202E43D181B3B2FA82F57B
:104BB0006D0962B390F87C300446012B39D0012393
:104BC000C0F88850816580F87C302223A0F85C20F2
:104BD000C0F88430806FE0B1DFF85CC013460A464D
:104BE0002168C0F83CC0DFF854C024310565C0F826
:104BF00040C0DFF84CC0C0F84CC0F9F7AFF940B185
:104C0000102384F87C50C4F88830C4F880600120F8
:104C100070BD236884F87C001A6842F480721A60C0
:104C20009A6842F001029A609A6842F040029A60E3
:104C300070BD022070BD00BF814C0124B94C01241D
:104C4000C54C012408B5C369806BB3F5807F0CD0D7
:104C500003680022A0F856209A6822F080029A6029
:104C60001A6842F040021A6008BDF6F7DDFE08BD82
:104C7000704700BF806B08B5FFF7FAFF08BD00BFA3
:104C800008B5C369806BB3F5807F12D0036800223A
:104C90002021A0F85E201A6822F480721A609A68B7
:104CA00022F001029A609A6822F040029A60C0F8ED
:104CB0008410F6F7BDFE08BD806B08B5F6F702FF5D
:104CC00008BD00BF806B08B50368D0F880C0D0F87D
:104CD00084109A68120602D5BCF1210F20D09A6880
:104CE000520601D5222908D0D0F8883043F01003AD
:104CF000C0F88830F6F72EFF08BD4FF0000C104AC0
:104D00004FF0200EA0F85EC0196821F49071196070
:104D100099680A409A60C0F884E0C0F86CC0E3E784
:104D200000224FF0200CA0F856201A6822F0C00292
:104D30001A609A6822F400029A60C0F880C0CEE738
:104D4000FEFFFFEF01680346CA6930B51507D1F8C9
:104D500000E083B0D1F808C02CD1940606D50CF041
:104D600080540EF020052C4340F0AD80D50203D5D1
:104D70001CF4800F40F0AF80140607D50CF4000C33
:104D80000EF0800050EA0C0040F09480500603D5ED
:104D90001EF0400F40F0B380110203D51EF0804F8B
:104DA00040F0C080D20103D5BEF1000FC0F2CD802B
:104DB00003B030BD6D481CEA000052D11EF4907F54
:104DC000D4D0D5074FD402F0080464B10EF020040B
:104DD000204300F0AD8008200862D3F8880040F03E
:104DE0000800C3F88800D3F888000028E0D09006B7
:104DF0000AD51EF0200F00F0A380DA6E22B118460B
:104E000000939047009B1968D3F888008A6800F0E7
:104E1000080002F04002024300F09D8008684FF055
:104E2000200C534A20F490700860886802400020EB
:104E30008A60C3F884C08A68D86652065BD58A68DF
:104E4000986F22F040028A60002854D0494A0093AB
:104E50000265F9F7C3F90028AAD0009B986F036D8B
:104E600035E0D4070AD51EF4807F07D001240C62F8
:104E7000D3F8884044F00104C3F88840950702F055
:104E8000080431D51CF0010F9FD002200862D3F82E
:104E9000880040F00400C3F8880050073ED5042085
:104EA0000862D3F8880040F00200C3F88800002CA4
:104EB00091D198E71A6F002A3FF47AAF184603B0F1
:104EC000BDE830401047C36E002B3FF471AF03B014
:104ED000BDE8304018474FF4801218460A6203B00C
:104EE000BDE8304000F080BD55077FF56EAF1CF087
:104EF000010FD4D169E71846F6F72CFE58E70A6887
:104F000020204FF0000C22F040020A60C3F880001D
:104F10001846C3F870C0F6F787FD49E7002C3FF448
:104F200062AF58E7184603B0BDE8304000F060BDFE
:104F3000D3F8880000283FF43BAF94067FF564AFB8
:104F40001CF0805F3FF460AF57E7184603B0BDE840
:104F5000304000F04BBD184601920093F6F7FAFD81
:104F6000DDE90032C3F8882022E700BF010000100D
:104F7000FEFFFFEF794F012408B5806B0023A0F8F6
:104F80005E30A0F85630F6F7E5FD08BDD0F8802079
:104F9000D0F8840010437047826830B50446006939
:104FA00087B061690243E0690A432368616E024386
:104FB000D3F800C00A43A9490CEA0101D4F824C07F
:104FC0000A43E1681A605A6822F440520A43A16910
:104FD0005A60A34A934200F01D82226AD3F808E087
:104FE0001143A04A0EEA020211439960DA6A22F0E4
:104FF0000F0242EA0C02DA629B4A934228D09B4A93
:1050000093421AD09A4A934217D09A4A934214D0A4
:10501000994A934211D0994A934219D0984A93429F
:105020000BD0984A934208D0012000234FF0011280
:10503000C4E91A23236707B030BD934B5B6D03F0BF
:105040000703052BF0D8DFE803F0D25F7CB790A30D
:105050008D4B5B6D03F03803282BE5D801A252F885
:1050600023F000BFF55201242950012429500124C6
:1050700029500124295001242950012429500124B8
:1050800029500124095101242950012429500124C7
:105090002950012429500124295001242950012498
:1050A000295001244351012429500124295001246D
:1050B0002950012429500124295001242950012478
:1050C00029500124B95101242950012429500124D7
:1050D0002950012429500124295001242950012458
:1050E000295001246B510124295001242950012405
:1050F0002950012429500124295001242950012438
:105100002950012491510124B0F5004F00F027816E
:105110006846FDF7D9FE626A019B002A40F0828052
:10512000626803EB5203B3FBF2F39BB2A3F11001ED
:105130004FF6EF7291423FF677AF2268D3600020BE
:1051400073E7B0F5004F00F0E68003A8FDF758FFC5
:10515000626A049B002AE3D0013A0A2AE0D84B494C
:1051600051F82220B3FBF2F3DAE7B0F5004F00F07C
:105170001B81BCF1000F53D00CF1FF3CBCF10A0FB6
:105180004ED8434A434B52F82C20B3FBF2F3C7E707
:10519000B0F5004F00F0F380BCF1000F3DD00CF1F2
:1051A000FF3CBCF10A0F38D83B4A4FF4004352F899
:1051B0002C20B3FBF2F3B3E7B0F5004F00F004810D
:1051C000314B1A68910637D51A68344BC2F3C102C5
:1051D000D340BCF1000FA3D00CF1FF3CBCF10A0F8F
:1051E0009ED82F4A52F82C20B3FBF2F398E7B0F583
:1051F000004F5DD0FCF7D0FE636A3BB1013B0A2B48
:1052000004D8284A52F82330B0FBF3F0626800EB70
:105210005203B3FBF2F39BB288E74FF400437FE7FE
:105220001C4B7DE7013A0A2A3FF67AAF1E4951F836
:105230002220B3FBF2F373E7BCF1000F00F0E8802B
:105240000CF1FF3CBCF10A0F00F2E280174A134B4D
:1052500052F82C20B3FBF2F362E700BFF369FFCFF3
:10526000000C0058FFF4FF11001001400044004002
:1052700000480040004C0040005000400014014035
:1052800000780040007C004000440258C0AD01247A
:10529000C0AD012400093D00C0AD01240090D00341
:1052A000C0AD0124C0AD0124C0AD0124C0AD0124B6
:1052B000FCF772FE636A3BB1013B0A2B04D8AA4A91
:1052C00052F82330B0FBF3F06268530803EB40035D
:1052D000B3FBF2F39BB2A3F110014FF6EF729142D0
:1052E0003FF6A2AE23F00F02C3F34203216813433B
:1052F000CB6024E7B0F5004F23D0FCF76BFE636A68
:10530000002B83D0013B0A2B80D8984A52F82330D7
:10531000B0FBF3F07AE703A8FDF772FE636A049925
:105320003BB1013B0A2B04D8914A52F82330B1FB20
:10533000F3F16268530803EB4103B3FBF2F39BB252
:10534000C9E7FCF747FE636A002BBDD0013B0A2B7F
:10535000BAD8884A52F82330B0FBF3F0B4E7684675
:10536000FDF7B2FD636A0199002BE2D0013B0A2BE5
:10537000DFD8814A52F82330B1FBF3F1D9E7BCF111
:10538000000F40D00CF1FF3CBCF10A0F3BD87B4B27
:1053900053F82C30B0FBF3F35B00626803EB52036D
:1053A000B3FBF2F39BB296E7BCF1000F2ED00CF1E9
:1053B000FF3CBCF10A0F29D8714A724B52F82C20DD
:1053C000B3FBF2F35B00E8E76F4B1A68900640F11D
:1053D000AB811B686D4AC3F3C103DA40BCF1000F17
:1053E00009D00CF1FF3CBCF10A0F04D8684B53F80C
:1053F0002C30B2FBF3F261684B0803EB4203B3FBC2
:10540000F1F39BB267E74FF48033C6E7614BC4E723
:105410005E4B85E69868604A02400A435A499A60A2
:10542000DA6A22F00F0242EA0C02DA628B6D03F0B4
:105430000703052B3FF6F8ADDFE813F0FA00EA00AA
:10544000B8004E0033000600BCF1000F00F05A8196
:105450000CF1FF3CBCF10A0F40F27881626802EB6C
:1054600042031546B3F5004F3FF6DEAD1303B3F527
:10547000004FFFF4D9AD4FF400004FF0000C6B0863
:105480002A4618184FF000034CF10001EBF71CF905
:10549000A0F54072414B9A423FF6C6AD2368D860F2
:1054A0004DE6BCF1000F00F01E810CF1FF3CBCF199
:1054B0000A0F40F26B816168324B01EB41020D46ED
:1054C0009A423FF6B1AD013BB3EB013FBFF4ACAD47
:1054D00033484FF0000CD2E72B4B1A68920640F18C
:1054E000F4801A68294BC2F3C102D340BCF1000F0B
:1054F00008D00CF1FF320A2A04D82A4951F8222098
:10550000B3FBF2F3616801EB41020D469A423FF6AC
:105510008BADB3EB013F3FF687AD1B4B1A6892068C
:1055200040F152811A68194BC2F3C102D340BCF159
:10553000000F0ED00CF1FF3CBCF10A0F09D81A4A3B
:105540001846002102EBCC02D2E90023EBF7BCF8AD
:10555000034668084FF4807C00212A46E3FB0C01D7
:105560000023EBF7B1F893E7C0AD0124C0AD0124EF
:10557000C0AD0124C0AD0124C0AD0124C0AD0124E3
:10558000C0AD012400093D00004402580090D00342
:10559000C0AD012400127A00FFF4FF11FFFC0F00E0
:1055A0000000093DC0AD012468AD012403A8FDF74A
:1055B00027FD636A04983BB1013B0A2B04D8924A49
:1055C00052F82330B0FBF3F0082200283FF4B7ADC7
:1055D000636803EB430181423FF626ADB0EB033F26
:1055E0003FF622AD023A062A3FF61EAD01A353F85C
:1055F00022F000BF8B560124295001244D5601246E
:10560000295001242950012429500124B156012494
:105610006846FDF759FC636A01983BB1013B0A2BD0
:1056200004D87A4A52F82330B0FBF3F00422CCE7D6
:10563000FDF738FC636A3BB1013B0A2B04D8744A7E
:1056400052F82330B0FBF3F00222BEE76846FDF7C4
:105650003BFC626A019B6AB1013A0A2A0AD8DFF868
:10566000E8C10CEBC20C18460021DCE90023EBF783
:105670002BF8034662684FF4807C00215008E3FB5E
:105680000C010023EBF720F802E7FDF70BFC626A40
:105690000346002AEED0013A0A2AEBD85D4B0021DE
:1056A00003EBC203D3E90023EBF70EF80346E1E76F
:1056B00003A8FDF7A5FC626A049B002ADAD0013A30
:1056C0000A2AD7D8DFF884C1CBE7BCF1000F29D074
:1056D0000CF1FF320A2A25D84F49504B51F82220AD
:1056E000B3FBF2F30EE761684D4B01EB41020D464F
:1056F0009A423FF699AC013BB3EB013FBFF494AC47
:105700004848BCE6626802EB42031546B3F5004F19
:105710003FF68AAC1303B3F5004FFFF485AC4FF4AA
:105720000000ACE63D4BEDE6BCF1000F0CD00CF1F7
:10573000FF3CBCF10A0F07D83B4A384B52F82C20EB
:10574000B3FBF2F35B0028E6384B26E6384A4FF409
:105750000043616852F82C200D46B3FBF2F301EBD5
:1057600041029A423FF660ACB3EB013F3FF65CACBE
:10577000304B4FF40040002103EBCC03D3E900236E
:10578000EAF7A2FF4FEA106C000278E62A4A244B9F
:1057900052F82C206168B3FBF2F301EB41020D4695
:1057A0009A423FF641ACB3EB013F3FF63DAC234B91
:1057B00000211B4803EBCC03D3E90023EAF784FF65
:1057C0004FEA106C00025AE6BCF1000F19D00CF140
:1057D000FF3CBCF10A0F14D8194B00210F4803EB12
:1057E000CC03D3E90023EAF76FFF010E00026B0838
:1057F0002A4618184FF0000341F10001EAF764FF50
:1058000046E610480321F2E7C0AD0124C0AD0124F3
:10581000C0AD012468AD0124C0AD01240090D003C7
:1058200000093D000000093DC0AD01240020A10792
:10583000C0AD012468AD0124C0AD012468AD0124D0
:1058400068AD0124000090D068AD012468AD01244A
:10585000836ADA0710B406D50168C46A4A6822F47C
:10586000003222434A609C0706D50168046B4A68EF
:1058700022F4803222434A60590706D50168446BFE
:105880004A6822F4802222434A601A0706D501683A
:10589000846B4A6822F4004222434A60DC0606D543
:1058A0000168C46B8A6822F4805222438A60990698
:1058B00006D50168046C8A6822F4005222438A608B
:1058C0005A060BD50168D0F844C04A68BCF5801F61
:1058D00022F4801242EA0C024A600AD01B0606D566
:1058E0000268C16C536823F400230B43536010BC5F
:1058F00070474A68846C22F4C00222434A60EDE794
:1059000038B500230446C0F88830F7F753FB236806
:1059100005461A6810070CD41A68520725D42023AC
:105920000020C4F88030C4F88430002384F87C3030
:1059300038BDDA699102EFD4F7F73CFB401B2368CE
:10594000B0F1007FF5D31A682021032022F4D07231
:105950001A609A6822F001029A600023C4F880104D
:1059600084F87C30C4F8841038BDDB695B02D6D47F
:10597000F7F720FB401B2368B0F1007FF5D3E2E787
:1059800080B3D0F8803010B5044633B322682423A6
:105990002046C4F88030136823F001031360FFF73A
:1059A000FBFA012817D0A36A8BB9236820465A68EE
:1059B00022F490425A609A6822F02A029A601A6889
:1059C00042F00102BDE810401A60FFF799BF20467F
:1059D000FFF73EFFE9E7012010BD80F87C30F5F7C6
:1059E00085FDD3E701207047704700BF704700BFB7
:1059F000704700BF90F87C20012A19D00268034646
:105A00002420002100B5C3F880004FF0200E10685C
:105A1000D2F800C020F000502CF0010CC2F800C0F9
:105A2000596610600846C3F880E083F87C1000BD1A
:105A30000220704790F87C20012A44D00268034677
:105A4000242000B585B0C3F88000D2F800C01068EB
:105A500020F001001060906820F0604008431B496E
:105A6000906003C9CDE90001194903C9CDE90201DC
:105A7000596E29B391689068C1F3426E04A901EB95
:105A80005071EE4411F8100C11F8081CC000B0FB66
:105A9000F1F09EF800109EF808E0C900B1FBFEF19D
:105AA000A3F868100021A3F86A004FF0200E084602
:105AB000C2F800C0C3F880E083F87C1005B000BDD8
:105AC00001210846ECE70220704700BF60A30124D3
:105AD000D0A8012490F87C20012A44D00268034613
:105AE000242000B585B0C3F88000D2F800C010684B
:105AF00020F001001060906820F0606008431B49AE
:105B0000906003C9CDE90001194903C9CDE902013B
:105B1000596E29B391689068C1F3426E04A901EBF4
:105B20005071EE4411F8100C11F8081CC000B0FBC5
:105B3000F1F09EF800109EF808E0C900B1FBFEF1FC
:105B4000A3F868100021A3F86A004FF0200E084661
:105B5000C2F800C0C3F880E083F87C1005B000BD37
:105B600001210846ECE70220704700BF60A3012432
:105B7000D0A801242DE9F041D1E90737D1E9002867
:105B80004D6A3B43D1E90264D1E904EC89698AB9E1
:105B90002B43026843EA08036FF30E0233432343A7
:105BA00043EA0E0343EA0C030B4313430360002054
:105BB000BDE8F08148EA06022B43224342EA0E0286
:105BC00042EA0C020A43016821F4F8410B430360E6
:105BD00043686FF30E03134343600020BDE8F08178
:105BE000CB68013B70B54C694FEA033E4B688D6949
:105BF00004F1FF3C0E68013B8C68013D09691B0103
:105C0000013E013C013982B94EEA0562324342EA63
:105C10000C521343826843EA042302F0704243EAC1
:105C2000014313438360002070BD43EA05634EEADD
:105C30000C52334343EA0423846843EA0143054991
:105C4000214011438160C26802F070421343C36077
:105C5000002070BDFF0F0FFF0B6802460069D1F8EE
:105C60000CC010B44C6889682343013903430020F9
:105C700043EA4C2343EA411310BC1361704700BF51
:105C80000246002053696FF34D0343EA4103536119
:105C9000704700BF84B0844600B583B00DF1140E88
:105CA0008EE80E000A9B012B32D1826BA3F14213C6
:105CB000119922F4803201298263C26803EA020347
:105CC000C360C36823F44013C3606DD00023394A16
:105CD000009303E0DCF81030002B34DB009B013331
:105CE00093420093F6D90320089B012B0BD1DCF8DB
:105CF000083043F00803CCF80830DCF8083043F0F3
:105D00002003CCF8083003B05DF804EB04B0704712
:105D1000C3680021274A43F04003C360019103E0B8
:105D2000DCF81030002B2ADB019B013393420193F6
:105D3000F6D903200E9BDBB9DCF8383043F480330E
:105D4000CCF83830D0E700231A4A0093DCF8103042
:105D500043F00103CCF8103004E0DCF8100010F040
:105D60000100C1D0009B013393420093F5D9BAE7FB
:105D7000DCF8383023F48033CCF83830B4E7002333
:105D80000C4A0193DCF8103043F00103CCF81030DA
:105D900004E0DCF8100010F00100CBD0019B0133CF
:105DA00093420193F5D9C4E7C36843F48013C360F9
:105DB0008CE700BF400D0300022A82B0844613D056
:105DC00009230193DCF80C30002023F47053CCF845
:105DD0000C30019BDCF80C209B0203F4705313433E
:105DE000CCF80C3002B07047224B234ACB189342B8
:105DF00007D9224B224ACB18934205D80E23019390
:105E0000E0E70F230193DDE71E4B1F4ACB189342B7
:105E100007D91E4B1E4ACB18934205D20C2301937F
:105E2000D0E70D230193CDE71A4B1B4ACB189342C1
:105E300002D80B230193C5E7184B194ACB1893429C
:105E400002D20A230193BDE7164B174ACB1893429F
:105E5000B6D3164B164ACB18934202D208230193AD
:105E6000B0E7144B144ACB18934234BF07230623E0
:105E70000193A7E7405327FFFF340C00401E1BFF90
:105E80003F420F0000DC0BFF7F4F1200808CF9FEB9
:105E900020D6130060B6E5FE5FE3160000D3CEFE09
:105EA00040771B00C05BB3FEC091210000CA91FE89
:105EB00020753800E05459FEE09C41000346002064
:105EC0009A6842F001029A60704700BF03460020C2
:105ED0009A6822F001029A60704700BF08B5C36853
:105EE000012923F0C043C3600BD041B9C36843F01C
:105EF0008043C3603220F7F763F8002008BD01201B
:105F000008BDC36843F00053C360F3E784B0844620
:105F10002DE9F04F83B00DAC109D84E80E000023F6
:105F2000179C0A46C0F80431C0F80831C0F80C319B
:105F3000C0F81031C0F81431C0F81831C0F81C3165
:105F4000C0F82031C0F82431C0F82831C0F82C3115
:105F5000C0F83031C0F83431C0F83831C0F83C31C5
:105F6000836B002C40F0FD8023F4001383630368EF
:105F700043F040030360036843F0800303600023A1
:105F80000CF5006ECCF8003EDCF80038CCF8003898
:105F9000129B012B00F0F180DCF8003843F0030382
:105FA000CCF800380023854900934FF48463CCF883
:105FB000103005E0DCF8103013F0200300F0DB8037
:105FC000009B01338B420093F4D9032100237B48CB
:105FD00001931023CCF8103004E0DCF81030DB061D
:105FE00040F1C380019B013383420193F5D94FF007
:105FF000010B0021CEF81010CEF81410CEF81C10B2
:10600000002A56D0DCF800094FF67F3600284FF002
:106010000000B8BF4FF00061012ACCF80019CCF89D
:106020001009CCF8086900F0B6800CF51263012164
:106030004FF0904807E08A421860186103F120038E
:1060400043F8186C0CD01F680131002FF3DA8A4234
:10605000C3F80080186103F1200343F8186CF2D1F3
:10606000DCF8001B0CF53063002975DB0021CCF84F
:10607000001B4FF000084FF67F3A0CF532660127FF
:10608000C3F81080C3F808A0D6F8009000234FF0A2
:1060900090404FF67F31994507F101073BDBBA424B
:1060A000C6F80080C6F8108006F1200646F818AC45
:1060B000EAD1DEF81030012D23F48073CEF81030D1
:1060C00039D00023CCF818306FF08043CCF814306E
:1060D0002DB9DCF8183043F01003CCF81830DCF898
:1060E0001820374B1343139ACCF818302AB1DCF838
:1060F000183043F00803CCF81830012C05D1DCF837
:106100001820304B1343CCF81830584603B0BDE884
:10611000F04F04B0704797423060336106F12006BB
:1061200046F8181CB0D1DEF81030012D23F480732E
:10613000CEF81030C5D1244BCEF83030234BDEF8EA
:10614000302013430022CEF830306FF08043CCF87B
:106150001820CCF81430C2E74FF00061CCF8001BD7
:1061600087E743F40013836309E7B1F1000B18BF1D
:106170004FF0010B3DE7194628E70F9B23B9DCF8E8
:106180000038CCF800380DE7DCF8003843F00103A4
:10619000CCF8003806E7DCF8002B0CF53063002A59
:1061A00004DBCCF8000B18619E6082E74FF00062C0
:1061B000CCF8002B18619E607BE700BF400D030008
:1061C00000383C8004000040000180000300010012
:1061D000890182B000230A4A41F020010193016144
:1061E00003E0036913F0200307D0019B01339342BE
:1061F0000193F6D9032002B07047184602B07047E9
:10620000400D0300D0F8083882B003F00603019374
:10621000019838B10198022804D0019B062B0CBFCD
:1062200002200F2002B0704700B50A78012300F564
:10623000006C02F00F0E00EB421003FA0EF391F81F
:1062400001E0BEF1010F19D0DCF81C2042EA034343
:10625000CCF81C30D0F8003B1B040DD48B68D0F870
:1062600000CBC3F30A03C978134A43EA0C0343EA99
:1062700081431A43C0F8002B002000BDDCF81CE06D
:106280004EEA0303CCF81C30D0F800391B04F3D4D9
:106290008B68D0F800E9C3F30A0391F803C00649FC
:1062A00043EA0E0343EA8C4343EA82531943C0F89E
:1062B0000019002000BD00BF008000100B7800F521
:1062C0000062497803F00F0C00EB431001294FF0F6
:1062D000010303FA0CF3D2F83CC010D02CEA034CB3
:1062E0000F49C2F83CC0D2F81CC02CEA0343D3616A
:1062F000D0F8003B1940C0F8001B002070472CEA82
:10630000030C0849C2F83CC0D2F81CC02CEA0303B5
:10631000D361D0F800391940C0F800190020704747
:106320000078F3EF007833EC2DE9F0414E7891F8E6
:1063300000E0012E4B6900EB4E1C91F8038059D010
:10634000DCF8105B0CF5306E6FF31205CCF8105BC7
:10635000DCF8105B6FF3DC45CCF8105B8D689BB309
:106360002B44754E012A03F1FF33B3FBF5F306EA24
:10637000C3469BB205FB03F3DEF8105045EA060561
:10638000C3F31203CEF81050DEF8105043EA0503B1
:10639000CEF8103028D0B8F1010F0CD1D0F8083861
:1063A00013F4807FDCF8003B0CBF43F0005343F054
:1063B0008053CCF8003BDCF8003B43F00443CCF8BE
:1063C000003B0020BDE8F081DEF81030C5F3120577
:1063D000012A45EA0305CEF81050DEF8103043F4E8
:1063E0000023CEF81030D6D1CB68002BD3D0CEF816
:1063F0001430D0E70CF5106583B32C69B8F1010FA8
:106400008F686FF312042C6107EB030404F1FF346F
:10641000B4FBF7F72C696FF3DC442C61464C04EABB
:10642000C7442F6944EA0704C3F312072C612C699F
:1064300047EA04042C6149D0012A78D0DCF80039FD
:106440000EF00F0E43F0044306FA0EF6CCF80039B6
:10645000D0F834381E43C0F83468B2E72E69012AF8
:106460006FF3DC462E612E6946F400262E612E69FC
:106470006FF312062E613AD0DCF80059B8F1010F23
:1064800045F00445CCF800599BD1D0F8084814F4E5
:10649000807FDCF800490CBF44F0005444F0805485
:1064A000CCF80049002A8CD19BB203339A0888D0DB
:1064B000CB6800EB0E3E03EB82010EF5805E53F8D5
:1064C000042B8B42CEF80020F9D17AE72C69012AFF
:1064D00024F0C0442C612C6944F000542C6115D088
:1064E000DCF8004944F00444CCF80049CDE70B69DE
:1064F00003B16B61B8F1010F0BD0DCF8003900205B
:1065000043F00443CCF80039BDE8F0810B6903B1D6
:106510006B61D0F8083813F4807FDCF800390CBFC9
:1065200043F0005343F08053CCF80039E5E70B69A2
:10653000002BE2D06B61E0E70000F81F4B7870B5EC
:10654000012B0C78D1F814E000EB441C28D0DCF8C7
:10655000100B0CF530636FF31200186118696FF3BC
:10656000DC4018618868BEF1000F00D048611C69EA
:10657000C0F31200012A44F400241C611C6940EAA3
:106580000400186107D0DCF8003B43F00443CCF86A
:10659000003B002070BDCA68002AF4D05A61F2E7BF
:1065A0000CF51063BEF1000F2CD01D696FF31205BE
:1065B0001D611D696FF3DC451D618D68754501D254
:1065C000AE464D611D69CEF31206012A45F4002541
:1065D0001D611D6946EA05051D6129D0DCF80039F9
:1065E00043F00443CCF80039BEF1000FD1D004F0E1
:1065F0000F040123D0F83428A3401343C0F83438E3
:10660000002070BD1869012A6FF3DC401861186919
:1066100040F40020186118696FF31200186107D068
:10662000DCF80039002043F00443CCF8003970BD99
:106630000A69002AF4D05A61F2E700BF9DF800C051
:10664000BCF1000F0CD103339B0809D0013201EBE0
:10665000830300EB023051F8042B8B420260FAD125
:1066600000207047033210B50C4691080DD000F59C
:10667000805C04EB810E2346DCF8002043F8042BF9
:106680007345F9D104EB810010BD204610BD00BF59
:106690004A780B78012A00EB43100CD0D0F8002B7D
:1066A000002A00DBA3B9D0F8003B43F40013C0F884
:1066B000003B00207047D0F80029002A00DB73B9A6
:1066C000D0F8003943F40013C0F8003900207047B7
:1066D000D0F8003B23F08043C0F8003BE3E7D0F85C
:1066E000003923F08043C0F80039D0F8003943F472
:1066F0000013C0F80039E9E7CB784A7891F800C078
:10670000023B012A00EB4C10DBB211D0D0F8002B79
:10671000012B22F40012C0F8002B01D90020704791
:10672000D0F8003B43F08053C0F8003B0020704796
:10673000D0F80029012B22F40012C0F80029EDD86E
:10674000D0F8003943F08053C0F80039002070477A
:10675000034609010020D3F8002801F4FE6122F469
:10676000FE62C3F80028D3F800281143C3F80018CC
:10677000704700BF08B503460320D3F8042822F071
:106780000202C3F80428F6F71BFC002008BD00BF76
:1067900008B503460320D3F8042842F00202C3F8E8
:1067A0000428F6F70DFC002008BD00BF82B0436945
:1067B00001938269019B13400193019802B07047D5
:1067C00082B0D0F818380193D0F81C28019B1340F0
:1067D00001930198000C02B0704700BF82B0D0F85E
:1067E00018380193D0F81C28019B1340019301989D
:1067F00080B202B0704700BF00EB411182B0D1F807
:10680000083B0193D0F81428019B13400193019891
:1068100002B0704784B0D0F8103801F00F0C00EBD4
:1068200041110293D0F834380393039B029A23FA60
:106830000CF3DB01DBB213430293D1F80839029A5F
:1068400013400193019804B0704700BF406900F005
:1068500001007047D0F8002900F500636FF30A02C9
:10686000C0F800299A6802F00602042A05D1D0F87F
:10687000002942F00302C0F800295A68002042F4BF
:1068800080725A60704700BF9446134A00F5306327
:1068900000B5D0F840E0964503D9D0F8002B002A87
:1068A00017DB002201291A611A6942F400221A61D9
:1068B0001A6942F018021A611A6942F0C0421A615C
:1068C00007D1C3F814C0D0F8003B43F08023C0F8D0
:1068D000003B002000BD00BF0A30544FD0F8002418
:1068E00001F00303012900F5806C22F00302C0F8D7
:1068F0000024D0F8002443EA0203C0F8003409D091
:10690000022901D00020704741F270730020CCF8BA
:10691000043070474BF680330020CCF804307047C9
:10692000D0F8140480B2704700EB411182B000230C
:1069300001F5A0620193D1F8003513F4802FD1F84E
:10694000003543F08043C1F8003522D1C36A13F407
:106950007F0FD1F8003523D123F00043C1F8003573
:10696000D1F8003543F00043C1F80035D1F80035C7
:1069700023F40043C1F8003502E01368002B13DA5A
:10698000019B0133B3F57A7F0193F6D9002002B061
:106990007047D0F8103413F47F0FD1F8003506D0CB
:1069A00043F00043C1F80035002002B0704723F0E7
:1069B0000043C1F80035D1F8003543F00043C1F879
:1069C0000035D1F8003523F40043C1F8003502E06A
:1069D0001368002BE8DA019B0133B3F57A7F01934A
:1069E000F6D9002002B0704700B5002185B04FF401
:1069F000846E344A00918446836823F001038360E7
:106A00000391C0F810E003E0DCF81030990604D5DB
:106A1000039B013393420393F6D900211023294AA3
:106A20000291CCF8103003E0DCF81030DB0604D51E
:106A3000029B013393420293F6D90CF5A0620CF548
:106A4000E060134619680191019941F0804101917C
:106A5000019921F000410191019921F40041019136
:106A6000019943F8201B8342ECD113680193019BE9
:106A700043F080430193019B43F000430193019B4A
:106A800023F400430193019B136002E01368002B81
:106A900005DA009B0133B3F57A7F0093F6D92032F3
:106AA0008242E2D14FF0FF330020CCF81434CCF80E
:106AB0001430DCF8083043F00103CCF8083005B09E
:106AC00000BD00BF400D0300D0F894329BB1D0F858
:106AD000901291F80002FF280DD09B6800B583B09A
:106AE00091F8012201919847FF230199002081F834
:106AF000003203B000BD0020704700BF064B1B787A
:106B0000012B04D04322054B0280184670476522B2
:106B1000034B028018467047F84401204C050020C2
:106B2000D4050020064B1B78012B04D04322054BD3
:106B30000280184670476522034B02801846704752
:106B4000F844012090050020D4050020064B1B7856
:106B5000012B04D04322054B028018467047652262
:106B6000034B028018467047F844012008050020B6
:106B7000D405002003460A2201481A80704700BF4E
:106B80007806002038B50446D0F89052F5F706FF95
:106B9000D4F89032C5F80C024BB1D4F8943205F514
:106BA0000371D5F80402DB689847002038BD022045
:106BB00038BD00BF10B5D0F89042F4B101EB810CA4
:106BC00000EB8C0CDCF81C3023B90023C4F8143221
:106BD000002010BDD0F898E2C1EBC1020EEB82029A
:106BE000526CB3FBF2FE02FB1E33002BEDD11A46B2
:106BF000CCF81C30F5F7BAFEEAE7022010BD00BF62
:106C0000F0B5002285B091F800C00B468DF80D203C
:106C10000446ADF80E201CF06002D0F890521DD052
:106C2000202A06D02046194600F010FD022005B0AB
:106C3000F0BDCA8891F801E00AB31CF0800F35D08E
:106C4000D4F89412704601938E682946B047019B90
:106C500029462046DA8800F037FD15E04A780A2AEE
:106C60001AD00B2A13D0002ADCD190F87422032A00
:106C7000D8D102220DF10E0100F026FD04E0D0F87B
:106C8000943270469B689847002005B0F0BD90F89C
:106C90007422032AF8D0C5E790F87422032AC1D1E0
:106CA00001220DF10D0100F00FFDEDE7294685F8F9
:106CB00000E285F8012200F01DFDE5E738B5044645
:106CC00000258121F5F70EFE01212046E562F5F74A
:106CD00009FE82212046C4F85851F5F703FED4F886
:106CE000903225644BB1D4F894325B689847D4F85D
:106CF000900201F0E9FEC4F89052002038BD00BFB8
:106D000070B5037C0446A3BB4FF4007302228121BB
:106D1000F5F7DAFD01214FF4007302222046E1620B
:106D2000F5F7D2FD01260322082382212046C4F86C
:106D30005861F5F7C9FD31464FF40770266401F03C
:106D40009FFED4F8943205461B68C4F89002984719
:106D50000023D5F80422C5F81432C5F81832237C74
:106D6000A3B94FF4007331462046F5F70BFE00201F
:106D700070BD402302228121F5F7A6FD01214023A9
:106D800002222046E162F5F79FFDCBE74023314622
:106D90002046F5F7F7FD002070BD00BF21B10023AC
:106DA000C0F894121846704702231846704700BF77
:106DB00003460020D3F89032C3F80812C3F810221B
:106DC000704700BF03460020D3F89032C3F8041286
:106DD000704700BFD0F890229AB110B5D2F8144293
:106DE0000CB1012010BD0121C2F81412D2F810120A
:106DF000D2F808228BB201638121F5F7B7FD204656
:106E000010BD0220704700BFD0F890228AB1D2F89E
:106E1000042208B5037C2BB140230121F5F7B2FD14
:106E2000002008BD4FF400730121F5F7ABFD0020F1
:106E300008BD0220704700BF08B580B1D0F88C3281
:106E400013B10023C0F88C3209B1C0F888120123B5
:106E5000027080F87432F5F7BFFC002008BD0548C9
:106E600002F04EF8044802F04BF80A2002F05AF8FB
:106E7000022008BDDCA80124E4A8012408B521B142
:106E80000023C0F88C12184608BD064802F038F8F6
:106E9000054802F035F80A2002F044F802231846AB
:106EA00008BD00BFDCA80124FCA8012408B5F5F743
:106EB000FFFC002008BD00BF08B5D0F88C3233B10C
:106EC0001B689847003818BF0120400008BD022009
:106ED00008BD00BF08B5D0F88C325B689847002029
:106EE00008BD00BF10B5044682B000F520700190C7
:106EF00000F0A0FB0122B4F8863294F880120198C9
:106F0000C4E99B2301F01F03934210D0022B07D04A
:106F1000A3B90146204600F021F9002002B010BDBF
:106F20000146204600F0D6FA002002B010BD01460E
:106F3000204600F097FA002002B010BD01F0800159
:106F40002046F5F7DBFC002002B010BD00B503467B
:106F500083B061B9D0F86CE2BEF1030F16D0BEF178
:106F6000050F0DD1C0F86C12F5F7C8FC08E0D0F899
:106F70008C2292693AB190F87432032B03D1904776
:106F8000002003B000BD022003B000BDD0E9531CB7
:106F900061450ED8D0F88C22126932B190F8741283
:106FA000032902D101909047019B184600F0B8FBDD
:106FB000E6E7A1EB0C0E11466246F445C0F84CE141
:106FC00028BF724692B200F0A3FBD9E710B5044681
:106FD00082B079B9D0F86CC2BCF1020F19D03CF084
:106FE000040333D094F87832012B0CD1002384F8B9
:106FF000783208E0D0F88C325B693BB190F87422AB
:10700000032A03D19847002002B010BD022002B02D
:1070100010BDD0E908ECE6451CD8D0F81CE0BEFB5A
:10702000FCF20CFB12E20AB9F44524D9D4F88C32F4
:10703000DB681BB194F87422032A2DD080212046EE
:10704000F5F75CFC204600F077FBCBE78021F5F7F5
:1070500055FCC7E7AEEB0C0E01911146C0F820E0DD
:107060001FFA8EF200F03EFB019B20461A4619469D
:10707000F5F788FCB6E7D0F870229645D6D20A46D6
:10708000019100F02FFB019B20461A461946C4F8D7
:107090007032F5F777FCA5E720469847CEE700BFAA
:1070A000002238B51146402304460125F5F70CFCB3
:1070B000402300228021C4F850312046C4F84451B6
:1070C000F5F702FC00214023D4F89022A561636209
:1070D00084F87452C4F86C126160C4F87C1222B156
:1070E000D4F88C3220465B689847002038BD00BF3A
:1070F000034600201974704703460421002093F8CA
:10710000742283F8741283F87522704703460020B6
:1071100093F8752283F87422704700BF90F87422A8
:10712000032A01D00020704708B5D0F88C32DB6903
:1071300003B19847002008BD002070470020704729
:107140000020704708B50122D0F88C32017980F810
:1071500074225B689847002008BD00BF30B50B78EB
:1071600083B00D46044603F06003202B28D0402B4B
:1071700026D053B180212046F5F7C0FB00212046E0
:10718000F5F7BCFB002003B030BD4B78092BF1D8DC
:1071900001A252F823F000BF057201242D720124D0
:1071A000757101244B7201247571012453720124FD
:1071B0008D72012475710124BD720124D3710124E3
:1071C000D4F88C32294620469B689847002003B0AB
:1071D00030BD8B78A24D012B2B70CBD890F8742248
:1071E000022A00F01481032A00F000818021F5F7C3
:1071F00085FB00212046F5F781FB29782046FFF723
:1072000069FEBFE790F87432013B022BB2D8CA88FE
:10721000022AAFD1D0F87C320146002B0CBF0123EB
:10722000032341F80C3F00F04FFAABE790F87432BB
:10723000013B022B9ED84B88012BA3D10023204673
:10724000C4F87C3200F06CFA9CE74B88012B99D192
:10725000F5E78B88002B8DD1CB88002B8AD14B880A
:107260007F2B87D890F87422032A83D0DDB2294679
:1072700080F87652F5F76EFB204600F051FA002DAB
:1072800000F0E280022384F874327BE74A88130A14
:10729000013B062B3FF66EAF01A151F823F000BF72
:1072A000537301243B730124277301247571012456
:1072B0007571012411730124E3720124CA88012A23
:1072C0007FF458AF90F87432022B00F28880002BC4
:1072D0003FF450AF0146002341F8083F00F0F4F9B5
:1072E00050E7037C002B7FF445AFD0F88C320DF1D2
:1072F00006001B6B984707234370BDF80630002B30
:1073000068D0EA88002A5CD1204600F009FA39E703
:10731000037C002B7FF42EAFD0F88C320DF10600E9
:107320005B6B9847E9E7D3B21946052B00F29080D2
:10733000DFE803F0271F17372F3F027CD0F88C328D
:10734000002A72D19B6A0DF1060098470223437010
:10735000D3E7D0F888320DF10601007C1B6898470E
:10736000CBE7D0F888320DF10601007CDB68984746
:10737000C3E7D0F888320DF10601007C9B6898477E
:10738000BBE7D0F888320DF10601007C5B689847B6
:10739000B3E7D0F888320DF10601007C5B699847AD
:1073A000ABE7D0F888320DF10601007C1B699847E5
:1073B000A3E7D0F888320DF10601007C9B6998475D
:1073C0009BE79A420146204628BF1A46ADF80620A0
:1073D00000F07AF9EB88002B7FF4D4AE94E7032B0E
:1073E0007FF4C8AE011D00F06FF9CBE69AB21BB373
:1073F00041688A4288D0C9B2FFF76CFD29782046DF
:107400006160FFF759FD02287FF47EAFB2E6002BE2
:107410003FF47AAF03220121436080F87422FFF722
:107420004BFD02287FF470AFA4E6DB6A0DF1060085
:1074300098470223437060E702251946426080F8AE
:107440007452FFF747FD5FE7012384F8743299E631
:10745000D0F88C320DF106029B6B98474DE700BFC8
:10746000A09B012010B50B7882B004465A060DD5BA
:1074700003F06003402B09D08021F5F73FFA00218B
:107480002046F5F73BFA002002B010BD94F87432A4
:10749000013B022B12D80B79012B0FD8D4F88C3278
:1074A000204601919B6898470199CB88002BEAD12F
:1074B0000028E8D1204600F033F9E4E78021204697
:1074C000F5F71CFA00212046F5F718FA002002B063
:1074D00010BD00BF10B50B7882B0044603F0600306
:1074E000202B3ED0402B3CD053B180212046F5F7D5
:1074F00005FA00212046F5F701FA002002B010BD80
:107500004B788A88012B5FFA82FC43D0032B30D062
:10751000002BEAD190F87432022B55D0032BE4D122
:1075200002F00F03110603EB830300EB83035FD428
:10753000D3F84431002BD8D002F07F0202EB820254
:1075400000EB820303F5A0731CF07F0F62D14FF0B4
:10755000000C022219462046C3F800C000F0B4F81F
:10756000CBE7D4F88C3220469B689847002002B0C5
:1075700010BD90F87432022B1BD0032BB5D14B8871
:107580009BB91CF07F0F10D0CB8873B96146F5F71B
:10759000B5F90AE090F87432022B0AD0032BA4D17B
:1075A0004B88002BA9D153063FD1204600F0B8F8F4
:1075B000A3E71CF07F0F98D06146F5F79FF9802173
:1075C0002046F5F79BF998E71CF07F0F8DD1100648
:1075D00002F07F0318D403EB830304EB830101F56E
:1075E000A0710023022220460B6000F06DF884E7B2
:1075F0009B69002B3FF479AF02F07F03013303EB6B
:10760000830300EB83039FE7013303EB830304EB66
:107610008301E6E7614620460193F5F787F9019B70
:10762000002894D04FF0010C93E76146F5F772F90A
:10763000BBE700BF0B7803704B7843704B884380E7
:107640008B888380CB88C380704700BF10B5044609
:107650008021F5F753F900212046BDE81040F5F7E9
:107660004DB900BF50B3034600B5007885B030B3C4
:10767000581C0193CDE90212E8F712FE0130039A7B
:10768000C0B201304000DDE90131844610800322A0
:1076900081F800C04A70187870B19C464FF0000E17
:1076A00002235A1CC8540233D2B2DBB201F802E002
:1076B0001CF8010F0028F4D105B000BD70474FF051
:1076C000020C6046E2E700BF08B513460A460221F5
:1076D000C0E90733C0F86C120021F5F747F9002024
:1076E00008BD00BF08B513460A460021F5F73EF96C
:1076F000002008BD08B513460A460321C0E95233ED
:10770000C0F86C120021F5F73DF9002008BD00BF5C
:1077100008B513460A460021F5F734F9002008BDE4
:1077200008B504210023C0F86C121A461946F5F773
:107730001DF9002008BD00BF08B505210023C0F8D1
:107740006C121A461946F5F71DF9002008BD00BF56
:10775000D0F8C4230132C0F8C42302780B2A00D029
:107760007047D0F87C33002BFAD09B69184700BFD4
:10777000012380F823337047002380F823337047B8
:10778000034600220121104683F8201383F82123A9
:1077900083F82223704700BF38B501230025044633
:1077A00080F8213380F8235380F82053F5F7C0FA8E
:1077B0002179204600F006F86179204600F002F8B1
:1077C000284638BD0A2907D800EB8100D0F8843359
:1077D000C3F30E03C0F884330020704730B585B082
:1077E000044601251730ADF80C10BDF80C30657655
:1077F000A4F8173002928DED010AF1F7F9FA00238F
:107800000021029A9DED010A227584ED040AA1600F
:10781000C4E900330AB14FF48075A4F8155005B0DF
:1078200030BD00BF20EE007ADFED067A27EE000AB9
:1078300060EE277A80ED020AFCEEE77AC0ED017A6D
:10784000704700BF00FF7F47DFED125AB7EE007AA6
:1078500090ED046A0346D0ED036AC5EE867A77EEB2
:10786000A67AF4EEC77AF1EE10FA01DD77EEC77A68
:1078700093ED027A03F11700C3ED037AB4EEE77AD1
:10788000F1EE10FA02DD597DF1F79EBB997DF1F71B
:107890009BBB00BF0000F0420C4A82B00C4BD2F8F8
:1078A000DC1041F04001C2F8DC10D2F8DC2002F01C
:1078B00040020192019A1A6822F020021A601A68A6
:1078C00042F004021A6002B0704700BF0044025840
:1078D000001802485F4A036811698B4200B587B0FF
:1078E00076D0916E8B4200F0AF80D2F8C0108B4200
:1078F00000F0AC80D2F818118B4200F0A980B3F1EF
:10790000804F57D0544A93420BD0002253498B42A8
:1079100024D053498B4237D0524A934210D007B0FB
:1079200000BD514BD3F8E82042F00202C3F8E82032
:10793000D3F8E83003F002030293029B07B000BDC6
:10794000494BD3F8E82042F01002C3F8E820D3F8FE
:10795000E83003F010030593059BE0E7424BD3F8B2
:10796000E81041F00401C3F8E810D3F8E83003F060
:1079700004030393039B002AD1D01E2000220F2171
:10798000F5F7A6FF1E2043E0374BD3F8E81041F08F
:107990000801C3F8E810D3F8E83003F008030493B3
:1079A000049B002ABBD0322000220F21F5F790FF64
:1079B00032202DE02C4BD3F8E82042F00102C3F82E
:1079C000E820D3F8E83003F001030193019BA6E718
:1079D00000205821B3F1804F01FB0022127B1CD004
:1079E0001D498B4292D1204BD3F8E81041F002019F
:1079F000C3F8E810D3F8E83003F002030293029BC7
:107A0000002A8CD01D2000220F21F5F761FF1D20D8
:107A100007B05DF804EBF5F78BBF134BD3F8E81014
:107A200041F00101C3F8E810D3F8E83003F0010396
:107A30000193019B002A3FF472AF1C2000220F210A
:107A4000F5F746FF1C20E3E70120C2E70220C0E76C
:107A50000320BEE7A89B012000040040000800406E
:107A6000000C004000100040004402580F4B026818
:107A700019698A420BD0996E8A4211D0D3F8C0108E
:107A80008A420FD0D3F818118A420DD070470021D6
:107A9000582202FB01331A6D002AF7D0586D1047A7
:107AA0000121F5E70221F3E70321F1E7A89B01207B
:107AB000014800F05FBA00BFB89B0120014800F008
:107AC00059BA00BF109C0120014800F053BA00BF12
:107AD000689C0120014800F04DBA00BFC09C012005
:107AE000F0B54FF0580C0E68DFF8B4E08DB00CFB29
:107AF00006FC032E0EEB0C05056041DC0B46086806
:107B00002C4649689A6807C41B7B234A237004AC3F
:107B10006B68AF68003B18BF01231B01AB610023FA
:107B20006B610FCA84E80F000DEB86031B69B3F18C
:107B3000804F2B6103D0194A934218BFBFB20CF19A
:107B40001004582300218022744403FB06E32046DE
:107B50009A62C3E9077100F06DF8034600B1FEE7D1
:107B60004FF4805208A920460393CDE90823CDE9BC
:107B70000A33CDE9013300F023F9034618B1FEE7DB
:107B800001200DB0F0BD01A920460193039300F040
:107B9000A9FA0028F5D0FEE768A30124000C0040F4
:107BA000A89B0120006808B5037B10302BB100F0C2
:107BB000F1F8003818BF012008BD00F0D1F80038F6
:107BC00018BF012008BD00BF9FED0D7B0E4B4FF08D
:107BD000FF31002299601A73196683F86420C3F894
:107BE000B81083F8BC20C3F8101183F8142183ED7A
:107BF000007B83ED167B83ED2C7B83ED427B70470E
:107C00000000000000000000A89B0120034628B1EE
:107C100090F83D20022A03D080228266012070471E
:107C200002680421002083F83D10D36823F001038B
:107C3000D3607047002800F084800346F0B590F8C8
:107C40003D2083B002F0FF01002A73D019680222A0
:107C5000DFF808C13C48B1F1804FA1EB0C04DD68AE
:107C6000A1EB000083F83D20B4FA84F40A68B0FA6E
:107C700080F0D3F818C04FEA54142E464FEA501043
:107C8000D3F804E027461FD0F0B9304DA94236D0D2
:107C900005F58065A94232D005F58065A94213D06B
:107CA00094B92B482B4C814218BFA1422BD000F530
:107CB0008060814227D022F0800242EA0C020A60F2
:107CC000CE62C1F828E013E09C6822F070022243E3
:107CD0001C6922F44072224322F0800242EA0C0224
:107CE0000A60CE62C1F828E000B9C7B15A690A63D8
:107CF000012200204A6183F83D2003B0F0BD22F04C
:107D0000700298680243186922F44072024322F01C
:107D1000800242EA0C020A60CE62C1F828E00E48F6
:107D20000C4A914218BF8142E0D002F58062914234
:107D3000DCD0DDE780F83C100190FFF7CBFD019B24
:107D400084E70120704700BF0000014000040040AC
:107D5000004401400040014000480140000401404F
:107D60004FF0020C01680346094A80F83DC088685C
:107D70000240062A06D0B2F5803F03D00A6842F0DE
:107D800001020A600122002083F83D20704700BFF5
:107D9000070001000368094AD96841F00101D96070
:107DA00099680A40062A06D0B2F5803F03D01A68C7
:107DB00042F001021A600020704700BF0700010076
:107DC00090F83C20012A00F08C8002684FF0020CF1
:107DD000034610B580F83DC05E48D2F808C00CEAF2
:107DE0000000D1F800C0BCF1600F90607BD019D9C1
:107DF000BCF5005F00F091803DD8BCF1700F32D12E
:107E000088684C68D2F808C0C96820432CF47F4CBD
:107E100040EA012040EA0C009060916841F077014F
:107E2000916020E0BCF1400F40D037D9BCF1500F39
:107E300019D14868D1F80CE0116A21F00A0140EA32
:107E4000010C106A444920F001001062906920F092
:107E5000F00040EA0E109061C2F820C09068014026
:107E600041F05701916000220121104683F83D1036
:107E700083F83C2010BD39498C4506D05FD938497C
:107E80008C4502D010318C45EDD1906832490140CB
:107E900041EA0C0141F007019160E4E7BCF1200FD9
:107EA000F3D052D83CF01001DDD1EEE74868D1F8AC
:107EB0000CE0116A21F00A0140EA010C106A26491F
:107EC00020F001001062906920F0F00040EA0E10EE
:107ED0009061C2F820C09068014041F04701916074
:107EE000C1E702207047C868D1F804C0116A21F0C8
:107EF00010011162916921F4704141EA0031106A68
:107F000020F0A0009161144940EA0C1010629068C2
:107F1000014041F067019160A5E788684C68D2F89C
:107F200008C0C96820432CF47F4C40EA012040EA95
:107F30000C009060916841F48041916093E72CF0CF
:107F40001001B1F5801F8ED19FE7BCF1300F8AD1AF
:107F50009BE700BF8800CEFF8FFFCFFF20001000FF
:107F600030001000704700BF704700BF704700BF6F
:107F7000704700BF03681A69910710B5044602D51F
:107F8000DA68920768D41A69520702D5DA6850078E
:107F90004FD41A69110702D5DA68120737D41A6963
:107FA000D00602D5DA68D1061ED41A69D20702D5E6
:107FB000DA68D00769D41A69110602D5DA681206A0
:107FC0006BD41A69D00502D5DA6811066DD41A6926
:107FD000520602D5DA6850066FD41A69910602D5A6
:107FE000DA68920649D410BD6FF0100108222046CD
:107FF00019612277DB6913F4407F6FD1FFF7B2FF7D
:108000002046FFF7B3FF002223682277CDE76FF009
:1080100008010422204619612277DB699B075AD1A7
:10802000FFF7A0FF2046FFF7A1FF00222368227779
:10803000B5E76FF0040102222046196122779B699F
:1080400013F4407F44D1FFF78DFF2046FFF78EFFEA
:108050000022236822779CE76FF002010122196158
:1080600002779B69990730D1FFF77CFF2046FFF725
:108070007DFF00222368227785E76FF020022046EB
:108080001A61BDE8104000F061B86FF001022046AF
:108090001A61FFF7EBFC23688DE76FF08002204642
:1080A0001A6100F055F823688BE76FF48072204660
:1080B0001A6100F04FF8236889E76FF0400220460C
:1080C0001A61FFF755FF236887E7FFF74DFFD0E7F9
:1080D000FFF74AFFBCE7FFF747FFA6E7FFF744FFBC
:1080E00091E700BF90F83C20012A2AD0034600689F
:1080F000022210B5DFF850E083F83D207045426859
:10810000D0F808C018D00EF5806E704514D00C68F9
:108110002CF0800C896822F070024FF0010E4CEABE
:10812000010122434FF0000C42608160604683F8F9
:108130003DE083F83CC010BD22F470024C6822433D
:10814000E5E70220704700BF00000140704700BF14
:10815000704700BF704700BF10EE103A40F22A414E
:10816000C3F30A528A4235D82F4B93ED4A2B93ED35
:10817000481BB7EEC03AB0EE417BA2EE037B17EE90
:10818000100AB7EE000B00F01F0203EBC20193EDE3
:108190004C4B37EE417B92EE037B93ED4E6B93EDB0
:1081A000505BA4EE076B27EE074B53F832C0A5EEE9
:1081B000070B00B5A6EE040BD1F804E0002111EB8B
:1081C0000C020EEBC03343EC172B20EE070BB7EE7F
:1081D000C00B00BD13F5000F20D0B2F5FF6F1AD20F
:1081E000DFED127AB4EEE70AF1EE10FA10DCDFED03
:1081F000107AB4EEE70AF1EE10FA12D4DFED0D7A40
:10820000B4EEE70AF1EE10FAAED5002000F038BA6D
:10821000002000F03BBA30EE000A70479FED060ADE
:108220007047002000F026BA00AE01241772B14258
:10823000B4F1CFC2CF8ECEC200000000000000001B
:1082400010B510EE102AC2F30A53B3F57D7FB7EED6
:10825000C06A84B01BD226EE067BB3F5667F6CD372
:1082600026EE072B27EE021B714B93ED1A3B93ED85
:10827000185B93ED164BA7EE035BA2EE046BB0EE1A
:10828000460BA5EE010BB7EEC00B04B010BD40F2DB
:108290002E418B4259D8664A92ED087B26EE077B29
:1082A000FDEEC77B92ED0A5B17EE903A03F50003F3
:1082B0001B16990707EE903A54BF114602F1700160
:1082C000DC07B8EEE77BA7EE456B26EE067B1DD4F8
:1082D00003F0030302EBC30291ED185B92ED000B78
:1082E00091ED1A3B26EE000BB0EE456B91ED164B6F
:1082F000A7EE036B20EE075B27EE057BA5EE040BD4
:10830000A6EE070BB7EEC00B04B010BD91ED144BF9
:1083100027EE075B91ED126B91ED0E2BA7EE046B30
:1083200027EE054B91ED0C0B91ED103BA7EE020BE8
:10833000A5EE030BA6EE040BE4E712F0FF4FE3D12A
:10834000B7EEC77B8DED037ADEE7B3F5FF6F4CD256
:10835000C2F38361374B8DED010A03EB810C53F8B7
:108360002110C2F31603C2F3C25043F4000383404A
:10837000DCF82000DCF810C003FB01F1A3FB00E0F7
:10838000E3FB0C0101F100539C0F03F04043C91AB9
:10839000E8F76CF9019A9FED246B04EBD27241EC83
:1083A000170B900754BF224B234B27EE067BE107A8
:1083B00027EE076B1ED41E4901EBC20293ED185B3A
:1083C00093ED1A3B92ED000B93ED164B27EE000B4D
:1083D000B0EE457B20EE065BA6EE037BA5EE040B1C
:1083E00026EE056BA7EE060B8CE704B0BDE8104047
:1083F00000F052B993ED144B26EE065B93ED127B21
:1084000093ED0E2BA6EE047B26EE054B93ED0C0BA5
:1084100093ED103BA6EE020BA5EE030BA7EE040BAB
:1084200070E700BFAFF30080182D4454FB21193CC6
:10843000A8AF012448AF012418B0012400000000B7
:1084400010EE102AC2F30A53B3F57D7FB7EEC07A5F
:108450001ED2B3F5667F72D327EE077B27EE071B8C
:10846000734B93ED142B93ED125B93ED0E3BA7EE44
:10847000025B27EE012B93ED0C6B93ED104BA7EEF7
:10848000036BA1EE046BA5EE026BB7EEC60B704753
:1084900040F22E418B4255D8654A92ED086B27EE8B
:1084A000066BFDEEC66B92ED0A5B16EE903A03F595
:1084B00000031B16990706EE903A54BF114602F1CD
:1084C0007001D807B8EEE66BA6EE457B27EE076B8A
:1084D0001CD503F0030302EBC30291ED185B92ED90
:1084E000000B91ED1A3B27EE000BB0EE457B91EDB2
:1084F000164BA6EE037B20EE065B26EE056BA5EE83
:10850000040BA7EE060BB7EEC00B704791ED144BB2
:1085100026EE065B91ED127B91ED0E2BA6EE047B11
:1085200026EE054B91ED0C0B91ED103BA6EE020BE8
:10853000A5EE030BA7EE040BB7EEC00B7047B7EE2A
:10854000000A7047B3F5FF6F53D2C2F38361394B12
:1085500003EB810C53F82110C2F31603C2F3C2508F
:1085600043F4000310B58340DCF82000DCF810C0B1
:1085700003FB01F1A3FB00E0E3FB0C0101F100535D
:1085800082B09C0F03F04043C91A8DED010AE8F751
:108590006DF8019A9FED246B04EBD27241EC170B3E
:1085A000900754BF224B244B27EE067BE10727EEB2
:1085B000076B20D51E4902F0030201EBC20293EDC6
:1085C000185B92ED000B93ED1A3B27EE000BB0EE1B
:1085D000457B93ED164BA6EE037B20EE065B26EE65
:1085E000056BA5EE040BA7EE060BB7EEC00B02B0B1
:1085F00010BD00F051B893ED144B26EE065B93EDE1
:10860000127B93ED0E2BA6EE047B26EE054B93ED2D
:108610000C0B93ED103BA6EE020BA5EE030BA7EEA1
:10862000040BE2E7AFF30080182D4454FB21193C02
:10863000A8AF012448AF012418B0012410B582B0BE
:108640008DED010A044600F08DFC9DED010A0460E9
:1086500002B010BD30B1F1EE407A27EE800A222040
:10866000FFF7ECBFF0EE407A27EE800A2220FFF7FA
:10867000E5BF00BF9FED010AFFF7ECBF000000104F
:108680009FED010AFFF7E6BF0000201A9FED010AE7
:10869000FFF7E0BF0000007070EE407AB4EE400AD1
:1086A00087EEA77AF1EE10FAB0EE470A02D6212043
:1086B000FFF7C4BF704700BF00B52DED028BB0EED1
:1086C000408A83B000F09AF8B4EE488AF1EE10FACE
:1086D00006D6DFED0C7AB4EEE78AF1EE10FA03D499
:1086E00003B0BDEC028B00BDCDED017A00F03AFC89
:1086F000DDED017A87EEA70A2123036003B0BDEC0C
:10870000028B00BD0000000010EE103A23F0004282
:10871000B2F1FF4FF0EE407A0DD3002B334BD3ED87
:10872000006A93ED007A86EEA70AACBF30EE070A26
:1087300030EE470A70472E498A4227D8B2F1105FBF
:1087400031D300B5B2F17E5F83B034D38DED000A32
:1087500000F08EF9274AD2ED007A20EE270A00F0C9
:1087600051F8244A2149009BD1ED007A92ED006A2C
:1087700092ED007A37EE007AC6EE076A37EEE60A27
:10878000002BB8BFB1EE400A03B000BD17491A4A2A
:1087900091ED000AD2ED007A30EE670A002BB8BFE7
:1087A000B1EE400A7047114B93ED000A30EE270AF4
:1087B00020EE270A70470F4A8DED010AD2ED007AAC
:1087C000CDED007A00F054F9DDED007A27EEC00A15
:1087D00000F018F8074A019BD2ED007A77EE807A14
:1087E000B1EE407A87EE270ACAE700BF90B00124B5
:1087F000FFFFAF418CB0012488B00124B1EEC00A64
:10880000704700BF10EE100A8A4A20F000439342DE
:1088100000F000402BD9B3F1FF4F00F28F8000F041
:10882000E380002840F08D80834A934200F2FF806D
:108830009FED827A20EE077AF6EE007A77EE877A5D
:108840009FED7F6ADFED7F6AFDEEE77AB8EEE77AAB
:1088500017EE903AF0EE407AE7EE467A27EE267A67
:1088600037EEC70A77EEC07A77EEC77A07E0764A26
:10887000934255D8B3F14C5FC0F090800023B6EE20
:10888000003A20EE034ADFED716A9FED716ADFED79
:10889000714A9FED715A20EE047AF7EE003AA7EE86
:1088A000266ADFED6E6AE6EE074AB0EE086AE4EE8D
:1088B000876AF1EE085AA6EE875AF0EE636AE5EE93
:1088C000076AA4EE666AE0EE465A36EEC66AC6EE5F
:1088D000256A66EE876A002B5BD076EEE76A5A1C43
:1088E000D6EE807A77EEC77A77D0012B5FD05A1C0C
:1088F000392A4FEAC35140D8162B7BDC4FF08072E7
:1089000042FA03F3C3F17E5307EE103A77EEC07AD2
:1089100077EE677A17EE903ACB1800EE103A704770
:108920004F4A93421DD8DFED467A00284FD09FED85
:108930004D7A70EE277A4FF0FF3391E730EE000A60
:108940007047DFED497A70EE277AF5EEC07AF1EEE6
:1089500010FA69D49FED397AFEEE007A20EE077A9C
:108960006CE79FED367AFEEE007AF6EE006A00289C
:1089700020EE077A46FEA77A60E777EEC07A73EEBC
:10898000E77A17EE903A194407EE901A37EEE30AA9
:10899000704790EE267A30EE470A7047DFED337A63
:1089A00070EE277A77EEE77A30EE670A7047BDEE11
:1089B000007AB4EEC70AF1EE10FA2CD530EE033A85
:1089C000B8EE000A77EEC37A27EE800A70479FED73
:1089D0001D7A70EE677A012342E770EE677ABEEE89
:1089E000000AA7EE830A7047FFEE007A002800FE17
:1089F000270A7047C3F17F03DB0507EE103A77EED5
:108A0000877A30EE670A30EE230A10EE103A0B44F4
:108A100000EE103A704770EE677AB0EE007AE7EE3B
:108A2000873AB0EE630A7047BFEE000A7047FFF75F
:108A30002DBE00BF43B895411772B1423BAAB83F63
:108A40008071313FD1F717371872B13EBBED57B483
:108A5000547E8636CD70A6B8898808BD010DD03AFF
:108A60009115853FD1F717B76042A20DCAF249713F
:108A700010EE103A23F0004300EE103A704700BFAA
:108A8000024B0A460146186800F002B8980600201A
:108A900070B5A1FB026535B9314600F03FF80446D8
:108AA00028B9204670BD0C2303600024F9E7324644
:108AB000294600F03FFAF4E7024B0146186800F03F
:108AC0002DB800BF98060020024B0146186800F040
:108AD000A3BA00BF9806002070B50F4C0E4621685F
:108AE000054611B900F02EFA20603146284600F004
:108AF00029FA431C03D14FF0FF34204670BDC41C3B
:108B000024F00304A042F8D0211A284600F01AFAF3
:108B10000130F2D1EFE700BF089D01202DE9F843B5
:108B2000CD1C25F0030508350C2D38BF0C25002D74
:108B3000064601DBA94204D90C2333600020BDE8BE
:108B4000F883334F00F066F83B681C463CBB29466F
:108B50003046FFF7C1FF431C044656D13C68A0468F
:108B6000B8F1000F40D1002C49D02368414630466F
:108B700004EB030900F0E6F9814540D121686D1A44
:108B800029463046FFF7A8FF013038D023682B4430
:108B900023603B685A685ABBC7F800800EE0226821
:108BA000521B1ED40B2A16D96119A342256018BF87
:108BB0005960636808BF396062514B60304600F00D
:108BC0002FF804F10B00231D20F00700C21A1CBF70
:108BD0001B1AA350B3E76268A3420CBF3A605A6005
:108BE000ECE723466468B1E74446D8F80480B7E769
:108BF0001A465B68A342FBD100235360DEE70C23D7
:108C00003360304600F00CF898E70560D6E700BF07
:108C10000C9D0120014800F0D0B900BF4C9E0120FE
:108C2000014800F0CBB900BF4C9E01200CB430B518
:108C3000154B0C1E1D689DB008DA8B232B604FF07E
:108C4000FF301DB0BDE8304002B070474FF0000368
:108C50001B9318BF0123E31A049307930B4B029055
:108C600006900593209A21AB02A92846019300F0B3
:108C70007FFA431CBCBF8B232B60002CE1D0029BEE
:108C800000221A70DDE700BF980600200802FFFFEF
:108C9000164B10B51C68226BB2B91820FFF70CFFF9
:108CA0000246206320B9124B1248522100F096F977
:108CB0001149124BC0E90013114B83600B238381D0
:108CC00000210120C2E9040113690E4854690E49CC
:108CD000584301FB0400A3FB0131013340EB0100C9
:108CE000C2E9043020F0004010BD00BF980600200B
:108CF00094B00124ABB001240E33CDAB34126DE639
:108D0000ECDE05002DF451582D7F954C002310B555
:108D10000446C0E90033C0E90433836081814366BF
:108D2000C2818361194608225C3000F003F90D4BC3
:108D300063620D4BA3620D4BE3620D4B23630D4B3E
:108D400024629C4206D003F16802944202D0D033E0
:108D50009C4205D104F15800BDE8104000F02CB948
:108D600010BD00BF199901243B9901247399012476
:108D700099990124109D0120024A0349034800F0FB
:108D8000A1B800BF8C060020A19A01249C060020F7
:108D900041680C4B994210B5044601D000F080FEAA
:108DA000A168094B994202D0204600F079FEE168A3
:108DB000064B994204D02046BDE8104000F070BE3A
:108DC00010BD00BF109D0120789D0120E09D012075
:108DD00010B50A4B0A4A1A600A4800220421FFF71C
:108DE00095FF094801220921FFF790FFBDE81040D7
:108DF000064802221221FFF789BF00BF489E0120CA
:108E0000798D0124109D0120789D0120E09D012095
:108E1000014800F0D2B800BF4D9E0120014800F08B
:108E2000CDB800BF4D9E012010B50446FFF7F0FFFE
:108E3000236A1BB1BDE81040FFF7F0BF044B23626B
:108E4000044B1B68002BF5D1FFF7C2FFF2E700BF10
:108E5000918D0124489E012030B5141E9BB005461B
:108E60001A4605DA8B2303604FF0FF301BB030BD8C
:108E70004FF00003199318BF0123E31A02930593DF
:108E8000084B00910491039369461E9B00F070F912
:108E9000431CBCBF8B232B60002CE7D0009B00221F
:108EA0001A70E3E70802FFFF07B5009313460A466E
:108EB000014603480068FFF7CFFF03B000BD00BFC5
:108EC000980600202DE9F84380468946144600267E
:108ED000D4E90175013F05D52468002CF8D130464E
:108EE000BDE8F883AB89012B07D9B5F90E30013302
:108EF00003D029464046C84706436835EAE70000E4
:108F00000FB407B5064904AB086853F8042B816811
:108F1000019300F04DFA03B05DF804EB04B0704724
:108F200098060020024B01461868826800F00FBFC7
:108F30009806002002440346934200D1704703F88C
:108F4000011BF9E738B5064C0023054608462360A7
:108F500001F0CEF9431C02D1236803B12B6038BD68
:108F6000509E0120014B1868704700BF98060020F2
:108F700070B50D4B0D4C00261D1BB6EBA50F09D18E
:108F800002F0FCF80A4C0B4B00261D1BB6EBA50F9C
:108F900005D170BD54F8043B98470136EDE754F80D
:108FA000043B98470136F1E79CB101249CB10124B0
:108FB0009CB10124C4B101247047704770470A4432
:108FC000914200F1FF3300D1704710B511F8014B09
:108FD00003F8014F9142F9D110BD00001FB51D46A5
:108FE000094B1B680646D86852B1084C0091CDE980
:108FF0000142074933462A4600F07AFD00F05CFF43
:10900000044C2246F2E700BF980600200CB1012470
:1090100019B1012447B1012437B5002944D051F8D2
:10902000043C0190002BA1F10404B8BFE418FFF741
:10903000F1FD1E4A0198136833B96360146003B0F0
:10904000BDE83040FFF7ECBDA34208D9256861199F
:109050008B4201BF19685B6849192160EDE71A4628
:109060005B680BB1A342FAD911685518A5420BD120
:10907000246821445418A3421160E0D11C685B6845
:1090800053600C441460DAE702D90C230360D6E77E
:10909000256861198B4204BF19685B68636004BF6F
:1090A000491921605460CAE703B030BD0C9D01200E
:1090B0002DE9F0478E681F46BE4282460C46904618
:1090C000334653D8B1F90C0010F4906F2BD065697A
:1090D0002368096905EB4505A3EB010905EBD57587
:1090E0007B1C6D104B44AB422A4684BF1D462A466A
:1090F000430527D511465046FFF710FD064658B3E5
:1091000021694A46FFF75BFFA38923F4906343F08C
:109110008003A381266165614E44A5EB09052660A5
:10912000A5603E463B461F4620683A46414600F051
:1091300042FEA3689B1BA36023683B44236000207E
:10914000BDE8F087504600F0E5FC06460028E1D176
:1091500021695046FFF760FF0C23CAF80030A3894D
:1091600043F04003A3814FF0FF30E9E73E46DBE7E1
:109170002DE9F0471F468B891B069CB006460D461D
:10918000144610D50B6973B94021FFF7C7FC28605E
:10919000286130B90C2333604FF0FF301CB0BDE8BC
:1091A000F08740236B610023099320238DF8293039
:1091B00003973023654F8DF82A304FF0010823467E
:1091C0001A7899461AB1252A03F10103F8D1B9EBAF
:1091D000040A0BD05346224629463046FFF768FF63
:1091E000013000F0A380099A5244099299F80030A6
:1091F000002B00F09B8000224FF0FF33CDE90532B9
:1092000009F10109049207928DF853201A924C46F5
:10921000052214F8011B4D48E7F74AF8049AD0B923
:10922000D00644BF20238DF85330110744BF2B23B1
:109230008DF8533099F800302A2B13D007994B46FC
:1092400000204FF00A0C1A78303A092A1C464AD9F5
:10925000A8B1079113E0C01B08FA00F01043049076
:10926000A146D4E7039B191D1B680391002BBBBFCC
:109270005B4242F0020207930793B8BF049223783F
:109280002E2B0AD163782A2B32D1039B1A1D1B681F
:10929000039243EAE37302340593DFF8C090217828
:1092A00003224846E7F704F838B1049BA0EB090015
:1092B00040228240134301340493217824488DF8DE
:1092C00028100622E6F7F4FF002835D0214818BB05
:1092D000039B073323F0070308330393099B0344DD
:1092E000013409936BE701330CFB01210120AAE74C
:1092F00000230593611C18464FF00A0C0A78303A97
:10930000092A0C4603D9002BC7D00590C5E70131C7
:109310000CFB00200123F1E703AB00932A460E4B20
:1093200004A93046AFF30080421CD7D1AB895B065D
:109330003FF532AF099831E703AB00932A46064B5D
:1093400004A9304600F0BEF9EEE700BF48B10124A1
:1093500052B1012400000000B19001244EB101245B
:109360009368013B002B10B4936007DA9469A34221
:1093700001DB0A2902D110BC00F0FABB1368581CAB
:1093800010601970084610BC7047F8B506460F46C5
:109390001446D518AC4201D1002007E014F8011B97
:1093A0003A463046FFF7DCFF431CF3D1F8BD00001E
:1093B0002DE9F04706469CB00D4614461F4618B1ED
:1093C000036A0BB9FFF730FD6B6ED90705D4AB8983
:1093D0009A0502D4A86DFFF7F0FDAB891B0701D5F4
:1093E0002B699BB92946304600F000FC70B16B6ECA
:1093F000DE0704D54FF0FF301CB0BDE8F087AB8925
:109400009C05F7D4A86DFFF7D9FDF3E70023099376
:1094100020238DF82930039730236A4F8DF82A30A6
:109420004FF0010823461A7899461AB1252A03F10C
:109430000103F8D1B9EB040A0BD053462246294662
:109440003046FFF7A2FF013000F0A380099A524492
:10945000099299F80030002B00F09B8000224FF019
:10946000FF33CDE9053209F10109049207928DF825
:1094700053201A924C46052214F8011B5148E6F776
:1094800017FF049AD0B9D00644BF20238DF853307B
:10949000110744BF2B238DF8533099F800302A2B45
:1094A00013D007994B4600204FF00A0C1A78303A37
:1094B000092A1C464AD9A8B1079113E0C01B08FA33
:1094C00000F010430490A146D4E7039B191D1B68CC
:1094D0000391002BBBBF5B4242F00202079307934C
:1094E000B8BF049223782E2B0AD163782A2B32D16D
:1094F000039B1A1D1B68039243EAE373023405932E
:10950000DFF8D090217803224846E6F7D1FE38B143
:10951000049BA0EB090040228240134301340493D2
:10952000217829488DF828100622E6F7C1FE002888
:109530003ED0264818BB039B073323F007030833AC
:109540000393099B0344013409936BE701330CFB3C
:1095500001210120AAE700230593611C18464FF062
:109560000A0C0A78303A092A0C4603D9002BC7D0D6
:109570000590C5E701310CFB00200123F1E703ABA7
:1095800000932A46124B04A93046AFF30080431CD7
:10959000D7D16B6ED90705D4AB899A0502D4A86DD3
:1095A000FFF70CFDAB895B063FF524AF099823E775
:1095B00003AB00932A46064B04A9304600F082F81C
:1095C000E5E700BF48B1012452B1012400000000CA
:1095D0008B9301244EB101242DE9F0479146984622
:1095E0008A680B69089E9342B8BF1346C9F80030D9
:1095F00091F8432007460C4612B10133C9F80030F8
:109600002368990642BFD9F800300233C9F8003008
:10961000256815F0060507D104F1190AE368D9F8A1
:1096200000209B1AAB4229DC94F843302268003BAF
:1096300018BF012392062ED404F143024146384656
:10964000B047013021D02368A168226903F00603E6
:10965000042B01BFE568D9F80030ED1A25EAE5755D
:1096600018BF00258B1A2B449142C8BF1D464FF0EE
:1096700000091A344D451AD1002008E00123524652
:1096800041463846B047013003D14FF0FF30BDE8C6
:10969000F0870135C2E7E1185A1C302081F84300F9
:1096A000224494F8451082F843100233C4E70123A2
:1096B000224641463846B0470130E6D009F101095B
:1096C000D8E700002DE9F04398460B7E85B0782B53
:1096D000174606460C9A0C4609D8622B01F1430145
:1096E00008D8002B00F0DC80582B00F0BD8004F17E
:1096F000420539E0A3F163001528F8D801A555F813
:1097000020F000BF5D97012471970124EF9601249A
:10971000EF960124EF960124EF960124719701241E
:10972000EF960124EF960124EF960124EF96012491
:10973000819801249D9701242F980124EF960124FC
:10974000EF960124A9980124EF9601249D97012406
:10975000EF960124EF960124379801241368191D10
:109760001B68116004F1420584F842300123A8E02F
:1097700013682568181D1060280601D51B6803E0D2
:109780006A06FBD5B3F90030002B03DA2D225B42C9
:1097900084F84320DFF878C10A2213E025681068B6
:1097A00015F0800F50F8043B02D16D0648BF9BB204
:1097B0001060227EDFF858C16F2A5DD10822002098
:1097C00084F843006568A560002D05DB20681D4313
:1097D00020F00400206051D00D46B3FBF2F002FBF4
:1097E000103E9A421CF80EE005F801ED0346F4D94C
:1097F000082A0BD12368DA0708D5236962689A42E0
:10980000DEBF302305F8013C05F1FF35491B21611E
:10981000CDF800803B4603AA21463046FFF7DCFE28
:10982000013053D14FF0FF3005B0BDE8F08323681D
:1098300043F020032360DFF8DCC0782384F8453050
:109840002068156810F0800F55F8043B03D110F024
:10985000400F18BF9BB21560C50744BF40F0200001
:10986000206023B11022AAE7DFF8A4C0E6E722684F
:1098700022F020022260F5E70A22A0E70D46B7E7B2
:109880001368D4F800C060691D1D15601CF0800FBE
:109890001B6801D0186003E01CF0400FFAD018805C
:1098A000002323610D46B3E71368191D11601D687D
:1098B000626800212846E6F7FBFC08B1401B6060A7
:1098C00063682361002384F84330A1E723692A46B3
:1098D00039463046C0470130A4D023689B0714D4D2
:1098E000E068039B9842B8BF18469DE7012304F146
:1098F000190239463046C047013093D00135E3683C
:1099000003995B1AAB42F1DCEAE70025F7E700BFF9
:1099100059B101246AB1012410B50C46B1F90E10F9
:1099200000F084FA0028ABBF636DA3891B1823F4F1
:109930008053ACBF6365A38110BD2DE9F0411F4684
:109940008B89DB0505460C46164605D5B1F90E1088
:109950000223002200F058FAA389B4F90E1023F470
:109960008053A38132463B462846BDE8F04100F0D3
:109970006FBA10B50C46B1F90E1000F045FAB4F903
:109980000C30421C0BBF23F4805343F48053A3815B
:10999000A38118BF606510BDB1F90E1000F06ABA5E
:1099A000B1F90C202DE9F041160705460C4651D4BB
:1099B0004B68002B02DC0B6C002B49DDE66A002EA5
:1099C00046D0002312F480522F682B6031D0626D94
:1099D000A389590705D56368D21A636B0BB1236C51
:1099E000D21A0023E66A216A2846B047421CB4F91D
:1099F0000C3006D129681D2945D8284ACA40D60707
:109A000041D500226260D9042269226004D5421C3B
:109A100001D12B6803B96065616B2F60C1B104F19E
:109A20004403994202D02846FFF7F6FA0023636305
:109A30000EE0216A01232846B0470246501CC7D1D8
:109A40002B68002BC4D01D2B01D0162B1AD12F60F0
:109A500000201DE00F69002FFAD093070E6808BFA1
:109A60004B690F6018BF0023A6EB07088B60B8F1A5
:109A7000000FEDDD216AA66A43463A462846B04704
:109A8000002807DCA38943F04003A3814FF0FF3097
:109A9000BDE8F0810744A8EB0008E8E7010040209A
:109AA00038B50B6905460C4613B91D46284638BD26
:109AB00018B1036A0BB9FFF7B7F9B4F90C30002BF2
:109AC000F3D0626ED00704D4990502D4A06DFFF7DD
:109AD00074FA28462146FFF763FF636EDA070546EE
:109AE000E4D4A3899B05E1D4A06DFFF767FADDE715
:109AF0000EB403B5014603AB054853F8042B0068C8
:109B00000193FFF755FC02B05DF804EB03B070471A
:109B1000980600202DE9F041074615460C4621B96C
:109B2000BDE8F0411146FEF7F9BF2AB9FFF774FA14
:109B30002C462046BDE8F08100F0C5F98542064676
:109B400002D8B5EB500FF4D829463846FEF7E6FFA9
:109B5000804608B94446ECE7B5422A46214628BF6C
:109B60003246FFF72CFA21463846FFF755FAF1E75F
:109B7000F8B505460F46144618B1036A0BB9FFF74E
:109B800053F9A369A360A3891A0701D5236943B9CF
:109B90002146284600F02AF818B14FF0FF3630462B
:109BA000F8BD23692068C01A6369834205DC214639
:109BB0002846FFF775FF0028EFD1A368013BA3609B
:109BC00023685A1C22601F70636901308342FEB211
:109BD00004D0A389DB07E2D50A2EE0D1214628462E
:109BE000FFF75EFF0028DAD0D7E7000038B5284B32
:109BF000054618680C4618B1036A0BB9FFF714F94B
:109C0000B4F90C30190720D4DA0607D409222A60E7
:109C100043F04003A3814FF0FF3031E0580711D5E6
:109C2000616B41B104F14403994202D02846FFF729
:109C3000F3F9002363630022A38962602269226032
:109C400023F0240343F00803A38123694BB9A389BC
:109C500003F42073B3F5007F03D02146284600F0BB
:109C60003DF8B4F90C3013F001020AD00022A260D2
:109C700062695242A261226942B913F08000C7D1E1
:109C800038BD990758BF6269A260F4E70020F7E782
:109C90009806002070B50E46B1F90E10002996B056
:109CA00014461D460ADAB28912F0800213D14FF42D
:109CB000806100202A60216016B070BD6A4600F005
:109CC000E9F80028EFDB019A02F47042A2F5005394
:109CD0005A425A41EBE700224021EAE78B8973B5EB
:109CE0009E0705460C4607D504F147032360236110
:109CF0000123636102B070BD01AB6A46FFF7CAFF82
:109D0000009E28463146FEF709FFB4F90C3038B9F9
:109D10009A05EFD423F0030343F00203A381E3E7A2
:109D200043F08003A381019B2060C4E90406002B5B
:109D3000E0D0B4F90E10284600F056F80028D9D02B
:109D4000A38923F0030343F00103A381D2E770B595
:109D500006460D46144618B1036A0BB9FFF764F8BE
:109D6000636ED80705D4A389990502D4A06DFFF7C7
:109D700024F9A368013B002BA36005DAA269934292
:109D800012DBEBB20A2B0FD023685A1C22601D7025
:109D9000EDB2636EDA0705D4A3899B0502D4A06DEA
:109DA000FFF70CF9284670BD294622463046FFF7DA
:109DB000DFFE0546EDE7884210B501EB020402D94B
:109DC0008442234607D8431EA14207D011F8012B35
:109DD00003F8012FF8E70244824200D110BD13F8C6
:109DE000011D02F8011DF7E738B5064C00230546B2
:109DF0000846236000F05CFA431C02D1236803B1DB
:109E00002B6038BD509E012038B5074C05460846EA
:109E10001146002222601A4600F05AFA431C02D171
:109E2000236803B12B6038BD509E012038B5074C24
:109E3000054608461146002222601A4600F050FAF4
:109E4000431C02D1236803B12B6038BD509E012012
:109E500038B5074C054608461146002222601A46CE
:109E600000F054FA431C02D1236803B12B6038BDC3
:109E7000509E012038B5064C002305460846236055
:109E800000F0FEF9431C02D1236803B12B6038BDFA
:109E9000509E012038B5074C002305460846114660
:109EA000236000F0F5F9431C02D1236803B12B6055
:109EB00038BD00BF509E012008B5062000F034F8E0
:109EC000012000F02BFA51F8043C181F002BBCBFF6
:109ED0000B58C01870471F2938B505460C4604D9E1
:109EE000162303604FF0FF3038BDC26B12B152F839
:109EF00021304BB9284600F031F822460146284669
:109F0000BDE8384000F018B8012B0AD0591C03D125
:109F1000162303600120E7E7002142F824102046C1
:109F200098470020E0E70000024B01461868FFF761
:109F3000D2BF00BF9806002038B5074C0023054665
:109F400008461146236000F0BBF9431C02D1236888
:109F500003B12B6038BD00BF509E012000F0A0B9B6
:109F60002DE9F04782B00646DDF828E00846B44601
:109F70000D46002B4ED18A4214466DD9B2FA82F2B8
:109F800042B1C2F12003954026FA03F394401D43E9
:109F900006FA02FC260CA7B2B5FBF6F14FEA1C4309
:109FA00006FB115543EA054301FB07F0984209D926
:109FB000E31801F1FF3580F00381984240F20081FF
:109FC000023923441B1A1FFA8CFCB3FBF6F006FB84
:109FD00010334CEA034C00FB07F363450AD914EB3A
:109FE0000C0C00F1FF3580F0ED80634540F2EA8013
:109FF000A444023840EA0140ACEB030C0021BEF15E
:10A00000000F04D02CFA02F30022CEE9003202B095
:10A01000BDE8F0878B4209D9BEF1000F01D0CEE92F
:10A0200000610021084602B0BDE8F087B3FA83F171
:10A03000174600294DD1834202D3B24200F20F816C
:10A04000B6EB070C60EB030301201D46BEF1000FC9
:10A05000DDD0CEE900C5DAE7002A00F098801A4684
:10A06000B4FA84F3002B40F0AF800B1B270CA6B290
:10A070000121B3FBF7F54FEA1C4007FB153340EA1B
:10A08000034306FB05F8984507D9E31805F1FF30AF
:10A0900002D2984500F2E8800546A3EB08031FFAB8
:10A0A0008CFCB3FBF7F007FB10334CEA034C06FBC8
:10A0B00000F3634508D914EB0C0C00F1FF3602D213
:10A0C000634500F2CE803046ACEB030C40EA05401D
:10A0D00095E7C1F120058B4022FA05FC4CEA030C00
:10A0E00000FA01F426FA05F3E84002FA01F943EA1E
:10A0F00004084FEA1C4206FA01FAB0FBF2F71FFA15
:10A100008CF602FB17004FEA184444EA004407FBB0
:10A1100006F0A0420AD91CEB040407F1FF3380F0DB
:10A120009C80A04240F29980023F6444241A1FFAA6
:10A1300088F3B4FBF2F002FB104443EA044300FB53
:10A1400006F69E4209D91CEB030300F1FF3480F0B0
:10A1500082809E427FD90238634440EA0740A0FBD8
:10A1600009749B1BA3423E46A04664D361D0BEF156
:10A17000000F0AD0BAEB060263EB080303FA05F5F9
:10A18000CA401543CB40CEE9005300213FE7730896
:10A1900043EAC1734A08190C41EA02414FEAC67CFE
:10A1A0009BB2B2FBF4F02646A04627461F2243EAA4
:10A1B0000143B1FBF4F1A3EB080341EA004158E786
:10A1C0002946FFE6284615E71A46C3F120019C40C0
:10A1D00026FA01F320FA01F190400343270C06FA16
:10A1E00002FCB1FBF7F0A6B207FB1015190C41EA0F
:10A1F000054100FB06F58D423BD9611801D28D4225
:10A2000020D8491B0138B1FBF7F5019505FB06F88D
:10A21000019D9BB207FB151143EA0143434526D23A
:10A22000E31805F1FF31C6D24345C4D2A91E234429
:10A23000C1E7BA459BD2B7EB090664EB0C040138C1
:10A24000A04694E7651B29440238B1FBF7F5019558
:10A2500005FB06F8DCE720467FE71F4666E7084671
:10A26000F4E6A44402382FE7023D234415E70199A0
:10A27000A1E7491BB1FBF7F5019505FB06F8C7E718
:10A28000024B58221A604FF0FF307047509E012059
:10A29000024B58221A604FF0FF307047509E012049
:10A2A000024B58221A604FF0FF307047509E012039
:10A2B000024B58221A600020704700BF509E0120B8
:10A2C000024B58221A604FF0FF307047509E012019
:10A2D000024B58221A604FF0FF307047509E012009
:10A2E000024B58221A604FF0FF307047509E0120F9
:10A2F000044A05491368002B08BF0B461844106038
:10A3000018467047549E012000800030024B5822AE
:10A310001A604FF0FF307047509E0120FEE700BFEB
:10A32000E0A70124E8A70124F4A7012450A80124F0
:10A3300000A80124010700000106000000540040AD
:10A3400000580040005C0040001C0058250026001A
:10A350002700340035004700520053008E000000F3
:10A36000010101030701000000000040000400405B
:10A3700000080040000C00404341422072656A65BD
:10A3800063742071756965742041463A25642050D4
:10A3900065616B3A256420524D533A256420456E21
:10A3A000763A256420466C75783A256400000000F2
:10A3B00053746F726564204341422077696E646F05
:10A3C00077204C6162656C3A256420436F756E742A
:10A3D0003A25642041463A2564205065616B3A2550
:10A3E0006420524D533A256420456E763A25642008
:10A3F000466C75783A256400434142207761697460
:10A40000696E6720666F722077696E646F7720438C
:10A410006F756E743A25642F2564000052656A6575
:10A42000637420726561736F6E3A20636C6173733D
:10A430002066756C6C00000052656A65637420725A
:10A440006561736F6E3A207765616B207068726129
:10A450007365204C6162656C3A256420524D533A15
:10A460002564205065616B3A256420466C75783A06
:10A470002564204F6E3A2564000000004F4E000016
:10A480004F4646004E657572616C4E657400000063
:10A490004D696E6943414200426F6F7420313A202A
:10A4A000687720696E697420646F6E650000000033
:10A4B000426F6F7420323A2073637265656E206953
:10A4C0006E697420646F6E6500000000426F6F74E7
:10A4D00020333A2073637265656E20626C61636B32
:10A4E00020646F6E65000000426F6F7420343A2064
:10A4F0006D6F64656C7320696E697420646F6E653E
:10A50000000000005374617274696E672E2E2E0075
:10A510005072657365743A20257300004175646953
:10A520006F20737461727465640000004D656E7510
:10A530003A2564004D616E75616C207072657365BB
:10A54000743A2025730000004E6574776F726B3A81
:10A55000204D696E69434142000000004E657477EA
:10A560006F726B3A204E657572616C4E65740000B7
:10A57000547261696E696E67204F4E204C6162654E
:10A580006C3A2564205072657365743A2573000037
:10A59000547261696E696E67204F46460000000084
:10A5A0004E656564203220747261696E6564206353
:10A5B0006C6173736573206265666F726520736189
:10A5C00076696E67000000005361766564204E6511
:10A5D0007572616C4E6574206D617070696E672074
:10A5E000616E6420656E7465726564207072656466
:10A5F000696374696F6E206D6F6465004E65757276
:10A60000616C4E657420747261696E696E67206654
:10A6100061696C6564000000547261696E65642054
:10A620004D696E6943414220616E6420656E7465B8
:10A630007265642070726564696374696F6E206D01
:10A640006F6465004D696E694341422074726169AF
:10A650006E696E67206661696C656400507265643E
:10A66000696374696F6E2025730000004E6F20735C
:10A6700061766564206D617070696E6720796574BC
:10A680000000000041636365707465642070687247
:10A69000617365204C6162656C3A25642046726185
:10A6A0006D65733A256420436F756E743A25642096
:10A6B00054696D656F75743A2564000052656A656A
:10A6C0006374656420706872617365204C616265B3
:10A6D0006C3A2564204672616D65733A25642043A7
:10A6E0006F756E743A25642054696D656F75743AA0
:10A6F0002564000043617074757265642070726532
:10A7000064696374696F6E2070687261736520504C
:10A710007265643A256420537461626C653A2564FD
:10A72000204672616D65733A25642054696D656FCA
:10A7300075743A25640000004E6574776F726B3A49
:10A740002573204C6162656C3A25642050726573F4
:10A7500065743A2573205068726173653A256420E8
:10A760004672616D65733A256420507265643A25BE
:10A770006420537461626C653A256420486F6C6490
:10A780003A256420507265646963743A25642053E5
:10A79000617665643A25640053636F726573204483
:10A7A0003A256420433A256420413A256420523AF0
:10A7B00025640000446973746F7274696F6E0000E1
:10A7C00043686F7275730000416D6269656E740055
:10A7D0005265766572620000504544414C000000AD
:10A7E0005072657365743A004E6574776F726B3A98
:10A7F00000000000547261696E696E673A000000E3
:10A80000507265646963743A0000000050726564B8
:10A810003A000000537461626C653A0053617665DA
:10A8200064000000547261696E0000004D454E5591
:10A8300000000000427566666572733A0000000011
:10A84000442564204325642041256420522564006A
:10A8500053617665204D61700000000044616973AA
:10A8600079206973206F6E6C696E65003D3D3D3DDA
:10A870003D3D3D3D3D3D3D3D3D3D3D00456C6563C0
:10A8800074726F736D6974680000000044616973CD
:10A890007920536565642045787465726E616C003B
:10A8A00043444320436F6E6669670000434443207E
:10A8B000496E746572666163650000004461697386
:10A8C000792053656564204275696C7420496E0077
:10A8D0000804020408010101000000004552524F23
:10A8E000523A2000496E76616C696420446576694D
:10A8F00063652068616E646C65000000496E766176
:10A900006C696420436C6173732068616E646C656C
:10A9100000000000B4A70124CDCC8C403333934019
:10A92000295C0F3ED7A3703F3D0A973F14AE473FC7
:10A9300003000000C0A701249A99993F0000803FBE
:10A940000AD7A33E6666E63E9A99993F0000803F8B
:10A9500000000000C8A70124CDCC8C3F6666663F8E
:10A96000CDCC4C3ECDCC0C3F0000803F0000803F62
:10A9700001000000D0A701243333B33FCDCC8C3F7E
:10A980008FC2753E6666263FCDCC8C3F0000803F6F
:10A9900001000000000000000000005F0000000750
:10A9A000000700147F147F14242A7F2A122313081F
:10A9B000646236495522500005030000001C224104
:10A9C000000041221C0014083E081408083E080834
:10A9D00000503000000808080808006060000020EF
:10A9E000100804023E5149453E00427F400042614A
:10A9F0005149462141454B311814127F10274545D6
:10AA000045393C4A494930017109050336494949EC
:10AA100036064949291E0036360000005636000029
:10AA200008142241001414141414004122140802C2
:10AA300001510906324979413E7E1111117E7F494B
:10AA40004949363E414141227F4141221C7F4949CB
:10AA500049417F090909013E4149497A7F080808AF
:10AA60007F00417F41002040413F017F0814224187
:10AA70007F404040407F020C027F7F0408107F3EF1
:10AA80004141413E7F090909063E4151215E7F094E
:10AA9000192946464949493101017F01013F40409A
:10AAA000403F1F2040201F7F2018207F6314081480
:10AAB0006303047804036151494543007F41410029
:10AAC00002040810200041417F00040201020440FA
:10AAD00040404040000102040020545454787F4814
:10AAE0004444383844444420384444487F3854541B
:10AAF0005418087E0901020C5252523E7F08040489
:10AB00007800447D40002040443D007F10284400F0
:10AB100000417F40007C041804787C0804047838E5
:10AB2000444444387C14141408081414187C7C0819
:10AB30000404084854545420043F4440203C4040FE
:10AB4000207C1C2040201C3C4030403C44281028E5
:10AB5000440C5050503C4464544C4400083641006E
:10AB600000007F00000041360800100808100800AF
:10AB700000000000060000000C00000012000000B1
:10AB80001800000000010000060100000C01000098
:10AB9000120100001801000000020000060200007F
:10ABA0000C02000012020000180200000003000066
:10ABB000060300000000FA4500007A460000FA464D
:10ABC00000803B470080BB47000000000100000000
:10ABD000000000000002030000000004000000006C
:10ABE000000000200030014000380040003C0040E0
:10ABF000003401400050014000140058540200206D
:10AC0000480200203C0200203002002024020020E4
:10AC1000180200200C02002000020020F401002095
:10AC2000E8010020DC010020D0010020785501203F
:10AC30006C550120605501205455012048550120D4
:10AC40003C5501203055012024550120C40100202D
:10AC5000B8010020AC010020A00100200B00FF0083
:10AC600000000010000000000010000000100000B4
:10AC70000000000000300000002000000000000084
:10AC800000040000000600000010014000440040E5
:10AC900000480040004C00400050004000140140BB
:10ACA00000780040007C0040000C00580000803F0D
:10ACB0000000000000000000000000000000803FD5
:10ACC0000000000000000000000000000000803FC5
:10ACD0000000803F0000803F0000803F0000803E79
:10ACE000000000000000803F000000000000803EE7
:10ACF0000000403F0000803FC3F5A83E0000000078
:10AD00000000000000000000000000000100020040
:10AD10000400080010002000400080000001000234
:10AD200000040008001000200040008000000258CD
:10AD30000004025800080258000C02580010025883
:10AD40000014025800180258001C02580020025833
:10AD500000240258002802580000000000061016C7
:10AD600000061016000000000200000000000000B5
:10AD700004000000000000000600000000000000C9
:10AD800008000000000000000A00000000000000B1
:10AD90000C00000000000000100000000000000097
:10ADA0002000000000000000400000000000000043
:10ADB0008000000000000000000100000000000012
:10ADC000020000000400000006000000080000006F
:10ADD0000A0000000C00000010000000200000002D
:10ADE00040000000800000000001000000000000A2
:10ADF0000102030401020304060708090000000021
:10AE0000000000000000F03F748515D3B0D9EF3F7B
:10AE10000F89F96C58B5EF3F515B12D00193EF3FAA
:10AE20007B517D3CB872EF3FAAB968318754EF3F40
:10AE30003862756E7A38EF3FE1DE1FF59D1EEF3FF9
:10AE400015B7310AFE06EF3FCBA93A37A7F1EE3F1F
:10AE50002234124CA6DEEE3F2D89616008CEEE3F13
:10AE6000272A36D5DABFEE3F824F9D562BB4EE3FF0
:10AE7000295448DD07ABEE3F85553AB07EA4EE3F3E
:10AE8000CD3B7F669EA0EE3F745FECE8759FEE3F82
:10AE90008701EB7314A1EE3F13CE4C9989A5EE3FC9
:10AEA000DBA02A42E5ACEE3FE5C5CDB037B7EE3FBB
:10AEB00090F0A38291C4EE3F5D253EB203D5EE3FF4
:10AEC000ADD35A999FE8EE3F475EFBF276FFEE3F27
:10AED0009C5285DD9B19EF3F6990EFDC2037EF3FF7
:10AEE00087A4FBDC1858EF3F5F9B7B33977CEF3FD9
:10AEF000DA90A4A2AFA4EF3F40456E5B76D0EF3F5F
:10AF0000000000000000E8429423914BF86AAC3F37
:10AF1000F3C4FA50CEBFCE3FD6520CFF422EE63FCE
:10AF20000000000000003843FE822B6547154740B3
:10AF30009423914BF86ABC3EF3C4FA50CEBF2E3F27
:10AF4000D6520CFF422E963FA2000000F9A200004C
:10AF500083F9A2006E83F9A24E6E83F9444E6E838C
:10AF600015444E6E2915444EFC29154427FC29151D
:10AF70005727FC29D15727FCF5D1572734F5D1574E
:10AF8000DD34F5D1C0DD34F5DBC0DD3462DBC0DD9E
:10AF90009562DBC0999562DB3C999562433C99953B
:10AFA00090433C994190433C000000000000F03F7A
:10AFB000000000000000F0BF000000000000F0BF33
:10AFC000000000000000F03F83C8C96D305F64419D
:10AFD000182D4454FB21F93F000000000000F03F11
:10AFE0001C620CFDFFFFDFBF198F06E15355A53F23
:10AFF0009D359AE887C056BFC3F87B024393F93E5C
:10B0000003A695595455C5BFC40B23057610813F3F
:10B0100024CF7437EB9429BF000000000000F03FFC
:10B02000000000000000F0BF000000000000F0BFC2
:10B03000000000000000F03F83C8C96D305F64412C
:10B04000182D4454FB21F93F000000000000F0BF20
:10B050001C620CFDFFFFDF3F198F06E15355A5BFB2
:10B060009D359AE887C0563FC3F87B024393F9BEEB
:10B0700003A695595455C5BFC40B23057610813FCF
:10B0800024CF7437EB9429BF6042A20D000000402A
:10B090000000803F5245454E54206D616C6C6F63DB
:10B0A00020737563636565646564002F566F6C7506
:10B0B0006D65732F646174612F6A656E6B696E7361
:10B0C0002F776F726B73706163652F474E552D74C8
:10B0D0006F6F6C636861696E2F61726D2D31352FF2
:10B0E0007372632F6E65776C69622D637967776918
:10B0F0006E2F6E65776C69622F6C6962632F737453
:10B10000646C69622F72616E642E63002C20667518
:10B110006E6374696F6E3A2000617373657274694F
:10B120006F6E2022257322206661696C65643A2067
:10B1300066696C6520222573222C206C696E65205F
:10B140002564257325730A00232D302B2000686C9D
:10B150004C0065666745464700303132333435363A
:10B160003738394142434445460030313233343573
:10B17000363738396162636465660000F8B500BF30
:10B18000F8BC08BC9E467047F8B500BFF8BC08BCC8
:04B190009E46704720
:08B194000C51FE7F01000000D8
:10B19C0065070024713B0024155400241D810024F4
:10B1AC002D940024119A002491AD002449BC002454
:08B1BC003DC40024C97B0124FD
:04B1C4003D0700241F
:10B1C8000000803F0000803F0000803F0000803F7B
:10B1D8000000803F0000803F0000803F0000803F6B
:10B1E8000000803F0000803F0000803F0000803F5B
:10B1F8000000803E0000803E0000803E0000803E4F
:10B20800003C1C46003C1C46003C1C46003C1C46BE
:10B21800002474490000803F010000000000D24370
:10B228000000824300000C433D0A573F85EB513F25
:10B2380000002F44000040418FC2F53C7B146E3F54
:10B24800EC51783F0000803F0000C03F6666663FD3
:10B25800000040400000803E0000803F0000803F2A
:10B26800CDCC4C3F6666663F000040409A99993EB7
:10B278000000803F00006040000080400AD7A33EE5
:10B28800295C8F3E9A99993F0000904100803B4786
:10B29800FFFFFFFFFFFFFFFFFFFFFFFFFFFFFFFFB6
:10B2A800FFFFFFFF01000000100000000000000089
:10B2B8000000000000000000000000000000000086
:10B2C8001000000000000000000000000000000066
:10B2D8000000000000000000100000000000000056
:10B2E8000000000000000000000000000000000056
:10B2F8000000000000000000000000000000000046
:10B308000000000000000000010000000000000034
:10B318000000000000000000000000000000000025
:10B328000000000001000000000000000000000014
:10B338000000000000000000000000000000000005
:10B3480001000000000000000000000000000000F4
:10B3580000000000000000000000000001000000E4
:10B3680000040800000000000000000001050800BB
:10B37800070800000000000001040800060800009B
:10B3880000000000000508000000000000000000A8
:10B39800000406000000000000000000020C060186
:10B3A8000507000000000000020B0601040600006B
:10B3B80000000000020A0600000000000000000073
:10B3C800010C05010407010905000000020105013F
:10B3D8000F05020305000000010E0502020500002A
:10B3E800000000000303050000000000000000004A
:10B3F800060A05000405000000000000010505001C
:10B408000705000000000000010405000605060904
:10B4180005000000060B05000505000000000000FF
:10B428000000000000000000000000000000000014
:10B438000000000000000000010000000000000003
:10B4480000000000000000000000000000000000F4
:10B4580000000000010000000000000000000000E3
:10B4680000000000000000000000000000000000D4
:10B4780001000000000000000000000000000000C3
:10B4880000000000000000000000000001000000B3
:10B4980000000000000000000000000000000000A4
:10B4A8000000000000000000010000000000000093
:10B4B8000000000000000000000000000000000084
:10B4C8000000000001000000000000000000000073
:10B4D8000000000000000000000000000000000064
:10B4E8000100000000000000000000000000000053
:10B4F8000000000000000000000000000100000043
:10B508000000000000000000000000000000000033
:10B5180000000000000000000100000040040020BE
:10B5280034040020280400201C04002010040020FB
:10B5380004040020F8030020EC030020E0030020AE
:10B54800D4030020785F0120C8030020BC0300203A
:10B558006C5F0120605F0120545F0120B003002070
:10B56800A4030020010708000000000000000000FC
:10B5780001060800000000000000000001040B00A4
:10B58800000000000000000006090700000000009D
:10B5980000000000010C0E03020801050E00000067
:10B5A800020C0801060E0000000000000108080255
:10B5B8000B08000108000000010908020A08000041
:10B5C80008000000020B0700000000000000000057
:10B5D800020A070000000000000000000003070046
:10B5E800000000000000000000020700000000004A
:10B5F80000000000010707010F0400000000000020
:10B60800010607010E040000000000000B00FF0007
:10B6180000C201000000080000C20100000008008C
:10B62800E5C4002491C5002459C500247DC4002424
:10B63800A9C400244DC4002421C5002451C40024F9
:10B648001A030000000000000000000000000000D5
:10B6580000000000000000000000000004030904CE
:10B668001201000202020040830440570002010256
:10B6780003010000A5C9002441CA00244DCA0024C2
:10B68800E1C9002465CA0024EDCC0024D5CC0024EF
:10B698001201000202020040830440570002010226
:10B6A80003010000B1C90024BDC90024C9C9002490
:10B6B80029CA00249DCB0024F9C9002411CA0024FA
:10B6C800010000001000000009074300020104C047
:10B6D80032090400000102020100052400100105DE
:10B6E8002401000104240202052406000107058242
:10B6F8000308001009040100020A00000007050100
:10B7080002400000070581024000000009024300D2
:10B71800020100C0320904000001020201000524F0
:10B72800001001052401000104240202052406007A
:10B73800010705820308001009040100020A00003D
:10B7480000070501024000000705810240000000D3
:10B7580009024300020100C032090400000102028C
:10B76800010005240010010524010001042402023F
:10B7780005240600010705820308001009040100DA
:10B78800020A000000070501020002000705810205
:10B798000002000009026500020100C0500904000F
:10B7A800000001010000092401000109000101094C
:10B7B8000401000201030000072401000141000602
:10B7C80024020101000624020202000924030103E5
:10B7D8000102010009240302060101010009050113
:10B7E8000240000000000525010101090581024011
:10B7F800000000000525010103000000016D01247F
:10B80800BD6C0124016C012400000000C96A0124F8
:10B81800B56B0124856B01240000000000000000C6
:10B8280000000000256B0124FD6A01244D6B0124F2
:10B83800756B0124000000000A06000200000040A9
:10B84800010000000090D0030090D0030000000029
:10B8580003000000109D01209C060020000000004D
:10B86800109D0120789D0120E09D0120000000002E
:10B8780000000000000000000000000000000000C0
:10B8880000000000000000000000000000000000B0
:10B8980000000000000000000000000000000000A0
:08B8A800000000000000000098
:040000052400078D3F
:00000001FF
