ARM GAS  /var/folders/6_/psd2b8g56p7696hhrr4ztjs00000gn/T//ccnMmAev.s 			page 1


   1              		.cpu cortex-m7
   2              		.arch armv7e-m
   3              		.fpu fpv5-d16
   4              		.eabi_attribute 28, 1
   5              		.eabi_attribute 20, 1
   6              		.eabi_attribute 21, 1
   7              		.eabi_attribute 23, 3
   8              		.eabi_attribute 24, 1
   9              		.eabi_attribute 25, 1
  10              		.eabi_attribute 26, 1
  11              		.eabi_attribute 30, 2
  12              		.eabi_attribute 34, 1
  13              		.eabi_attribute 18, 4
  14              		.file	"ReactivePedal.cpp"
  15              		.text
  16              	.Ltext0:
  17              		.cfi_sections	.debug_frame
  18              		.file 1 "ReactivePedal.cpp"
  19              		.section	.text._ZN5daisy8DaisyPodD2Ev,"axG",%progbits,_ZN5daisy8DaisyPodD5Ev,comdat
  20              		.align	1
  21              		.p2align 2,,3
  22              		.weak	_ZN5daisy8DaisyPodD2Ev
  23              		.syntax unified
  24              		.thumb
  25              		.thumb_func
  27              	_ZN5daisy8DaisyPodD2Ev:
  28              	.LVL0:
  29              	.LFB2352:
  30              		.file 2 "../libDaisy/src/daisy_pod.h"
   1:../libDaisy/src/daisy_pod.h **** #pragma once
   2:../libDaisy/src/daisy_pod.h **** #ifndef DSY_POD_BSP_H
   3:../libDaisy/src/daisy_pod.h **** #define DSY_POD_BSP_H
   4:../libDaisy/src/daisy_pod.h **** 
   5:../libDaisy/src/daisy_pod.h **** #include "daisy_seed.h"
   6:../libDaisy/src/daisy_pod.h **** 
   7:../libDaisy/src/daisy_pod.h **** namespace daisy
   8:../libDaisy/src/daisy_pod.h **** {
   9:../libDaisy/src/daisy_pod.h **** /**
  10:../libDaisy/src/daisy_pod.h ****     @brief Class that handles initializing all of the hardware specific to the Daisy Patch Board. \
  11:../libDaisy/src/daisy_pod.h ****     Helper funtions are also in place to provide easy access to built-in controls and peripherals.
  12:../libDaisy/src/daisy_pod.h ****     @author Stephen Hensley
  13:../libDaisy/src/daisy_pod.h ****     @date November 2019
  14:../libDaisy/src/daisy_pod.h ****     @ingroup boards
  15:../libDaisy/src/daisy_pod.h **** */
  16:../libDaisy/src/daisy_pod.h **** class DaisyPod
  17:../libDaisy/src/daisy_pod.h **** {
  18:../libDaisy/src/daisy_pod.h ****   public:
  19:../libDaisy/src/daisy_pod.h ****     /** Switches */
  20:../libDaisy/src/daisy_pod.h ****     enum Sw
  21:../libDaisy/src/daisy_pod.h ****     {
  22:../libDaisy/src/daisy_pod.h ****         BUTTON_1,    /** & */
  23:../libDaisy/src/daisy_pod.h ****         BUTTON_2,    /** & */
  24:../libDaisy/src/daisy_pod.h ****         BUTTON_LAST, /** &  */
  25:../libDaisy/src/daisy_pod.h ****     };
  26:../libDaisy/src/daisy_pod.h **** 
  27:../libDaisy/src/daisy_pod.h ****     /** Knobs */
  28:../libDaisy/src/daisy_pod.h ****     enum Knob
ARM GAS  /var/folders/6_/psd2b8g56p7696hhrr4ztjs00000gn/T//ccnMmAev.s 			page 2


  29:../libDaisy/src/daisy_pod.h ****     {
  30:../libDaisy/src/daisy_pod.h ****         KNOB_1,    /** &  */
  31:../libDaisy/src/daisy_pod.h ****         KNOB_2,    /** & */
  32:../libDaisy/src/daisy_pod.h ****         KNOB_LAST, /** & */
  33:../libDaisy/src/daisy_pod.h ****     };
  34:../libDaisy/src/daisy_pod.h **** 
  35:../libDaisy/src/daisy_pod.h ****     DaisyPod() {}
  36:../libDaisy/src/daisy_pod.h ****     ~DaisyPod() {}
  31              		.loc 2 36 5 view -0
  32              		.cfi_startproc
  33              		@ args = 0, pretend = 0, frame = 0
  34              		@ frame_needed = 0, uses_anonymous_args = 0
  35              		@ link register save eliminated.
  36              	.LBB263:
  37              	.LBB264:
  38              	.LBI264:
  39              		.file 3 "../libDaisy/src/hid/midi.h"
   1:../libDaisy/src/hid/midi.h **** #pragma once
   2:../libDaisy/src/hid/midi.h **** #ifndef DSY_MIDI_H
   3:../libDaisy/src/hid/midi.h **** #define DSY_MIDI_H
   4:../libDaisy/src/hid/midi.h **** 
   5:../libDaisy/src/hid/midi.h **** #include <stdint.h>
   6:../libDaisy/src/hid/midi.h **** #include <stdlib.h>
   7:../libDaisy/src/hid/midi.h **** #include <algorithm>
   8:../libDaisy/src/hid/midi.h **** #include "per/uart.h"
   9:../libDaisy/src/hid/midi.h **** #include "util/ringbuffer.h"
  10:../libDaisy/src/hid/midi.h **** #include "util/FIFO.h"
  11:../libDaisy/src/hid/midi.h **** #include "hid/midi_parser.h"
  12:../libDaisy/src/hid/midi.h **** #include "hid/usb_midi.h"
  13:../libDaisy/src/hid/midi.h **** #include "sys/dma.h"
  14:../libDaisy/src/hid/midi.h **** #include "sys/system.h"
  15:../libDaisy/src/hid/midi.h **** 
  16:../libDaisy/src/hid/midi.h **** namespace daisy
  17:../libDaisy/src/hid/midi.h **** {
  18:../libDaisy/src/hid/midi.h **** /** @brief   Transport layer for sending and receiving MIDI data over UART
  19:../libDaisy/src/hid/midi.h ****  *  @details This is the mode of communication used for TRS and DIN MIDI
  20:../libDaisy/src/hid/midi.h ****  *           There is an additional 2kB of RAM data used within this class
  21:../libDaisy/src/hid/midi.h ****  *           for processing bulk data from the UART peripheral
  22:../libDaisy/src/hid/midi.h ****  *  @ingroup midi
  23:../libDaisy/src/hid/midi.h **** */
  24:../libDaisy/src/hid/midi.h **** class MidiUartTransport
  25:../libDaisy/src/hid/midi.h **** {
  26:../libDaisy/src/hid/midi.h ****   public:
  27:../libDaisy/src/hid/midi.h ****     typedef void (*MidiRxParseCallback)(uint8_t* data,
  28:../libDaisy/src/hid/midi.h ****                                         size_t   size,
  29:../libDaisy/src/hid/midi.h ****                                         void*    context);
  30:../libDaisy/src/hid/midi.h **** 
  31:../libDaisy/src/hid/midi.h ****     MidiUartTransport() {}
  32:../libDaisy/src/hid/midi.h ****     ~MidiUartTransport() {}
  33:../libDaisy/src/hid/midi.h **** 
  34:../libDaisy/src/hid/midi.h ****     /** @brief Configuration structure for UART MIDI */
  35:../libDaisy/src/hid/midi.h ****     struct Config
  36:../libDaisy/src/hid/midi.h ****     {
  37:../libDaisy/src/hid/midi.h ****         UartHandler::Config::Peripheral periph;
  38:../libDaisy/src/hid/midi.h ****         dsy_gpio_pin                    rx;
  39:../libDaisy/src/hid/midi.h ****         dsy_gpio_pin                    tx;
  40:../libDaisy/src/hid/midi.h **** 
ARM GAS  /var/folders/6_/psd2b8g56p7696hhrr4ztjs00000gn/T//ccnMmAev.s 			page 3


  41:../libDaisy/src/hid/midi.h ****         /** Pointer to buffer for DMA UART rx byte transfer in background.
  42:../libDaisy/src/hid/midi.h ****          *
  43:../libDaisy/src/hid/midi.h ****          *  @details By default this uses a shared buffer in DMA_BUFFER_MEM_SECTION,
  44:../libDaisy/src/hid/midi.h ****          *           which can only be utilized for a single UART peripheral. To
  45:../libDaisy/src/hid/midi.h ****          *           use MIDI with multiple UART peripherals, you must provide your own
  46:../libDaisy/src/hid/midi.h ****          *           buffer, allocated to a DMA-capable memory section.
  47:../libDaisy/src/hid/midi.h ****          */
  48:../libDaisy/src/hid/midi.h ****         uint8_t* rx_buffer;
  49:../libDaisy/src/hid/midi.h **** 
  50:../libDaisy/src/hid/midi.h ****         /** Size in bytes of rx_buffer.
  51:../libDaisy/src/hid/midi.h ****          *
  52:../libDaisy/src/hid/midi.h ****          *  @details This size determines the maximum Rx bytes readable by the UART in the backgrou
  53:../libDaisy/src/hid/midi.h ****          *           By default it's set to the size of the default shared rx_buffer (256 bytes).
  54:../libDaisy/src/hid/midi.h ****          *           While much smaller sizes can be used, data can get missed if the buffer is too
  55:../libDaisy/src/hid/midi.h ****          */
  56:../libDaisy/src/hid/midi.h ****         size_t rx_buffer_size;
  57:../libDaisy/src/hid/midi.h **** 
  58:../libDaisy/src/hid/midi.h ****         Config();
  59:../libDaisy/src/hid/midi.h ****     };
  60:../libDaisy/src/hid/midi.h **** 
  61:../libDaisy/src/hid/midi.h ****     /** @brief Initialization of UART using config struct */
  62:../libDaisy/src/hid/midi.h ****     inline void Init(Config config)
  63:../libDaisy/src/hid/midi.h ****     {
  64:../libDaisy/src/hid/midi.h ****         UartHandler::Config uart_config;
  65:../libDaisy/src/hid/midi.h **** 
  66:../libDaisy/src/hid/midi.h ****         //defaults
  67:../libDaisy/src/hid/midi.h ****         uart_config.baudrate   = 31250;
  68:../libDaisy/src/hid/midi.h ****         uart_config.stopbits   = UartHandler::Config::StopBits::BITS_1;
  69:../libDaisy/src/hid/midi.h ****         uart_config.parity     = UartHandler::Config::Parity::NONE;
  70:../libDaisy/src/hid/midi.h ****         uart_config.mode       = UartHandler::Config::Mode::TX_RX;
  71:../libDaisy/src/hid/midi.h ****         uart_config.wordlength = UartHandler::Config::WordLength::BITS_8;
  72:../libDaisy/src/hid/midi.h **** 
  73:../libDaisy/src/hid/midi.h ****         //user settings
  74:../libDaisy/src/hid/midi.h ****         uart_config.periph        = config.periph;
  75:../libDaisy/src/hid/midi.h ****         uart_config.pin_config.rx = config.rx;
  76:../libDaisy/src/hid/midi.h ****         uart_config.pin_config.tx = config.tx;
  77:../libDaisy/src/hid/midi.h **** 
  78:../libDaisy/src/hid/midi.h ****         rx_buffer      = config.rx_buffer;
  79:../libDaisy/src/hid/midi.h ****         rx_buffer_size = config.rx_buffer_size;
  80:../libDaisy/src/hid/midi.h **** 
  81:../libDaisy/src/hid/midi.h ****         /** zero the buffer to ensure emptiness regardless of source memory */
  82:../libDaisy/src/hid/midi.h ****         std::fill(rx_buffer, rx_buffer + rx_buffer_size, 0);
  83:../libDaisy/src/hid/midi.h **** 
  84:../libDaisy/src/hid/midi.h ****         uart_.Init(uart_config);
  85:../libDaisy/src/hid/midi.h ****     }
  86:../libDaisy/src/hid/midi.h **** 
  87:../libDaisy/src/hid/midi.h ****     /** @brief Start the UART peripheral in listening mode.
  88:../libDaisy/src/hid/midi.h ****      *  This will fill an internal data structure in the background */
  89:../libDaisy/src/hid/midi.h ****     inline void StartRx(MidiRxParseCallback parse_callback, void* context)
  90:../libDaisy/src/hid/midi.h ****     {
  91:../libDaisy/src/hid/midi.h ****         parse_context_  = context;
  92:../libDaisy/src/hid/midi.h ****         parse_callback_ = parse_callback;
  93:../libDaisy/src/hid/midi.h ****         dsy_dma_clear_cache_for_buffer((uint8_t*)this,
  94:../libDaisy/src/hid/midi.h ****                                        sizeof(MidiUartTransport));
  95:../libDaisy/src/hid/midi.h ****         uart_.DmaListenStart(
  96:../libDaisy/src/hid/midi.h ****             rx_buffer, rx_buffer_size, MidiUartTransport::rxCallback, this);
  97:../libDaisy/src/hid/midi.h ****     }
ARM GAS  /var/folders/6_/psd2b8g56p7696hhrr4ztjs00000gn/T//ccnMmAev.s 			page 4


  98:../libDaisy/src/hid/midi.h **** 
  99:../libDaisy/src/hid/midi.h ****     /** @brief returns whether the UART peripheral is actively listening in the background or not *
 100:../libDaisy/src/hid/midi.h ****     inline bool RxActive() { return uart_.IsListening(); }
 101:../libDaisy/src/hid/midi.h **** 
 102:../libDaisy/src/hid/midi.h ****     /** @brief This is a no-op for UART transport - Rx is via DMA callback with circular buffer */
 103:../libDaisy/src/hid/midi.h ****     inline void FlushRx() {}
 104:../libDaisy/src/hid/midi.h **** 
 105:../libDaisy/src/hid/midi.h ****     /** @brief sends the buffer of bytes out of the UART peripheral */
 106:../libDaisy/src/hid/midi.h ****     inline void Tx(uint8_t* buff, size_t size) { uart_.PollTx(buff, size); }
 107:../libDaisy/src/hid/midi.h **** 
 108:../libDaisy/src/hid/midi.h ****   private:
 109:../libDaisy/src/hid/midi.h ****     UartHandler         uart_;
 110:../libDaisy/src/hid/midi.h ****     uint8_t*            rx_buffer;
 111:../libDaisy/src/hid/midi.h ****     size_t              rx_buffer_size;
 112:../libDaisy/src/hid/midi.h ****     void*               parse_context_;
 113:../libDaisy/src/hid/midi.h ****     MidiRxParseCallback parse_callback_;
 114:../libDaisy/src/hid/midi.h **** 
 115:../libDaisy/src/hid/midi.h ****     /** Static callback for Uart MIDI that occurs when
 116:../libDaisy/src/hid/midi.h ****          *  new data is available from the peripheral.
 117:../libDaisy/src/hid/midi.h ****          *  The new data is transferred from the peripheral to the
 118:../libDaisy/src/hid/midi.h ****          *  MIDI instance's byte FIFO that feeds the MIDI parser.
 119:../libDaisy/src/hid/midi.h ****          *
 120:../libDaisy/src/hid/midi.h ****          *  TODO: Handle UartHandler errors better/at all.
 121:../libDaisy/src/hid/midi.h ****          *  (If there is a UART error, there's not really any recovery
 122:../libDaisy/src/hid/midi.h ****          *  option at the moment)
 123:../libDaisy/src/hid/midi.h ****          */
 124:../libDaisy/src/hid/midi.h ****     static void rxCallback(uint8_t*            data,
 125:../libDaisy/src/hid/midi.h ****                            size_t              size,
 126:../libDaisy/src/hid/midi.h ****                            void*               context,
 127:../libDaisy/src/hid/midi.h ****                            UartHandler::Result res)
 128:../libDaisy/src/hid/midi.h ****     {
 129:../libDaisy/src/hid/midi.h ****         /** Read context as transport type */
 130:../libDaisy/src/hid/midi.h ****         MidiUartTransport* transport
 131:../libDaisy/src/hid/midi.h ****             = reinterpret_cast<MidiUartTransport*>(context);
 132:../libDaisy/src/hid/midi.h ****         if(res == UartHandler::Result::OK)
 133:../libDaisy/src/hid/midi.h ****         {
 134:../libDaisy/src/hid/midi.h ****             if(transport->parse_callback_)
 135:../libDaisy/src/hid/midi.h ****             {
 136:../libDaisy/src/hid/midi.h ****                 transport->parse_callback_(
 137:../libDaisy/src/hid/midi.h ****                     data, size, transport->parse_context_);
 138:../libDaisy/src/hid/midi.h ****             }
 139:../libDaisy/src/hid/midi.h ****         }
 140:../libDaisy/src/hid/midi.h ****     }
 141:../libDaisy/src/hid/midi.h **** };
 142:../libDaisy/src/hid/midi.h **** 
 143:../libDaisy/src/hid/midi.h **** /**
 144:../libDaisy/src/hid/midi.h ****     @brief Simple MIDI Handler \n
 145:../libDaisy/src/hid/midi.h ****     Parses bytes from an input into valid MidiEvents. \n
 146:../libDaisy/src/hid/midi.h ****     The MidiEvents fill a FIFO queue that the user can pop messages from.
 147:../libDaisy/src/hid/midi.h ****     @author shensley
 148:../libDaisy/src/hid/midi.h ****     @date March 2020
 149:../libDaisy/src/hid/midi.h ****     @ingroup midi
 150:../libDaisy/src/hid/midi.h **** */
 151:../libDaisy/src/hid/midi.h **** template <typename Transport>
 152:../libDaisy/src/hid/midi.h **** class MidiHandler
 153:../libDaisy/src/hid/midi.h **** {
 154:../libDaisy/src/hid/midi.h ****   public:
ARM GAS  /var/folders/6_/psd2b8g56p7696hhrr4ztjs00000gn/T//ccnMmAev.s 			page 5


 155:../libDaisy/src/hid/midi.h ****     MidiHandler() {}
 156:../libDaisy/src/hid/midi.h ****     ~MidiHandler() {}
  40              		.loc 3 156 5 view .LVU1
  41              	.LBB265:
  42              	.LBI265:
  43              		.file 4 "../libDaisy/src/util/FIFO.h"
   1:../libDaisy/src/util/FIFO.h **** #pragma once
   2:../libDaisy/src/util/FIFO.h **** 
   3:../libDaisy/src/util/FIFO.h **** #include <stdint.h>
   4:../libDaisy/src/util/FIFO.h **** #include <stddef.h>
   5:../libDaisy/src/util/FIFO.h **** #include <initializer_list>
   6:../libDaisy/src/util/FIFO.h **** 
   7:../libDaisy/src/util/FIFO.h **** namespace daisy
   8:../libDaisy/src/util/FIFO.h **** {
   9:../libDaisy/src/util/FIFO.h **** /** Capacity-independent base class for FIFO. Use FIFO instead. */
  10:../libDaisy/src/util/FIFO.h **** template <typename T>
  11:../libDaisy/src/util/FIFO.h **** class FIFOBase
  12:../libDaisy/src/util/FIFO.h **** {
  13:../libDaisy/src/util/FIFO.h ****   protected:
  14:../libDaisy/src/util/FIFO.h ****     FIFOBase(T* buffer, size_t bufferSize)
  15:../libDaisy/src/util/FIFO.h ****     : buffer_(buffer), bufferSize_(bufferSize), bufferIn_(0), bufferOut_(0)
  16:../libDaisy/src/util/FIFO.h ****     {
  17:../libDaisy/src/util/FIFO.h ****     }
  18:../libDaisy/src/util/FIFO.h **** 
  19:../libDaisy/src/util/FIFO.h ****     FIFOBase(T* buffer, size_t bufferSize, std::initializer_list<T> valuesToAdd)
  20:../libDaisy/src/util/FIFO.h ****     : buffer_(buffer), bufferSize_(bufferSize), bufferIn_(0), bufferOut_(0)
  21:../libDaisy/src/util/FIFO.h ****     {
  22:../libDaisy/src/util/FIFO.h ****         PushBack(valuesToAdd);
  23:../libDaisy/src/util/FIFO.h ****     }
  24:../libDaisy/src/util/FIFO.h **** 
  25:../libDaisy/src/util/FIFO.h ****   public:
  26:../libDaisy/src/util/FIFO.h ****     /** Copies all elements from another FIFO */
  27:../libDaisy/src/util/FIFO.h ****     FIFOBase<T>& operator=(const FIFOBase<T>& other)
  28:../libDaisy/src/util/FIFO.h ****     {
  29:../libDaisy/src/util/FIFO.h ****         bufferIn_ = bufferOut_ = 0;
  30:../libDaisy/src/util/FIFO.h ****         if(!other.IsEmpty())
  31:../libDaisy/src/util/FIFO.h ****         {
  32:../libDaisy/src/util/FIFO.h ****             int readPtr = other.bufferOut_;
  33:../libDaisy/src/util/FIFO.h ****             while((readPtr != other.bufferIn_) && (bufferIn_ < bufferSize_))
  34:../libDaisy/src/util/FIFO.h ****             {
  35:../libDaisy/src/util/FIFO.h ****                 buffer_[bufferIn_++] = other.buffer_[readPtr++];
  36:../libDaisy/src/util/FIFO.h ****                 if(readPtr >= other.bufferSize_)
  37:../libDaisy/src/util/FIFO.h ****                     readPtr -= other.bufferSize_;
  38:../libDaisy/src/util/FIFO.h ****             }
  39:../libDaisy/src/util/FIFO.h ****         }
  40:../libDaisy/src/util/FIFO.h ****         return *this;
  41:../libDaisy/src/util/FIFO.h ****     }
  42:../libDaisy/src/util/FIFO.h ****     ~FIFOBase() {}
  43:../libDaisy/src/util/FIFO.h **** 
  44:../libDaisy/src/util/FIFO.h ****     /** Removes all elements from the FIFO */
  45:../libDaisy/src/util/FIFO.h ****     void Clear() { bufferIn_ = bufferOut_ = 0; }
  46:../libDaisy/src/util/FIFO.h **** 
  47:../libDaisy/src/util/FIFO.h ****     /** Adds an element to the back of the buffer, returning true on
  48:../libDaisy/src/util/FIFO.h ****         success */
  49:../libDaisy/src/util/FIFO.h ****     bool PushBack(const T& elementToAdd)
  50:../libDaisy/src/util/FIFO.h ****     {
  51:../libDaisy/src/util/FIFO.h ****         if(!IsFull())
ARM GAS  /var/folders/6_/psd2b8g56p7696hhrr4ztjs00000gn/T//ccnMmAev.s 			page 6


  52:../libDaisy/src/util/FIFO.h ****         {
  53:../libDaisy/src/util/FIFO.h ****             buffer_[bufferIn_++] = elementToAdd;
  54:../libDaisy/src/util/FIFO.h ****             if(bufferIn_ >= bufferSize_)
  55:../libDaisy/src/util/FIFO.h ****                 bufferIn_ -= bufferSize_;
  56:../libDaisy/src/util/FIFO.h ****             return true;
  57:../libDaisy/src/util/FIFO.h ****         }
  58:../libDaisy/src/util/FIFO.h ****         return false;
  59:../libDaisy/src/util/FIFO.h ****     }
  60:../libDaisy/src/util/FIFO.h **** 
  61:../libDaisy/src/util/FIFO.h ****     /** Adds multiple elements and returns the number of elements that were added */
  62:../libDaisy/src/util/FIFO.h ****     int PushBack(std::initializer_list<T> valuesToAdd)
  63:../libDaisy/src/util/FIFO.h ****     {
  64:../libDaisy/src/util/FIFO.h ****         int numAdded = 0;
  65:../libDaisy/src/util/FIFO.h ****         for(const auto& v : valuesToAdd)
  66:../libDaisy/src/util/FIFO.h ****         {
  67:../libDaisy/src/util/FIFO.h ****             if(IsFull())
  68:../libDaisy/src/util/FIFO.h ****                 return numAdded;
  69:../libDaisy/src/util/FIFO.h **** 
  70:../libDaisy/src/util/FIFO.h ****             PushBack(v);
  71:../libDaisy/src/util/FIFO.h ****             numAdded++;
  72:../libDaisy/src/util/FIFO.h ****         }
  73:../libDaisy/src/util/FIFO.h ****         return numAdded;
  74:../libDaisy/src/util/FIFO.h ****     }
  75:../libDaisy/src/util/FIFO.h **** 
  76:../libDaisy/src/util/FIFO.h ****     /** returns a reference to the last element */
  77:../libDaisy/src/util/FIFO.h ****     T& Back()
  78:../libDaisy/src/util/FIFO.h ****     {
  79:../libDaisy/src/util/FIFO.h ****         if(IsEmpty())
  80:../libDaisy/src/util/FIFO.h ****             // invalid, but better not pass a temporary T() object as a reference...
  81:../libDaisy/src/util/FIFO.h ****             return buffer_[0];
  82:../libDaisy/src/util/FIFO.h ****         int idx = bufferIn_ - 1;
  83:../libDaisy/src/util/FIFO.h ****         if(idx < 0)
  84:../libDaisy/src/util/FIFO.h ****             idx += bufferSize_;
  85:../libDaisy/src/util/FIFO.h ****         return buffer_[idx];
  86:../libDaisy/src/util/FIFO.h ****     }
  87:../libDaisy/src/util/FIFO.h **** 
  88:../libDaisy/src/util/FIFO.h ****     /** returns a reference to the last element */
  89:../libDaisy/src/util/FIFO.h ****     const T& Back() const
  90:../libDaisy/src/util/FIFO.h ****     {
  91:../libDaisy/src/util/FIFO.h ****         if(IsEmpty())
  92:../libDaisy/src/util/FIFO.h ****             // invalid, but better not pass a temporary T() object as a reference...
  93:../libDaisy/src/util/FIFO.h ****             return buffer_[0];
  94:../libDaisy/src/util/FIFO.h ****         int idx = bufferIn_ - 1;
  95:../libDaisy/src/util/FIFO.h ****         if(idx < 0)
  96:../libDaisy/src/util/FIFO.h ****             idx += bufferSize_;
  97:../libDaisy/src/util/FIFO.h ****         return buffer_[idx];
  98:../libDaisy/src/util/FIFO.h ****     }
  99:../libDaisy/src/util/FIFO.h **** 
 100:../libDaisy/src/util/FIFO.h ****     /** removes and returns an element from the front of the buffer */
 101:../libDaisy/src/util/FIFO.h ****     T PopFront()
 102:../libDaisy/src/util/FIFO.h ****     {
 103:../libDaisy/src/util/FIFO.h ****         if(IsEmpty())
 104:../libDaisy/src/util/FIFO.h ****             return T();
 105:../libDaisy/src/util/FIFO.h ****         else
 106:../libDaisy/src/util/FIFO.h ****         {
 107:../libDaisy/src/util/FIFO.h ****             const auto result = buffer_[bufferOut_];
 108:../libDaisy/src/util/FIFO.h ****             bufferOut_++;
ARM GAS  /var/folders/6_/psd2b8g56p7696hhrr4ztjs00000gn/T//ccnMmAev.s 			page 7


 109:../libDaisy/src/util/FIFO.h ****             if(bufferOut_ >= bufferSize_)
 110:../libDaisy/src/util/FIFO.h ****                 bufferOut_ -= bufferSize_;
 111:../libDaisy/src/util/FIFO.h ****             return result;
 112:../libDaisy/src/util/FIFO.h ****         }
 113:../libDaisy/src/util/FIFO.h ****     }
 114:../libDaisy/src/util/FIFO.h **** 
 115:../libDaisy/src/util/FIFO.h ****     /** returns a copy of the first element */
 116:../libDaisy/src/util/FIFO.h ****     T& Front()
 117:../libDaisy/src/util/FIFO.h ****     {
 118:../libDaisy/src/util/FIFO.h ****         if(IsEmpty())
 119:../libDaisy/src/util/FIFO.h ****             // invalid, but better not pass a temporary T() object as a reference...
 120:../libDaisy/src/util/FIFO.h ****             return buffer_[0];
 121:../libDaisy/src/util/FIFO.h ****         return buffer_[bufferOut_];
 122:../libDaisy/src/util/FIFO.h ****     }
 123:../libDaisy/src/util/FIFO.h **** 
 124:../libDaisy/src/util/FIFO.h ****     /** returns a reference to the first element */
 125:../libDaisy/src/util/FIFO.h ****     const T& Front() const
 126:../libDaisy/src/util/FIFO.h ****     {
 127:../libDaisy/src/util/FIFO.h ****         if(IsEmpty())
 128:../libDaisy/src/util/FIFO.h ****             // invalid, but better not pass a temporary T() object as a reference...
 129:../libDaisy/src/util/FIFO.h ****             return buffer_[0];
 130:../libDaisy/src/util/FIFO.h ****         return buffer_[bufferOut_];
 131:../libDaisy/src/util/FIFO.h ****     }
 132:../libDaisy/src/util/FIFO.h **** 
 133:../libDaisy/src/util/FIFO.h ****     /** Returns true if the buffer contains an element equal to the provided value */
 134:../libDaisy/src/util/FIFO.h ****     bool Contains(const T& element)
 135:../libDaisy/src/util/FIFO.h ****     {
 136:../libDaisy/src/util/FIFO.h ****         auto idx = bufferOut_;
 137:../libDaisy/src/util/FIFO.h ****         while(idx != bufferIn_)
 138:../libDaisy/src/util/FIFO.h ****         {
 139:../libDaisy/src/util/FIFO.h ****             if(buffer_[idx] == element)
 140:../libDaisy/src/util/FIFO.h ****                 return true;
 141:../libDaisy/src/util/FIFO.h ****             idx++;
 142:../libDaisy/src/util/FIFO.h ****             if(idx >= bufferSize_)
 143:../libDaisy/src/util/FIFO.h ****                 idx -= bufferSize_;
 144:../libDaisy/src/util/FIFO.h ****         }
 145:../libDaisy/src/util/FIFO.h ****         return false;
 146:../libDaisy/src/util/FIFO.h ****     }
 147:../libDaisy/src/util/FIFO.h **** 
 148:../libDaisy/src/util/FIFO.h ****     /** Returns the number of elements in the buffer that are equal to the provided value */
 149:../libDaisy/src/util/FIFO.h ****     size_t CountEqualTo(const T& element)
 150:../libDaisy/src/util/FIFO.h ****     {
 151:../libDaisy/src/util/FIFO.h ****         size_t result = 0;
 152:../libDaisy/src/util/FIFO.h ****         size_t idx    = bufferOut_;
 153:../libDaisy/src/util/FIFO.h ****         while(idx != bufferIn_)
 154:../libDaisy/src/util/FIFO.h ****         {
 155:../libDaisy/src/util/FIFO.h ****             if(buffer_[idx] == element)
 156:../libDaisy/src/util/FIFO.h ****                 result++;
 157:../libDaisy/src/util/FIFO.h ****             idx++;
 158:../libDaisy/src/util/FIFO.h ****             if(idx >= bufferSize_)
 159:../libDaisy/src/util/FIFO.h ****                 idx -= bufferSize_;
 160:../libDaisy/src/util/FIFO.h ****         }
 161:../libDaisy/src/util/FIFO.h ****         return result;
 162:../libDaisy/src/util/FIFO.h ****     }
 163:../libDaisy/src/util/FIFO.h **** 
 164:../libDaisy/src/util/FIFO.h ****     /** returns true, if the buffer is empty */
 165:../libDaisy/src/util/FIFO.h ****     bool IsEmpty() const { return bufferIn_ == bufferOut_; }
ARM GAS  /var/folders/6_/psd2b8g56p7696hhrr4ztjs00000gn/T//ccnMmAev.s 			page 8


 166:../libDaisy/src/util/FIFO.h **** 
 167:../libDaisy/src/util/FIFO.h ****     /** returns true, if the buffer is Full */
 168:../libDaisy/src/util/FIFO.h ****     bool IsFull() const { return GetNumElements() == bufferSize_ - 1; }
 169:../libDaisy/src/util/FIFO.h **** 
 170:../libDaisy/src/util/FIFO.h ****     /** returns the number of elements in the buffer */
 171:../libDaisy/src/util/FIFO.h ****     size_t GetNumElements() const
 172:../libDaisy/src/util/FIFO.h ****     {
 173:../libDaisy/src/util/FIFO.h ****         int32_t numElements = bufferIn_ - bufferOut_;
 174:../libDaisy/src/util/FIFO.h ****         if(numElements < 0)
 175:../libDaisy/src/util/FIFO.h ****             numElements += bufferSize_;
 176:../libDaisy/src/util/FIFO.h ****         return size_t(numElements);
 177:../libDaisy/src/util/FIFO.h ****     }
 178:../libDaisy/src/util/FIFO.h **** 
 179:../libDaisy/src/util/FIFO.h ****     /** inserts an element "idx" positions behind the first element and returns true if successful 
 180:../libDaisy/src/util/FIFO.h ****     bool Insert(size_t idx, const T& element)
 181:../libDaisy/src/util/FIFO.h ****     {
 182:../libDaisy/src/util/FIFO.h ****         if(idx > GetNumElements())
 183:../libDaisy/src/util/FIFO.h ****             return false;
 184:../libDaisy/src/util/FIFO.h ****         if(IsFull())
 185:../libDaisy/src/util/FIFO.h ****             return false;
 186:../libDaisy/src/util/FIFO.h ****         if(idx == GetNumElements())
 187:../libDaisy/src/util/FIFO.h ****         {
 188:../libDaisy/src/util/FIFO.h ****             PushBack(element);
 189:../libDaisy/src/util/FIFO.h ****             return true;
 190:../libDaisy/src/util/FIFO.h ****         }
 191:../libDaisy/src/util/FIFO.h ****         // copy last element
 192:../libDaisy/src/util/FIFO.h ****         PushBack(Back());
 193:../libDaisy/src/util/FIFO.h ****         // move remaining elements: n => n+1
 194:../libDaisy/src/util/FIFO.h ****         for(int i = GetNumElements() - 2; i > int(idx); i--)
 195:../libDaisy/src/util/FIFO.h ****             (*this)[i] = (*this)[i - 1];
 196:../libDaisy/src/util/FIFO.h ****         // insert element
 197:../libDaisy/src/util/FIFO.h ****         (*this)[idx] = element;
 198:../libDaisy/src/util/FIFO.h ****         return true;
 199:../libDaisy/src/util/FIFO.h ****     }
 200:../libDaisy/src/util/FIFO.h **** 
 201:../libDaisy/src/util/FIFO.h ****     /** removes the element "idx" positions behind the first element 
 202:../libDaisy/src/util/FIFO.h ****      *  and returns true if successful */
 203:../libDaisy/src/util/FIFO.h ****     bool Remove(size_t idx)
 204:../libDaisy/src/util/FIFO.h ****     {
 205:../libDaisy/src/util/FIFO.h ****         if(idx >= GetNumElements())
 206:../libDaisy/src/util/FIFO.h ****             return false;
 207:../libDaisy/src/util/FIFO.h **** 
 208:../libDaisy/src/util/FIFO.h ****         size_t index = bufferOut_ + idx;
 209:../libDaisy/src/util/FIFO.h ****         if(index >= bufferSize_)
 210:../libDaisy/src/util/FIFO.h ****             index -= bufferSize_;
 211:../libDaisy/src/util/FIFO.h ****         size_t nextIndex = index + 1;
 212:../libDaisy/src/util/FIFO.h ****         if(nextIndex >= bufferSize_)
 213:../libDaisy/src/util/FIFO.h ****             nextIndex -= bufferSize_;
 214:../libDaisy/src/util/FIFO.h **** 
 215:../libDaisy/src/util/FIFO.h ****         while(nextIndex != bufferIn_)
 216:../libDaisy/src/util/FIFO.h ****         {
 217:../libDaisy/src/util/FIFO.h ****             buffer_[index] = buffer_[nextIndex];
 218:../libDaisy/src/util/FIFO.h ****             index++;
 219:../libDaisy/src/util/FIFO.h ****             nextIndex++;
 220:../libDaisy/src/util/FIFO.h ****             if(index >= bufferSize_)
 221:../libDaisy/src/util/FIFO.h ****                 index -= bufferSize_;
 222:../libDaisy/src/util/FIFO.h ****             if(nextIndex >= bufferSize_)
ARM GAS  /var/folders/6_/psd2b8g56p7696hhrr4ztjs00000gn/T//ccnMmAev.s 			page 9


 223:../libDaisy/src/util/FIFO.h ****                 nextIndex -= bufferSize_;
 224:../libDaisy/src/util/FIFO.h ****         }
 225:../libDaisy/src/util/FIFO.h **** 
 226:../libDaisy/src/util/FIFO.h ****         int32_t nextBufferIn = int32_t(bufferIn_) - 1;
 227:../libDaisy/src/util/FIFO.h ****         if(nextBufferIn < 0)
 228:../libDaisy/src/util/FIFO.h ****             nextBufferIn += bufferSize_;
 229:../libDaisy/src/util/FIFO.h ****         bufferIn_ = size_t(nextBufferIn);
 230:../libDaisy/src/util/FIFO.h **** 
 231:../libDaisy/src/util/FIFO.h ****         return true;
 232:../libDaisy/src/util/FIFO.h ****     }
 233:../libDaisy/src/util/FIFO.h **** 
 234:../libDaisy/src/util/FIFO.h ****     /** removes all elements from the buffer for which
 235:../libDaisy/src/util/FIFO.h ****         (buffer(index) == element) returns true and returns the number of
 236:../libDaisy/src/util/FIFO.h ****         elements that were removed. */
 237:../libDaisy/src/util/FIFO.h ****     size_t RemoveAllEqualTo(const T& element)
 238:../libDaisy/src/util/FIFO.h ****     {
 239:../libDaisy/src/util/FIFO.h ****         size_t numRemoved = 0;
 240:../libDaisy/src/util/FIFO.h ****         int    idx        = GetNumElements() - 1;
 241:../libDaisy/src/util/FIFO.h ****         while(idx >= 0)
 242:../libDaisy/src/util/FIFO.h ****         {
 243:../libDaisy/src/util/FIFO.h ****             if((*this)[idx] == element)
 244:../libDaisy/src/util/FIFO.h ****             {
 245:../libDaisy/src/util/FIFO.h ****                 numRemoved++;
 246:../libDaisy/src/util/FIFO.h ****                 Remove(idx);
 247:../libDaisy/src/util/FIFO.h ****                 // was that the last element?
 248:../libDaisy/src/util/FIFO.h ****                 if(idx == int(GetNumElements()) - 1)
 249:../libDaisy/src/util/FIFO.h ****                     idx--;
 250:../libDaisy/src/util/FIFO.h ****             }
 251:../libDaisy/src/util/FIFO.h ****             else
 252:../libDaisy/src/util/FIFO.h ****                 idx--;
 253:../libDaisy/src/util/FIFO.h ****         }
 254:../libDaisy/src/util/FIFO.h ****         return numRemoved;
 255:../libDaisy/src/util/FIFO.h ****     }
 256:../libDaisy/src/util/FIFO.h **** 
 257:../libDaisy/src/util/FIFO.h ****     /** returns the element "idx" positions behind the first element */
 258:../libDaisy/src/util/FIFO.h ****     T& operator[](size_t idx)
 259:../libDaisy/src/util/FIFO.h ****     {
 260:../libDaisy/src/util/FIFO.h ****         if(idx >= GetNumElements())
 261:../libDaisy/src/util/FIFO.h ****             // invalid, but better not pass a temporary T() object as a reference...
 262:../libDaisy/src/util/FIFO.h ****             return buffer_[0];
 263:../libDaisy/src/util/FIFO.h **** 
 264:../libDaisy/src/util/FIFO.h ****         size_t index = bufferOut_ + idx;
 265:../libDaisy/src/util/FIFO.h ****         if(index >= bufferSize_)
 266:../libDaisy/src/util/FIFO.h ****             index -= bufferSize_;
 267:../libDaisy/src/util/FIFO.h ****         return buffer_[index];
 268:../libDaisy/src/util/FIFO.h ****     }
 269:../libDaisy/src/util/FIFO.h **** 
 270:../libDaisy/src/util/FIFO.h ****     /** returns the element "idx" positions behind the first element */
 271:../libDaisy/src/util/FIFO.h ****     const T& operator[](size_t idx) const
 272:../libDaisy/src/util/FIFO.h ****     {
 273:../libDaisy/src/util/FIFO.h ****         if(idx >= GetNumElements())
 274:../libDaisy/src/util/FIFO.h ****             // invalid, but better not pass a temporary T() object as a reference...
 275:../libDaisy/src/util/FIFO.h ****             return buffer_[0];
 276:../libDaisy/src/util/FIFO.h **** 
 277:../libDaisy/src/util/FIFO.h ****         size_t index = bufferOut_ + idx;
 278:../libDaisy/src/util/FIFO.h ****         if(index >= bufferSize_)
 279:../libDaisy/src/util/FIFO.h ****             index -= bufferSize_;
ARM GAS  /var/folders/6_/psd2b8g56p7696hhrr4ztjs00000gn/T//ccnMmAev.s 			page 10


 280:../libDaisy/src/util/FIFO.h ****         return buffer_[index];
 281:../libDaisy/src/util/FIFO.h ****     }
 282:../libDaisy/src/util/FIFO.h **** 
 283:../libDaisy/src/util/FIFO.h ****     /** returns the total capacity */
 284:../libDaisy/src/util/FIFO.h ****     size_t GetCapacity() const { return bufferSize_ - 1; }
 285:../libDaisy/src/util/FIFO.h **** 
 286:../libDaisy/src/util/FIFO.h ****   private:
 287:../libDaisy/src/util/FIFO.h ****     FIFOBase(const FIFOBase<T>&) {} // non copyable
 288:../libDaisy/src/util/FIFO.h **** 
 289:../libDaisy/src/util/FIFO.h ****   private:
 290:../libDaisy/src/util/FIFO.h ****     T*           buffer_;
 291:../libDaisy/src/util/FIFO.h ****     const size_t bufferSize_;
 292:../libDaisy/src/util/FIFO.h ****     size_t       bufferIn_;
 293:../libDaisy/src/util/FIFO.h ****     size_t       bufferOut_;
 294:../libDaisy/src/util/FIFO.h **** };
 295:../libDaisy/src/util/FIFO.h **** 
 296:../libDaisy/src/util/FIFO.h **** /** A simple FIFO ring buffer with a fixed size. */
 297:../libDaisy/src/util/FIFO.h **** template <typename T, size_t capacity>
 298:../libDaisy/src/util/FIFO.h **** class FIFO : public FIFOBase<T>
  44              		.loc 4 298 7 view .LVU2
  45              	.LBB266:
  46              	.LBI266:
  42:../libDaisy/src/util/FIFO.h **** 
  47              		.loc 4 42 5 view .LVU3
  42:../libDaisy/src/util/FIFO.h **** 
  48              		.loc 4 42 5 is_stmt 0 view .LVU4
  49              	.LBE266:
  50              	.LBE265:
  51              	.LBB267:
  52              	.LBI267:
  53              		.file 5 "../libDaisy/src/hid/midi_parser.h"
   1:../libDaisy/src/hid/midi_parser.h **** #pragma once
   2:../libDaisy/src/hid/midi_parser.h **** #ifndef DSY_MIDI_PARSER_H
   3:../libDaisy/src/hid/midi_parser.h **** #define DSY_MIDI_PARSER_H
   4:../libDaisy/src/hid/midi_parser.h **** 
   5:../libDaisy/src/hid/midi_parser.h **** #include <stdint.h>
   6:../libDaisy/src/hid/midi_parser.h **** #include <stdlib.h>
   7:../libDaisy/src/hid/midi_parser.h **** #include "hid/MidiEvent.h"
   8:../libDaisy/src/hid/midi_parser.h **** 
   9:../libDaisy/src/hid/midi_parser.h **** namespace daisy
  10:../libDaisy/src/hid/midi_parser.h **** {
  11:../libDaisy/src/hid/midi_parser.h **** /** @brief   Utility class for parsing raw byte streams into MIDI messages
  12:../libDaisy/src/hid/midi_parser.h ****  *  @details Implemented as a state machine designed to parse one byte at a time
  13:../libDaisy/src/hid/midi_parser.h ****  *  @ingroup midi
  14:../libDaisy/src/hid/midi_parser.h ****  */
  15:../libDaisy/src/hid/midi_parser.h **** class MidiParser
  16:../libDaisy/src/hid/midi_parser.h **** {
  17:../libDaisy/src/hid/midi_parser.h ****   public:
  18:../libDaisy/src/hid/midi_parser.h ****     MidiParser(){};
  19:../libDaisy/src/hid/midi_parser.h ****     ~MidiParser() {}
  54              		.loc 5 19 5 is_stmt 1 view .LVU5
  55              		.loc 5 19 5 is_stmt 0 view .LVU6
  56              	.LBE267:
  57              	.LBB268:
  58              	.LBI268:
  32:../libDaisy/src/hid/midi.h **** 
  59              		.loc 3 32 5 is_stmt 1 view .LVU7
ARM GAS  /var/folders/6_/psd2b8g56p7696hhrr4ztjs00000gn/T//ccnMmAev.s 			page 11


  32:../libDaisy/src/hid/midi.h **** 
  60              		.loc 3 32 5 is_stmt 0 view .LVU8
  61              	.LBE268:
  62              	.LBE264:
  63              	.LBB269:
  64              	.LBI269:
  65              		.file 6 "../libDaisy/src/hid/rgb_led.h"
   1:../libDaisy/src/hid/rgb_led.h **** #pragma once
   2:../libDaisy/src/hid/rgb_led.h **** #ifndef DSY_RGB_LED_H
   3:../libDaisy/src/hid/rgb_led.h **** #define DSY_RGB_LED_H
   4:../libDaisy/src/hid/rgb_led.h **** #include "hid/led.h"
   5:../libDaisy/src/hid/rgb_led.h **** #include "util/color.h"
   6:../libDaisy/src/hid/rgb_led.h **** 
   7:../libDaisy/src/hid/rgb_led.h **** namespace daisy
   8:../libDaisy/src/hid/rgb_led.h **** {
   9:../libDaisy/src/hid/rgb_led.h **** /** @addtogroup feedback
  10:../libDaisy/src/hid/rgb_led.h ****     @{
  11:../libDaisy/src/hid/rgb_led.h **** */
  12:../libDaisy/src/hid/rgb_led.h **** 
  13:../libDaisy/src/hid/rgb_led.h **** /** 3x LEDs configured as an RGB for ease of use. */
  14:../libDaisy/src/hid/rgb_led.h **** class RgbLed
  15:../libDaisy/src/hid/rgb_led.h **** {
  16:../libDaisy/src/hid/rgb_led.h ****   public:
  17:../libDaisy/src/hid/rgb_led.h ****     RgbLed() {}
  18:../libDaisy/src/hid/rgb_led.h ****     ~RgbLed() {}
  66              		.loc 6 18 5 is_stmt 1 view .LVU9
  67              	.LBB270:
  68              	.LBI270:
  69              		.file 7 "../libDaisy/src/hid/led.h"
   1:../libDaisy/src/hid/led.h **** 
   2:../libDaisy/src/hid/led.h **** #pragma once
   3:../libDaisy/src/hid/led.h **** #ifndef DSY_LED_H
   4:../libDaisy/src/hid/led.h **** #define DSY_LED_H
   5:../libDaisy/src/hid/led.h **** #include "daisy_core.h"
   6:../libDaisy/src/hid/led.h **** #include "per/gpio.h"
   7:../libDaisy/src/hid/led.h **** 
   8:../libDaisy/src/hid/led.h **** /* TODO - Get this set up to work with the dev_leddriver stuff as well
   9:../libDaisy/src/hid/led.h **** - Setup Hardware PWM for pins that have it
  10:../libDaisy/src/hid/led.h **** */
  11:../libDaisy/src/hid/led.h **** 
  12:../libDaisy/src/hid/led.h **** namespace daisy
  13:../libDaisy/src/hid/led.h **** {
  14:../libDaisy/src/hid/led.h **** /**
  15:../libDaisy/src/hid/led.h ****     @brief LED Class providing simple Software PWM ability, etc \n 
  16:../libDaisy/src/hid/led.h ****     Eventually this will work with hardware PWM, and external LED Driver devices as well.
  17:../libDaisy/src/hid/led.h ****     @author shensley
  18:../libDaisy/src/hid/led.h ****     @date March 2020
  19:../libDaisy/src/hid/led.h ****     @ingroup feedback
  20:../libDaisy/src/hid/led.h **** */
  21:../libDaisy/src/hid/led.h **** class Led
  22:../libDaisy/src/hid/led.h **** {
  23:../libDaisy/src/hid/led.h ****   public:
  24:../libDaisy/src/hid/led.h ****     Led() {}
  25:../libDaisy/src/hid/led.h ****     ~Led() {}
  70              		.loc 7 25 5 view .LVU10
  71              		.loc 7 25 5 is_stmt 0 view .LVU11
  72              	.LBE270:
ARM GAS  /var/folders/6_/psd2b8g56p7696hhrr4ztjs00000gn/T//ccnMmAev.s 			page 12


  73              	.LBB271:
  74              	.LBI271:
  75              		.loc 7 25 5 is_stmt 1 view .LVU12
  76              		.loc 7 25 5 is_stmt 0 view .LVU13
  77              	.LBE271:
  78              	.LBB272:
  79              	.LBI272:
  80              		.loc 7 25 5 is_stmt 1 view .LVU14
  81              		.loc 7 25 5 is_stmt 0 view .LVU15
  82              	.LBE272:
  83              	.LBE269:
  84              	.LBB273:
  85              	.LBI273:
  86              		.loc 6 18 5 is_stmt 1 view .LVU16
  87              	.LBB274:
  88              	.LBI274:
  89              		.loc 7 25 5 view .LVU17
  90              		.loc 7 25 5 is_stmt 0 view .LVU18
  91              	.LBE274:
  92              	.LBB275:
  93              	.LBI275:
  94              		.loc 7 25 5 is_stmt 1 view .LVU19
  95              		.loc 7 25 5 is_stmt 0 view .LVU20
  96              	.LBE275:
  97              	.LBB276:
  98              	.LBI276:
  99              		.loc 7 25 5 is_stmt 1 view .LVU21
 100              		.loc 7 25 5 is_stmt 0 view .LVU22
 101              	.LBE276:
 102              	.LBE273:
 103              	.LBB277:
 104              	.LBI277:
 105              		.file 8 "../libDaisy/src/hid/switch.h"
   1:../libDaisy/src/hid/switch.h **** #pragma once
   2:../libDaisy/src/hid/switch.h **** #ifndef DSY_SWITCH_H
   3:../libDaisy/src/hid/switch.h **** #define DSY_SWITCH_H
   4:../libDaisy/src/hid/switch.h **** #include "daisy_core.h"
   5:../libDaisy/src/hid/switch.h **** #include "per/gpio.h"
   6:../libDaisy/src/hid/switch.h **** #include "sys/system.h"
   7:../libDaisy/src/hid/switch.h **** 
   8:../libDaisy/src/hid/switch.h **** namespace daisy
   9:../libDaisy/src/hid/switch.h **** {
  10:../libDaisy/src/hid/switch.h **** /** 
  11:../libDaisy/src/hid/switch.h ****     Generic Class for handling momentary/latching switches \n 
  12:../libDaisy/src/hid/switch.h ****     Inspired/influenced by Mutable Instruments (pichenettes) Switch classes
  13:../libDaisy/src/hid/switch.h ****     @author Stephen Hensley
  14:../libDaisy/src/hid/switch.h ****     @date December 2019
  15:../libDaisy/src/hid/switch.h ****     @ingroup controls
  16:../libDaisy/src/hid/switch.h **** */
  17:../libDaisy/src/hid/switch.h **** class Switch
  18:../libDaisy/src/hid/switch.h **** {
  19:../libDaisy/src/hid/switch.h ****   public:
  20:../libDaisy/src/hid/switch.h ****     /** Specifies the expected behavior of the switch */
  21:../libDaisy/src/hid/switch.h ****     enum Type
  22:../libDaisy/src/hid/switch.h ****     {
  23:../libDaisy/src/hid/switch.h ****         TYPE_TOGGLE,    /**< & */
  24:../libDaisy/src/hid/switch.h ****         TYPE_MOMENTARY, /**< & */
ARM GAS  /var/folders/6_/psd2b8g56p7696hhrr4ztjs00000gn/T//ccnMmAev.s 			page 13


  25:../libDaisy/src/hid/switch.h ****     };
  26:../libDaisy/src/hid/switch.h ****     /** Specifies whether the pressed is HIGH or LOW. */
  27:../libDaisy/src/hid/switch.h ****     enum Polarity
  28:../libDaisy/src/hid/switch.h ****     {
  29:../libDaisy/src/hid/switch.h ****         POLARITY_NORMAL,   /**< & */
  30:../libDaisy/src/hid/switch.h ****         POLARITY_INVERTED, /**< & */
  31:../libDaisy/src/hid/switch.h ****     };
  32:../libDaisy/src/hid/switch.h **** 
  33:../libDaisy/src/hid/switch.h ****     /** Specifies whether to use built-in Pull Up/Down resistors to hold button at a given state wh
  34:../libDaisy/src/hid/switch.h ****     enum Pull
  35:../libDaisy/src/hid/switch.h ****     {
  36:../libDaisy/src/hid/switch.h ****         PULL_UP,   /**< & */
  37:../libDaisy/src/hid/switch.h ****         PULL_DOWN, /**< & */
  38:../libDaisy/src/hid/switch.h ****         PULL_NONE, /**< & */
  39:../libDaisy/src/hid/switch.h ****     };
  40:../libDaisy/src/hid/switch.h **** 
  41:../libDaisy/src/hid/switch.h ****     Switch() {}
  42:../libDaisy/src/hid/switch.h ****     ~Switch() {}
 106              		.loc 8 42 5 is_stmt 1 view .LVU23
 107              		.loc 8 42 5 is_stmt 0 view .LVU24
 108              	.LBE277:
 109              	.LBB278:
 110              	.LBI278:
 111              		.loc 8 42 5 is_stmt 1 view .LVU25
 112              		.loc 8 42 5 is_stmt 0 view .LVU26
 113              	.LBE278:
 114              	.LBB279:
 115              	.LBI279:
 116              		.file 9 "../libDaisy/src/hid/ctrl.h"
   1:../libDaisy/src/hid/ctrl.h **** #pragma once
   2:../libDaisy/src/hid/ctrl.h **** #ifndef DSY_KNOB_H
   3:../libDaisy/src/hid/ctrl.h **** #define DSY_KNOB_H /**< & */
   4:../libDaisy/src/hid/ctrl.h **** #include <stdint.h>
   5:../libDaisy/src/hid/ctrl.h **** 
   6:../libDaisy/src/hid/ctrl.h **** #ifdef __cplusplus
   7:../libDaisy/src/hid/ctrl.h **** namespace daisy
   8:../libDaisy/src/hid/ctrl.h **** {
   9:../libDaisy/src/hid/ctrl.h **** /**
  10:../libDaisy/src/hid/ctrl.h ****     @brief Hardware Interface for control inputs \n 
  11:../libDaisy/src/hid/ctrl.h ****     Primarily designed for ADC input controls such as \n 
  12:../libDaisy/src/hid/ctrl.h ****     potentiometers, and control voltage. \n 
  13:../libDaisy/src/hid/ctrl.h ****     @author Stephen Hensley
  14:../libDaisy/src/hid/ctrl.h ****     @date November 2019
  15:../libDaisy/src/hid/ctrl.h ****     @ingroup controls
  16:../libDaisy/src/hid/ctrl.h **** */
  17:../libDaisy/src/hid/ctrl.h **** class AnalogControl
  18:../libDaisy/src/hid/ctrl.h **** {
  19:../libDaisy/src/hid/ctrl.h ****   public:
  20:../libDaisy/src/hid/ctrl.h ****     /** Constructor */
  21:../libDaisy/src/hid/ctrl.h ****     AnalogControl() {}
  22:../libDaisy/src/hid/ctrl.h ****     /** destructor */
  23:../libDaisy/src/hid/ctrl.h ****     ~AnalogControl() {}
 117              		.loc 9 23 5 is_stmt 1 view .LVU27
 118              		.loc 9 23 5 is_stmt 0 view .LVU28
 119              	.LBE279:
 120              	.LBB280:
 121              	.LBI280:
ARM GAS  /var/folders/6_/psd2b8g56p7696hhrr4ztjs00000gn/T//ccnMmAev.s 			page 14


 122              		.loc 9 23 5 is_stmt 1 view .LVU29
 123              		.loc 9 23 5 is_stmt 0 view .LVU30
 124              	.LBE280:
 125              	.LBB281:
 126              	.LBI281:
 127              		.file 10 "../libDaisy/src/hid/encoder.h"
   1:../libDaisy/src/hid/encoder.h **** #pragma once
   2:../libDaisy/src/hid/encoder.h **** #ifndef DSY_ENCODER_H
   3:../libDaisy/src/hid/encoder.h **** #define DSY_ENCODER_H
   4:../libDaisy/src/hid/encoder.h **** #include "daisy_core.h"
   5:../libDaisy/src/hid/encoder.h **** #include "per/gpio.h"
   6:../libDaisy/src/hid/encoder.h **** #include "hid/switch.h"
   7:../libDaisy/src/hid/encoder.h **** 
   8:../libDaisy/src/hid/encoder.h **** namespace daisy
   9:../libDaisy/src/hid/encoder.h **** {
  10:../libDaisy/src/hid/encoder.h **** /** 
  11:../libDaisy/src/hid/encoder.h ****     @brief Generic Class for handling Quadrature Encoders \n 
  12:../libDaisy/src/hid/encoder.h ****     Inspired/influenced by Mutable Instruments (pichenettes) Encoder classes
  13:../libDaisy/src/hid/encoder.h ****     @author Stephen Hensley
  14:../libDaisy/src/hid/encoder.h ****     @date December 2019
  15:../libDaisy/src/hid/encoder.h ****     @ingroup controls
  16:../libDaisy/src/hid/encoder.h **** */
  17:../libDaisy/src/hid/encoder.h **** class Encoder
  18:../libDaisy/src/hid/encoder.h **** {
  19:../libDaisy/src/hid/encoder.h ****   public:
  20:../libDaisy/src/hid/encoder.h ****     Encoder() {}
  21:../libDaisy/src/hid/encoder.h ****     ~Encoder() {}
 128              		.loc 10 21 5 is_stmt 1 view .LVU31
 129              	.LBB282:
 130              	.LBI282:
 131              		.loc 8 42 5 view .LVU32
 132              		.loc 8 42 5 is_stmt 0 view .LVU33
 133              	.LBE282:
 134              	.LBE281:
 135              	.LBB283:
 136              	.LBI283:
 137              		.file 11 "../libDaisy/src/daisy_seed.h"
   1:../libDaisy/src/daisy_seed.h **** #pragma once
   2:../libDaisy/src/daisy_seed.h **** #ifndef DSY_SEED_H
   3:../libDaisy/src/daisy_seed.h **** #define DSY_SEED_H
   4:../libDaisy/src/daisy_seed.h **** 
   5:../libDaisy/src/daisy_seed.h **** #include "daisy.h"
   6:../libDaisy/src/daisy_seed.h **** 
   7:../libDaisy/src/daisy_seed.h **** //Uncomment this out if you're still using the rev2 hardware
   8:../libDaisy/src/daisy_seed.h **** //#define SEED_REV2
   9:../libDaisy/src/daisy_seed.h **** 
  10:../libDaisy/src/daisy_seed.h **** namespace daisy
  11:../libDaisy/src/daisy_seed.h **** {
  12:../libDaisy/src/daisy_seed.h **** /**
  13:../libDaisy/src/daisy_seed.h ****    @brief This is the higher-level interface for the Daisy board. \n 
  14:../libDaisy/src/daisy_seed.h ****     All basic peripheral configuration/initialization is setup here. \n
  15:../libDaisy/src/daisy_seed.h **** 
  16:../libDaisy/src/daisy_seed.h ****    @ingroup boards
  17:../libDaisy/src/daisy_seed.h **** */
  18:../libDaisy/src/daisy_seed.h **** class DaisySeed
  19:../libDaisy/src/daisy_seed.h **** {
  20:../libDaisy/src/daisy_seed.h ****   public:
ARM GAS  /var/folders/6_/psd2b8g56p7696hhrr4ztjs00000gn/T//ccnMmAev.s 			page 15


  21:../libDaisy/src/daisy_seed.h ****     DaisySeed() {}
  22:../libDaisy/src/daisy_seed.h ****     ~DaisySeed() {}
 138              		.loc 11 22 5 is_stmt 1 view .LVU34
 139              	.LBB284:
 140              	.LBI284:
 141              		.file 12 "../libDaisy/src/sys/system.h"
   1:../libDaisy/src/sys/system.h **** #ifndef DSY_SYSTEM_H
   2:../libDaisy/src/sys/system.h **** #define DSY_SYSTEM_H
   3:../libDaisy/src/sys/system.h **** 
   4:../libDaisy/src/sys/system.h **** #ifndef UNIT_TEST // for unit tests, a dummy implementation is provided below
   5:../libDaisy/src/sys/system.h **** 
   6:../libDaisy/src/sys/system.h **** #include <cstdint>
   7:../libDaisy/src/sys/system.h **** #include "per/tim.h"
   8:../libDaisy/src/sys/system.h **** 
   9:../libDaisy/src/sys/system.h **** namespace daisy
  10:../libDaisy/src/sys/system.h **** {
  11:../libDaisy/src/sys/system.h **** /** A handle for interacting with the Core System.
  12:../libDaisy/src/sys/system.h ****  ** This includes the Clock tree, MPU, global DMA initialization,
  13:../libDaisy/src/sys/system.h ****  ** cache handling, and any other necessary global initiailzation
  14:../libDaisy/src/sys/system.h ****  **
  15:../libDaisy/src/sys/system.h ****  ** @author shensley
  16:../libDaisy/src/sys/system.h ****  ** @ingroup system
  17:../libDaisy/src/sys/system.h ****  */
  18:../libDaisy/src/sys/system.h **** class System
  19:../libDaisy/src/sys/system.h **** {
  20:../libDaisy/src/sys/system.h ****   public:
  21:../libDaisy/src/sys/system.h ****     /** Contains settings for initializing the System */
  22:../libDaisy/src/sys/system.h ****     struct Config
  23:../libDaisy/src/sys/system.h ****     {
  24:../libDaisy/src/sys/system.h ****         /** Specifies the system clock frequency that feeds APB/AHB clocks, etc. */
  25:../libDaisy/src/sys/system.h ****         enum class SysClkFreq
  26:../libDaisy/src/sys/system.h ****         {
  27:../libDaisy/src/sys/system.h ****             FREQ_400MHZ,
  28:../libDaisy/src/sys/system.h ****             FREQ_480MHZ,
  29:../libDaisy/src/sys/system.h ****         };
  30:../libDaisy/src/sys/system.h **** 
  31:../libDaisy/src/sys/system.h ****         /** Method to call on the struct to set to defaults
  32:../libDaisy/src/sys/system.h ****          ** CPU Freq set to 400MHz
  33:../libDaisy/src/sys/system.h ****          ** Cache Enabled
  34:../libDaisy/src/sys/system.h ****          ** */
  35:../libDaisy/src/sys/system.h ****         void Defaults()
  36:../libDaisy/src/sys/system.h ****         {
  37:../libDaisy/src/sys/system.h ****             cpu_freq    = SysClkFreq::FREQ_400MHZ;
  38:../libDaisy/src/sys/system.h ****             use_dcache  = true;
  39:../libDaisy/src/sys/system.h ****             use_icache  = true;
  40:../libDaisy/src/sys/system.h ****             skip_clocks = false;
  41:../libDaisy/src/sys/system.h ****         }
  42:../libDaisy/src/sys/system.h **** 
  43:../libDaisy/src/sys/system.h ****         /** Method to call on the struct to set to boost mode:
  44:../libDaisy/src/sys/system.h ****          ** CPU Freq set to 480MHz
  45:../libDaisy/src/sys/system.h ****          ** Cache Enabled
  46:../libDaisy/src/sys/system.h ****          ** */
  47:../libDaisy/src/sys/system.h ****         void Boost()
  48:../libDaisy/src/sys/system.h ****         {
  49:../libDaisy/src/sys/system.h ****             cpu_freq    = SysClkFreq::FREQ_480MHZ;
  50:../libDaisy/src/sys/system.h ****             use_dcache  = true;
  51:../libDaisy/src/sys/system.h ****             use_icache  = true;
ARM GAS  /var/folders/6_/psd2b8g56p7696hhrr4ztjs00000gn/T//ccnMmAev.s 			page 16


  52:../libDaisy/src/sys/system.h ****             skip_clocks = false;
  53:../libDaisy/src/sys/system.h ****         }
  54:../libDaisy/src/sys/system.h **** 
  55:../libDaisy/src/sys/system.h ****         SysClkFreq cpu_freq;
  56:../libDaisy/src/sys/system.h ****         bool       use_dcache;
  57:../libDaisy/src/sys/system.h ****         bool       use_icache;
  58:../libDaisy/src/sys/system.h ****         bool       skip_clocks;
  59:../libDaisy/src/sys/system.h ****     };
  60:../libDaisy/src/sys/system.h **** 
  61:../libDaisy/src/sys/system.h ****     /** Describes the different regions of memory available to the Daisy */
  62:../libDaisy/src/sys/system.h ****     enum MemoryRegion
  63:../libDaisy/src/sys/system.h ****     {
  64:../libDaisy/src/sys/system.h ****         INTERNAL_FLASH = 0,
  65:../libDaisy/src/sys/system.h ****         ITCMRAM,
  66:../libDaisy/src/sys/system.h ****         DTCMRAM,
  67:../libDaisy/src/sys/system.h ****         SRAM_D1,
  68:../libDaisy/src/sys/system.h ****         SRAM_D2,
  69:../libDaisy/src/sys/system.h ****         SRAM_D3,
  70:../libDaisy/src/sys/system.h ****         SDRAM,
  71:../libDaisy/src/sys/system.h ****         QSPI,
  72:../libDaisy/src/sys/system.h ****         INVALID_ADDRESS,
  73:../libDaisy/src/sys/system.h ****     };
  74:../libDaisy/src/sys/system.h **** 
  75:../libDaisy/src/sys/system.h ****     /** Bootloader struct for controlling bootloading parameters */
  76:../libDaisy/src/sys/system.h ****     struct BootInfo
  77:../libDaisy/src/sys/system.h ****     {
  78:../libDaisy/src/sys/system.h ****         enum class Type : uint32_t
  79:../libDaisy/src/sys/system.h ****         {
  80:../libDaisy/src/sys/system.h ****             INVALID      = 0x00000000,
  81:../libDaisy/src/sys/system.h ****             JUMP         = 0xDEADBEEF,
  82:../libDaisy/src/sys/system.h ****             SKIP_TIMEOUT = 0x5AFEB007,
  83:../libDaisy/src/sys/system.h ****             INF_TIMEOUT  = 0xB0074EFA,
  84:../libDaisy/src/sys/system.h ****         } status;
  85:../libDaisy/src/sys/system.h ****         uint32_t data;
  86:../libDaisy/src/sys/system.h ****         enum class Version : uint32_t
  87:../libDaisy/src/sys/system.h ****         {
  88:../libDaisy/src/sys/system.h ****             LT_v6_0 = 0, // Less than v6.0
  89:../libDaisy/src/sys/system.h ****             NONE,        // No bootloader present
  90:../libDaisy/src/sys/system.h ****             v6_0,        // v6.0
  91:../libDaisy/src/sys/system.h ****             v6_1,        // v6.1 or greater
  92:../libDaisy/src/sys/system.h ****             LAST
  93:../libDaisy/src/sys/system.h ****         } version;
  94:../libDaisy/src/sys/system.h ****     };
  95:../libDaisy/src/sys/system.h **** 
  96:../libDaisy/src/sys/system.h ****     System() {}
  97:../libDaisy/src/sys/system.h ****     ~System() {}
 142              		.loc 12 97 5 view .LVU35
 143              		.loc 12 97 5 is_stmt 0 view .LVU36
 144              	.LBE284:
 145              	.LBB285:
 146              	.LBI285:
 147              		.file 13 "../libDaisy/src/hid/usb.h"
   1:../libDaisy/src/hid/usb.h **** #pragma once
   2:../libDaisy/src/hid/usb.h **** #ifndef DSY_HID_USB_H
   3:../libDaisy/src/hid/usb.h **** #define DSY_HID_USB_H
   4:../libDaisy/src/hid/usb.h **** #include <stdint.h>
   5:../libDaisy/src/hid/usb.h **** #include <stdlib.h>
ARM GAS  /var/folders/6_/psd2b8g56p7696hhrr4ztjs00000gn/T//ccnMmAev.s 			page 17


   6:../libDaisy/src/hid/usb.h **** 
   7:../libDaisy/src/hid/usb.h **** namespace daisy
   8:../libDaisy/src/hid/usb.h **** /** @addtogroup human_interface
   9:../libDaisy/src/hid/usb.h ****     @{
  10:../libDaisy/src/hid/usb.h **** */
  11:../libDaisy/src/hid/usb.h **** 
  12:../libDaisy/src/hid/usb.h **** {
  13:../libDaisy/src/hid/usb.h **** /** 
  14:../libDaisy/src/hid/usb.h ****     @brief Interface for initializing and using the USB Peripherals on the daisy
  15:../libDaisy/src/hid/usb.h ****     @author Stephen Hensley
  16:../libDaisy/src/hid/usb.h ****     @date December 2019
  17:../libDaisy/src/hid/usb.h **** */
  18:../libDaisy/src/hid/usb.h **** class UsbHandle
  19:../libDaisy/src/hid/usb.h **** {
  20:../libDaisy/src/hid/usb.h ****   public:
  21:../libDaisy/src/hid/usb.h ****     /** Return values for USBHandle Functions */
  22:../libDaisy/src/hid/usb.h ****     enum class Result
  23:../libDaisy/src/hid/usb.h ****     {
  24:../libDaisy/src/hid/usb.h ****         OK,
  25:../libDaisy/src/hid/usb.h ****         ERR,
  26:../libDaisy/src/hid/usb.h ****     };
  27:../libDaisy/src/hid/usb.h **** 
  28:../libDaisy/src/hid/usb.h ****     /** Specified which of the two USB Peripherals to initialize. */
  29:../libDaisy/src/hid/usb.h ****     enum UsbPeriph
  30:../libDaisy/src/hid/usb.h ****     {
  31:../libDaisy/src/hid/usb.h ****         FS_INTERNAL, /**< Internal pin */
  32:../libDaisy/src/hid/usb.h ****         FS_EXTERNAL, /**< FS External D+ pin is Pin 38 (GPIO32). FS External D- pin is Pin 37 (GPIO
  33:../libDaisy/src/hid/usb.h ****         FS_BOTH,     /**< Both */
  34:../libDaisy/src/hid/usb.h ****     };
  35:../libDaisy/src/hid/usb.h **** 
  36:../libDaisy/src/hid/usb.h **** 
  37:../libDaisy/src/hid/usb.h ****     /** Function called upon reception of a buffer */
  38:../libDaisy/src/hid/usb.h ****     typedef void (*ReceiveCallback)(uint8_t* buff, uint32_t* len);
  39:../libDaisy/src/hid/usb.h **** 
  40:../libDaisy/src/hid/usb.h ****     UsbHandle() {}
  41:../libDaisy/src/hid/usb.h **** 
  42:../libDaisy/src/hid/usb.h ****     ~UsbHandle() {}
 148              		.loc 13 42 5 is_stmt 1 view .LVU37
 149              		.loc 13 42 5 is_stmt 0 view .LVU38
 150              	.LBE285:
 151              	.LBB286:
 152              	.LBI286:
 153              		.file 14 "../libDaisy/src/per/adc.h"
   1:../libDaisy/src/per/adc.h **** #pragma once
   2:../libDaisy/src/per/adc.h **** #ifndef DSY_ADC_H
   3:../libDaisy/src/per/adc.h **** #define DSY_ADC_H /**< Macro */
   4:../libDaisy/src/per/adc.h **** #include <stdint.h>
   5:../libDaisy/src/per/adc.h **** #include <stdlib.h>
   6:../libDaisy/src/per/adc.h **** #include "daisy_core.h"
   7:../libDaisy/src/per/adc.h **** #include "per/gpio.h"
   8:../libDaisy/src/per/adc.h **** 
   9:../libDaisy/src/per/adc.h **** #define DSY_ADC_MAX_CHANNELS 16 /**< Maximum number of ADC channels */
  10:../libDaisy/src/per/adc.h **** 
  11:../libDaisy/src/per/adc.h **** namespace daisy
  12:../libDaisy/src/per/adc.h **** {
  13:../libDaisy/src/per/adc.h **** /** @addtogroup per_analog
  14:../libDaisy/src/per/adc.h ****     @{
ARM GAS  /var/folders/6_/psd2b8g56p7696hhrr4ztjs00000gn/T//ccnMmAev.s 			page 18


  15:../libDaisy/src/per/adc.h **** */
  16:../libDaisy/src/per/adc.h **** 
  17:../libDaisy/src/per/adc.h **** /* While there may not be many configuration options here,
  18:../libDaisy/src/per/adc.h **** using a struct like this allows us to add more configuration
  19:../libDaisy/src/per/adc.h **** later without breaking existing functionality.
  20:../libDaisy/src/per/adc.h **** */
  21:../libDaisy/src/per/adc.h **** 
  22:../libDaisy/src/per/adc.h **** /** @brief   Configuration Structure for an ADC Channel 
  23:../libDaisy/src/per/adc.h ****  *  @details This can be used to configure a a single input, 
  24:../libDaisy/src/per/adc.h ****  *           or a multiplexed input, allowing up to 8 inputs on 
  25:../libDaisy/src/per/adc.h ****  *           one channel.
  26:../libDaisy/src/per/adc.h ****  *  @note    Sharing data lines to multiple muxes _is_ possible, but
  27:../libDaisy/src/per/adc.h ****  *           each channel sharing data lines must be set to the maximum
  28:../libDaisy/src/per/adc.h ****  *           number of channels, even if some multiplexers have fewer
  29:../libDaisy/src/per/adc.h ****  *           inputs connected.
  30:../libDaisy/src/per/adc.h **** */
  31:../libDaisy/src/per/adc.h **** struct AdcChannelConfig
  32:../libDaisy/src/per/adc.h **** {
  33:../libDaisy/src/per/adc.h ****     /** Which pin to use for multiplexing */
  34:../libDaisy/src/per/adc.h ****     enum MuxPin
  35:../libDaisy/src/per/adc.h ****     {
  36:../libDaisy/src/per/adc.h ****         MUX_SEL_0,    /**< & */
  37:../libDaisy/src/per/adc.h ****         MUX_SEL_1,    /**< & */
  38:../libDaisy/src/per/adc.h ****         MUX_SEL_2,    /**< & */
  39:../libDaisy/src/per/adc.h ****         MUX_SEL_LAST, /**< & */
  40:../libDaisy/src/per/adc.h ****     };
  41:../libDaisy/src/per/adc.h **** 
  42:../libDaisy/src/per/adc.h ****     /** \brief per channel conversion speed added to fixed time based on bitdepth, etc. */
  43:../libDaisy/src/per/adc.h ****     enum ConversionSpeed
  44:../libDaisy/src/per/adc.h ****     {
  45:../libDaisy/src/per/adc.h ****         SPEED_1CYCLES_5,
  46:../libDaisy/src/per/adc.h ****         SPEED_2CYCLES_5,
  47:../libDaisy/src/per/adc.h ****         SPEED_8CYCLES_5,
  48:../libDaisy/src/per/adc.h ****         SPEED_16CYCLES_5,
  49:../libDaisy/src/per/adc.h ****         SPEED_32CYCLES_5,
  50:../libDaisy/src/per/adc.h ****         SPEED_64CYCLES_5,
  51:../libDaisy/src/per/adc.h ****         SPEED_387CYCLES_5,
  52:../libDaisy/src/per/adc.h ****         SPEED_810CYCLES_5,
  53:../libDaisy/src/per/adc.h ****     };
  54:../libDaisy/src/per/adc.h **** 
  55:../libDaisy/src/per/adc.h ****     /** Initializes a single ADC pin as an ADC. 
  56:../libDaisy/src/per/adc.h ****     \param pin Pin to init.
  57:../libDaisy/src/per/adc.h ****     \param speed conversion speed for this pin defaults to 8.5 cycles
  58:../libDaisy/src/per/adc.h ****      */
  59:../libDaisy/src/per/adc.h ****     void InitSingle(dsy_gpio_pin pin, ConversionSpeed speed = SPEED_8CYCLES_5);
  60:../libDaisy/src/per/adc.h **** 
  61:../libDaisy/src/per/adc.h ****     /** 
  62:../libDaisy/src/per/adc.h ****     Initializes a single ADC pin as a Multiplexed ADC.
  63:../libDaisy/src/per/adc.h ****     Requires a CD405X Multiplexer connected to the pin.
  64:../libDaisy/src/per/adc.h ****     You only need to supply the mux pins that are required,
  65:../libDaisy/src/per/adc.h ****     e.g. a 4052 mux would only require mux_0 and mux_1.
  66:../libDaisy/src/per/adc.h ****     Internal Callbacks handle the pin addressing.
  67:../libDaisy/src/per/adc.h ****     \param adc_pin &
  68:../libDaisy/src/per/adc.h ****     \param mux_channels must be 1-8
  69:../libDaisy/src/per/adc.h ****     \param mux_0 First mux pin
  70:../libDaisy/src/per/adc.h ****     \param mux_1 Second mux pin
  71:../libDaisy/src/per/adc.h ****     \param mux_2 Third mux pin
ARM GAS  /var/folders/6_/psd2b8g56p7696hhrr4ztjs00000gn/T//ccnMmAev.s 			page 19


  72:../libDaisy/src/per/adc.h ****     \param speed conversion speed for this pin defaults to 8.5 cycles
  73:../libDaisy/src/per/adc.h ****     */
  74:../libDaisy/src/per/adc.h ****     void InitMux(dsy_gpio_pin    adc_pin,
  75:../libDaisy/src/per/adc.h ****                  size_t          mux_channels,
  76:../libDaisy/src/per/adc.h ****                  dsy_gpio_pin    mux_0,
  77:../libDaisy/src/per/adc.h ****                  dsy_gpio_pin    mux_1 = {DSY_GPIOX, 0},
  78:../libDaisy/src/per/adc.h ****                  dsy_gpio_pin    mux_2 = {DSY_GPIOX, 0},
  79:../libDaisy/src/per/adc.h ****                  ConversionSpeed speed = SPEED_8CYCLES_5);
  80:../libDaisy/src/per/adc.h **** 
  81:../libDaisy/src/per/adc.h ****     dsy_gpio        pin_;                   /**< & */
  82:../libDaisy/src/per/adc.h ****     dsy_gpio        mux_pin_[MUX_SEL_LAST]; /**< & */
  83:../libDaisy/src/per/adc.h ****     uint8_t         mux_channels_;          /**< & */
  84:../libDaisy/src/per/adc.h ****     ConversionSpeed speed_;
  85:../libDaisy/src/per/adc.h **** };
  86:../libDaisy/src/per/adc.h **** 
  87:../libDaisy/src/per/adc.h **** /**
  88:../libDaisy/src/per/adc.h ****    @brief Handler for analog to digital conversion
  89:../libDaisy/src/per/adc.h **** */
  90:../libDaisy/src/per/adc.h **** class AdcHandle
  91:../libDaisy/src/per/adc.h **** {
  92:../libDaisy/src/per/adc.h ****   public:
  93:../libDaisy/src/per/adc.h ****     /** Supported oversampling amounts */
  94:../libDaisy/src/per/adc.h ****     enum OverSampling
  95:../libDaisy/src/per/adc.h ****     {
  96:../libDaisy/src/per/adc.h ****         OVS_NONE, /**< & */
  97:../libDaisy/src/per/adc.h ****         OVS_4,    /**< & */
  98:../libDaisy/src/per/adc.h ****         OVS_8,    /**< & */
  99:../libDaisy/src/per/adc.h ****         OVS_16,   /**< & */
 100:../libDaisy/src/per/adc.h ****         OVS_32,   /**< & */
 101:../libDaisy/src/per/adc.h ****         OVS_64,   /**< & */
 102:../libDaisy/src/per/adc.h ****         OVS_128,  /**< & */
 103:../libDaisy/src/per/adc.h ****         OVS_256,  /**< & */
 104:../libDaisy/src/per/adc.h ****         OVS_512,  /**< & */
 105:../libDaisy/src/per/adc.h ****         OVS_1024, /**< & */
 106:../libDaisy/src/per/adc.h ****         OVS_LAST, /**< & */
 107:../libDaisy/src/per/adc.h ****     };
 108:../libDaisy/src/per/adc.h **** 
 109:../libDaisy/src/per/adc.h ****     AdcHandle() {}
 110:../libDaisy/src/per/adc.h ****     ~AdcHandle() {}
 154              		.loc 14 110 5 is_stmt 1 view .LVU39
 155              		.loc 14 110 5 is_stmt 0 view .LVU40
 156              	.LBE286:
 157              	.LBB287:
 158              	.LBI287:
 159              		.file 15 "../libDaisy/src/hid/audio.h"
   1:../libDaisy/src/hid/audio.h **** #ifndef DSY_AUDIO_H
   2:../libDaisy/src/hid/audio.h **** #define DSY_AUDIO_H /**< & */
   3:../libDaisy/src/hid/audio.h **** 
   4:../libDaisy/src/hid/audio.h **** #include "per/sai.h"
   5:../libDaisy/src/hid/audio.h **** 
   6:../libDaisy/src/hid/audio.h **** namespace daisy
   7:../libDaisy/src/hid/audio.h **** {
   8:../libDaisy/src/hid/audio.h **** /** @brief Audio Engine Handle
   9:../libDaisy/src/hid/audio.h ****  *  @ingroup audio 
  10:../libDaisy/src/hid/audio.h ****  *  @details This class allows for higher level access to an audio engine.
  11:../libDaisy/src/hid/audio.h ****  *           If you're using a SOM like the DaisySeed or DaisyPatchSM (or any 
  12:../libDaisy/src/hid/audio.h ****  *            board that includes one of those objects) then the intialization
ARM GAS  /var/folders/6_/psd2b8g56p7696hhrr4ztjs00000gn/T//ccnMmAev.s 			page 20


  13:../libDaisy/src/hid/audio.h ****  *            is already taken  care of.
  14:../libDaisy/src/hid/audio.h ****  *           If you're setting up your own custom hardware, or need to make changes
  15:../libDaisy/src/hid/audio.h ****  *           you will have to take the following steps:
  16:../libDaisy/src/hid/audio.h ****  *             1. Create and Initialize an SaiHandle or two depending on your requirements
  17:../libDaisy/src/hid/audio.h ****  *             2. Initialize the Audio Handle with the desired settings and the Initialized SaiHand
  18:../libDaisy/src/hid/audio.h ****  *             3. If the connected codec requires special configuration or initialization, do so
  19:../libDaisy/src/hid/audio.h ****  *             4. Write a callback method using either the AudioCallback or the InterleavingAudioCa
  20:../libDaisy/src/hid/audio.h ****  *             5. Start the Audio using one of the StartAudio function
  21:../libDaisy/src/hid/audio.h ****  */
  22:../libDaisy/src/hid/audio.h **** class AudioHandle
  23:../libDaisy/src/hid/audio.h **** {
  24:../libDaisy/src/hid/audio.h ****   public:
  25:../libDaisy/src/hid/audio.h ****     /** Manually configurable details about the Audio Engine */
  26:../libDaisy/src/hid/audio.h ****     /** TODO: Figure out how to get samplerate in here. */
  27:../libDaisy/src/hid/audio.h ****     struct Config
  28:../libDaisy/src/hid/audio.h ****     {
  29:../libDaisy/src/hid/audio.h ****         /** number of samples to process per callback */
  30:../libDaisy/src/hid/audio.h ****         size_t blocksize;
  31:../libDaisy/src/hid/audio.h **** 
  32:../libDaisy/src/hid/audio.h ****         /**< Sample rate of audio */
  33:../libDaisy/src/hid/audio.h ****         SaiHandle::Config::SampleRate samplerate;
  34:../libDaisy/src/hid/audio.h **** 
  35:../libDaisy/src/hid/audio.h ****         /** factor for adjustment before and after callback for hardware that may have extra headro
  36:../libDaisy/src/hid/audio.h ****         float postgain;
  37:../libDaisy/src/hid/audio.h **** 
  38:../libDaisy/src/hid/audio.h ****         /** factor for additional one-sided compensation to audio path for hardware that may
  39:../libDaisy/src/hid/audio.h ****          *  have unequal input/output ranges
  40:../libDaisy/src/hid/audio.h ****          */
  41:../libDaisy/src/hid/audio.h ****         float output_compensation;
  42:../libDaisy/src/hid/audio.h **** 
  43:../libDaisy/src/hid/audio.h ****         /** Sets default values for config struct */
  44:../libDaisy/src/hid/audio.h ****         Config()
  45:../libDaisy/src/hid/audio.h ****         : blocksize(48),
  46:../libDaisy/src/hid/audio.h ****           samplerate(SaiHandle::Config::SampleRate::SAI_48KHZ),
  47:../libDaisy/src/hid/audio.h ****           postgain(1.f),
  48:../libDaisy/src/hid/audio.h ****           output_compensation(1.f)
  49:../libDaisy/src/hid/audio.h ****         {
  50:../libDaisy/src/hid/audio.h ****         }
  51:../libDaisy/src/hid/audio.h ****     };
  52:../libDaisy/src/hid/audio.h **** 
  53:../libDaisy/src/hid/audio.h ****     enum class Result
  54:../libDaisy/src/hid/audio.h ****     {
  55:../libDaisy/src/hid/audio.h ****         OK,
  56:../libDaisy/src/hid/audio.h ****         ERR,
  57:../libDaisy/src/hid/audio.h ****     };
  58:../libDaisy/src/hid/audio.h **** 
  59:../libDaisy/src/hid/audio.h ****     /** Non-Interleaving input buffer
  60:../libDaisy/src/hid/audio.h ****      * Buffer arranged by float[chn][sample] 
  61:../libDaisy/src/hid/audio.h ****      * const so that the user can't modify the input
  62:../libDaisy/src/hid/audio.h ****      */
  63:../libDaisy/src/hid/audio.h ****     typedef const float* const* InputBuffer;
  64:../libDaisy/src/hid/audio.h **** 
  65:../libDaisy/src/hid/audio.h ****     /** Non-Interleaving output buffer
  66:../libDaisy/src/hid/audio.h ****      * Arranged by float[chn][sample] 
  67:../libDaisy/src/hid/audio.h ****      */
  68:../libDaisy/src/hid/audio.h ****     typedef float** OutputBuffer;
  69:../libDaisy/src/hid/audio.h **** 
ARM GAS  /var/folders/6_/psd2b8g56p7696hhrr4ztjs00000gn/T//ccnMmAev.s 			page 21


  70:../libDaisy/src/hid/audio.h ****     /** Type for a Non-Interleaving audio callback 
  71:../libDaisy/src/hid/audio.h ****      * Non-Interleaving audio callbacks in daisy will be of this type
  72:../libDaisy/src/hid/audio.h ****      */
  73:../libDaisy/src/hid/audio.h ****     typedef void (*AudioCallback)(InputBuffer  in,
  74:../libDaisy/src/hid/audio.h ****                                   OutputBuffer out,
  75:../libDaisy/src/hid/audio.h ****                                   size_t       size);
  76:../libDaisy/src/hid/audio.h **** 
  77:../libDaisy/src/hid/audio.h ****     /** Interleaving Input buffer
  78:../libDaisy/src/hid/audio.h ****      ** audio is prepared as { L0, R0, L1, R1, . . . LN, RN }]
  79:../libDaisy/src/hid/audio.h ****      ** this is const, as the user shouldn't modify it
  80:../libDaisy/src/hid/audio.h ****     */
  81:../libDaisy/src/hid/audio.h ****     typedef const float* InterleavingInputBuffer;
  82:../libDaisy/src/hid/audio.h **** 
  83:../libDaisy/src/hid/audio.h ****     /** Interleaving Output buffer 
  84:../libDaisy/src/hid/audio.h ****      ** audio is prepared as { L0, R0, L1, R1, . . . LN, RN }
  85:../libDaisy/src/hid/audio.h ****     */
  86:../libDaisy/src/hid/audio.h ****     typedef float* InterleavingOutputBuffer;
  87:../libDaisy/src/hid/audio.h **** 
  88:../libDaisy/src/hid/audio.h ****     /** Interleaving Audio Callback 
  89:../libDaisy/src/hid/audio.h ****      * Interleaving audio callbacks in daisy must be of this type
  90:../libDaisy/src/hid/audio.h ****      */
  91:../libDaisy/src/hid/audio.h ****     typedef void (*InterleavingAudioCallback)(InterleavingInputBuffer  in,
  92:../libDaisy/src/hid/audio.h ****                                               InterleavingOutputBuffer out,
  93:../libDaisy/src/hid/audio.h ****                                               size_t                   size);
  94:../libDaisy/src/hid/audio.h **** 
  95:../libDaisy/src/hid/audio.h ****     AudioHandle() : pimpl_(nullptr) {}
  96:../libDaisy/src/hid/audio.h ****     ~AudioHandle() {}
 160              		.loc 15 96 5 is_stmt 1 view .LVU41
 161              		.loc 15 96 5 is_stmt 0 view .LVU42
 162              	.LBE287:
 163              	.LBE283:
 164              	.LBE263:
 165              		.loc 2 36 18 view .LVU43
 166 0000 7047     		bx	lr
 167              		.cfi_endproc
 168              	.LFE2352:
 170              		.weak	_ZN5daisy8DaisyPodD1Ev
 171              		.thumb_set _ZN5daisy8DaisyPodD1Ev,_ZN5daisy8DaisyPodD2Ev
 172 0002 00BF     		.section	.text._Z5Clampfff,"ax",%progbits
 173              		.align	1
 174              		.p2align 2,,3
 175              		.global	_Z5Clampfff
 176              		.syntax unified
 177              		.thumb
 178              		.thumb_func
 180              	_Z5Clampfff:
 181              	.LVL1:
 182              	.LFB4703:
   1:ReactivePedal.cpp **** #include "daisy_pod.h"
   2:ReactivePedal.cpp **** #include "daisysp.h"
   3:ReactivePedal.cpp **** #include "FeatureExtractor.h"
   4:ReactivePedal.cpp **** #include <cmath>
   5:ReactivePedal.cpp **** 
   6:ReactivePedal.cpp **** using namespace daisy;
   7:ReactivePedal.cpp **** using namespace daisysp;
   8:ReactivePedal.cpp **** using namespace std;
   9:ReactivePedal.cpp **** 
ARM GAS  /var/folders/6_/psd2b8g56p7696hhrr4ztjs00000gn/T//ccnMmAev.s 			page 22


  10:ReactivePedal.cpp **** DaisyPod hw;
  11:ReactivePedal.cpp **** FeatureExtractor extractor;
  12:ReactivePedal.cpp **** AudioFeatures latestFeatures;
  13:ReactivePedal.cpp **** AudioFeatures smoothedFeatures = {0.0f, 0.0f, 0.0f, 0.0f, 0.0f};
  14:ReactivePedal.cpp **** 
  15:ReactivePedal.cpp **** enum ClipMode {
  16:ReactivePedal.cpp ****     CLIP_BYPASS = 0, //We dont clip
  17:ReactivePedal.cpp ****     CLIP_SOFT, //smoothoverdrive 
  18:ReactivePedal.cpp ****     CLIP_HARD, //sharp clipping
  19:ReactivePedal.cpp ****     CLIP_ASYM, //positive and negative sides clip differently 
  20:ReactivePedal.cpp ****     CLIP_FUZZ //non linear fuzz shampe
  21:ReactivePedal.cpp **** };
  22:ReactivePedal.cpp **** 
  23:ReactivePedal.cpp **** struct TonePreset{
  24:ReactivePedal.cpp ****     const char* toneName; //name for our tone
  25:ReactivePedal.cpp ****     float preamp; //gain before distorition
  26:ReactivePedal.cpp ****     float drive; //extra gain into clip stage
  27:ReactivePedal.cpp ****     float tone; //low pass filter strength
  28:ReactivePedal.cpp ****     float mix; //dry and wet tone blend
  29:ReactivePedal.cpp ****     float level; //final output volume
  30:ReactivePedal.cpp ****     float clipThreshold; //clip ceiling
  31:ReactivePedal.cpp ****     ClipMode clipMode; //which clip function to use
  32:ReactivePedal.cpp **** };
  33:ReactivePedal.cpp **** 
  34:ReactivePedal.cpp **** 
  35:ReactivePedal.cpp **** 
  36:ReactivePedal.cpp **** static constexpr int bufferSize = 2048;
  37:ReactivePedal.cpp **** float delayBuffer[bufferSize];
  38:ReactivePedal.cpp **** int writeIndex = 0;
  39:ReactivePedal.cpp **** 
  40:ReactivePedal.cpp **** float sampleRate = 48000.0f;
  41:ReactivePedal.cpp **** float baseDelayMs = 12.0f;
  42:ReactivePedal.cpp **** float depthMs = 4.0f;
  43:ReactivePedal.cpp **** float rateHz = 0.6f;
  44:ReactivePedal.cpp **** float chorusMix = 0.4f;
  45:ReactivePedal.cpp **** 
  46:ReactivePedal.cpp **** float baseDelay = sampleRate * baseDelayMs / 1000.0f;
  47:ReactivePedal.cpp **** float depth = sampleRate * depthMs / 1000.0f;
  48:ReactivePedal.cpp **** 
  49:ReactivePedal.cpp **** float phase = 0.0f;
  50:ReactivePedal.cpp **** float phaseIncrement = 2.0f * 3.14159265359f * rateHz / sampleRate;
  51:ReactivePedal.cpp **** //smoothed to avoid strange behaviours with jumps
  52:ReactivePedal.cpp **** 
  53:ReactivePedal.cpp **** volatile float smoothedDrive = 1.0f;
  54:ReactivePedal.cpp **** volatile float smoothedTone = 0.3f;
  55:ReactivePedal.cpp **** volatile float smoothedPreamp = 3.0f;
  56:ReactivePedal.cpp **** volatile float smoothedMix = 0.9f;
  57:ReactivePedal.cpp **** volatile float smoothedLevel = 0.8f;
  58:ReactivePedal.cpp **** volatile float smoothedClipThreshold = 1.0f;
  59:ReactivePedal.cpp **** 
  60:ReactivePedal.cpp **** //move toward these
  61:ReactivePedal.cpp **** float targetDrive = 1.0f;
  62:ReactivePedal.cpp **** float targetTone = 0.25f;
  63:ReactivePedal.cpp **** float targetPreamp = 3.0f;
  64:ReactivePedal.cpp **** float targetMix = 0.9f;
  65:ReactivePedal.cpp **** float targetLevel = 1.5f;
  66:ReactivePedal.cpp **** float targetClipThreshold = 1.0f;
ARM GAS  /var/folders/6_/psd2b8g56p7696hhrr4ztjs00000gn/T//ccnMmAev.s 			page 23


  67:ReactivePedal.cpp **** 
  68:ReactivePedal.cpp **** //Current clip mode, default to soft
  69:ReactivePedal.cpp **** ClipMode currentClipMode = CLIP_SOFT;
  70:ReactivePedal.cpp **** 
  71:ReactivePedal.cpp **** //Internal memory of the tone filter
  72:ReactivePedal.cpp **** float toneStateL = 0.0f;
  73:ReactivePedal.cpp **** 
  74:ReactivePedal.cpp **** 
  75:ReactivePedal.cpp **** //array where we store values for our presets
  76:ReactivePedal.cpp **** static const TonePreset tonePresets[] =
  77:ReactivePedal.cpp **** {
  78:ReactivePedal.cpp ****     {"Default", 3.0f, 2.0f, 0.25f, 0.92f, 0.80f, 1.0f, CLIP_SOFT},
  79:ReactivePedal.cpp **** };
  80:ReactivePedal.cpp **** 
  81:ReactivePedal.cpp **** //how many pre sets are we storing?
  82:ReactivePedal.cpp **** static constexpr int noNumTonePresets = sizeof(tonePresets) / sizeof(tonePresets[0]);
  83:ReactivePedal.cpp **** int currentPresetIndex = 0;
  84:ReactivePedal.cpp **** 
  85:ReactivePedal.cpp **** 
  86:ReactivePedal.cpp **** //use later for hard clipping 
  87:ReactivePedal.cpp **** float Clamp(float x, float lo, float hi){
 183              		.loc 1 87 41 is_stmt 1 view -0
 184              		.cfi_startproc
 185              		@ args = 0, pretend = 0, frame = 0
 186              		@ frame_needed = 0, uses_anonymous_args = 0
 187              		@ link register save eliminated.
  88:ReactivePedal.cpp ****     if(x < lo){
 188              		.loc 1 88 5 view .LVU45
 189 0000 B4EEE00A 		vcmpe.f32	s0, s1
 190 0004 F1EE10FA 		vmrs	APSR_nzcv, FPSCR
 191 0008 06D4     		bmi	.L5
  89:ReactivePedal.cpp ****         return lo;
  90:ReactivePedal.cpp ****     }
  91:ReactivePedal.cpp ****     if(x > hi){
 192              		.loc 1 91 5 view .LVU46
 193 000a B4EEC10A 		vcmpe.f32	s0, s2
 194 000e F1EE10FA 		vmrs	APSR_nzcv, FPSCR
 195 0012 31FE000A 		vselgt.f32	s0, s2, s0
 196              	.LVL2:
 197              		.loc 1 91 5 is_stmt 0 view .LVU47
 198 0016 7047     		bx	lr
 199              	.LVL3:
 200              	.L5:
  89:ReactivePedal.cpp ****         return lo;
 201              		.loc 1 89 16 view .LVU48
 202 0018 B0EE600A 		vmov.f32	s0, s1
 203              	.LVL4:
  92:ReactivePedal.cpp ****         return hi;
  93:ReactivePedal.cpp ****     }
  94:ReactivePedal.cpp ****     return x;
  95:ReactivePedal.cpp **** }
 204              		.loc 1 95 1 view .LVU49
 205 001c 7047     		bx	lr
 206              		.cfi_endproc
 207              	.LFE4703:
 209 001e 00BF     		.section	.text._Z14SmoothFeaturesRK13AudioFeaturesRS_,"ax",%progbits
 210              		.align	1
ARM GAS  /var/folders/6_/psd2b8g56p7696hhrr4ztjs00000gn/T//ccnMmAev.s 			page 24


 211              		.p2align 2,,3
 212              		.global	_Z14SmoothFeaturesRK13AudioFeaturesRS_
 213              		.syntax unified
 214              		.thumb
 215              		.thumb_func
 217              	_Z14SmoothFeaturesRK13AudioFeaturesRS_:
 218              	.LVL5:
 219              	.LFB4704:
  96:ReactivePedal.cpp **** 
  97:ReactivePedal.cpp **** 
  98:ReactivePedal.cpp **** void SmoothFeatures(const AudioFeatures& in, AudioFeatures& out){
 220              		.loc 1 98 65 is_stmt 1 view -0
 221              		.cfi_startproc
 222              		@ args = 0, pretend = 0, frame = 0
 223              		@ frame_needed = 0, uses_anonymous_args = 0
 224              		@ link register save eliminated.
  99:ReactivePedal.cpp ****     out.rms              = 0.8f  * out.rms + 0.2f  * in.rms;
 225              		.loc 1 99 5 view .LVU51
 226              		.loc 1 99 52 is_stmt 0 view .LVU52
 227 0000 D0ED005A 		vldr.32	s11, [r0]
 100:ReactivePedal.cpp ****     out.peak             = 0.8f  * out.peak + 0.2f  * in.peak;
 228              		.loc 1 100 53 view .LVU53
 229 0004 90ED016A 		vldr.32	s12, [r0, #4]
 101:ReactivePedal.cpp ****     out.zcr              = 0.85f * out.zcr + 0.15f * in.zcr;
 230              		.loc 1 101 52 view .LVU54
 231 0008 D0ED026A 		vldr.32	s13, [r0, #8]
 102:ReactivePedal.cpp ****     out.spectralCentroid = 0.9f  * out.spectralCentroid + 0.1f * in.spectralCentroid;
 232              		.loc 1 102 64 view .LVU55
 233 000c 90ED037A 		vldr.32	s14, [r0, #12]
 103:ReactivePedal.cpp ****     out.spectralFlux     = 0.95f * out.spectralFlux + 0.05f * in.spectralFlux;
 234              		.loc 1 103 61 view .LVU56
 235 0010 D0ED047A 		vldr.32	s15, [r0, #16]
  99:ReactivePedal.cpp ****     out.peak             = 0.8f  * out.peak + 0.2f  * in.peak;
 236              		.loc 1 99 52 view .LVU57
 237 0014 9FED1C5A 		vldr.32	s10, .L7
 101:ReactivePedal.cpp ****     out.spectralCentroid = 0.9f  * out.spectralCentroid + 0.1f * in.spectralCentroid;
 238              		.loc 1 101 52 view .LVU58
 239 0018 DFED1C3A 		vldr.32	s7, .L7+4
 102:ReactivePedal.cpp ****     out.spectralFlux     = 0.95f * out.spectralFlux + 0.05f * in.spectralFlux;
 240              		.loc 1 102 64 view .LVU59
 241 001c 9FED1C4A 		vldr.32	s8, .L7+8
  99:ReactivePedal.cpp ****     out.peak             = 0.8f  * out.peak + 0.2f  * in.peak;
 242              		.loc 1 99 52 view .LVU60
 243 0020 65EE855A 		vmul.f32	s11, s11, s10
 244              		.loc 1 103 61 view .LVU61
 245 0024 DFED1B4A 		vldr.32	s9, .L7+12
 100:ReactivePedal.cpp ****     out.zcr              = 0.85f * out.zcr + 0.15f * in.zcr;
 246              		.loc 1 100 53 view .LVU62
 247 0028 26EE056A 		vmul.f32	s12, s12, s10
 101:ReactivePedal.cpp ****     out.spectralCentroid = 0.9f  * out.spectralCentroid + 0.1f * in.spectralCentroid;
 248              		.loc 1 101 52 view .LVU63
 249 002c 66EEA36A 		vmul.f32	s13, s13, s7
  99:ReactivePedal.cpp ****     out.peak             = 0.8f  * out.peak + 0.2f  * in.peak;
 250              		.loc 1 99 26 view .LVU64
 251 0030 91ED001A 		vldr.32	s2, [r1]
 102:ReactivePedal.cpp ****     out.spectralFlux     = 0.95f * out.spectralFlux + 0.05f * in.spectralFlux;
 252              		.loc 1 102 64 view .LVU65
ARM GAS  /var/folders/6_/psd2b8g56p7696hhrr4ztjs00000gn/T//ccnMmAev.s 			page 25


 253 0034 27EE047A 		vmul.f32	s14, s14, s8
  99:ReactivePedal.cpp ****     out.peak             = 0.8f  * out.peak + 0.2f  * in.peak;
 254              		.loc 1 99 26 view .LVU66
 255 0038 9FED175A 		vldr.32	s10, .L7+16
 256              		.loc 1 103 61 view .LVU67
 257 003c 67EEA47A 		vmul.f32	s15, s15, s9
 100:ReactivePedal.cpp ****     out.zcr              = 0.85f * out.zcr + 0.15f * in.zcr;
 258              		.loc 1 100 26 view .LVU68
 259 0040 D1ED011A 		vldr.32	s3, [r1, #4]
 101:ReactivePedal.cpp ****     out.spectralCentroid = 0.9f  * out.spectralCentroid + 0.1f * in.spectralCentroid;
 260              		.loc 1 101 26 view .LVU69
 261 0044 91ED022A 		vldr.32	s4, [r1, #8]
  99:ReactivePedal.cpp ****     out.peak             = 0.8f  * out.peak + 0.2f  * in.peak;
 262              		.loc 1 99 26 view .LVU70
 263 0048 E1EE055A 		vfma.f32	s11, s2, s10
 102:ReactivePedal.cpp ****     out.spectralFlux     = 0.95f * out.spectralFlux + 0.05f * in.spectralFlux;
 264              		.loc 1 102 26 view .LVU71
 265 004c 91ED033A 		vldr.32	s6, [r1, #12]
 100:ReactivePedal.cpp ****     out.zcr              = 0.85f * out.zcr + 0.15f * in.zcr;
 266              		.loc 1 100 26 view .LVU72
 267 0050 A1EE856A 		vfma.f32	s12, s3, s10
 268              		.loc 1 103 26 view .LVU73
 269 0054 91ED044A 		vldr.32	s8, [r1, #16]
 101:ReactivePedal.cpp ****     out.spectralCentroid = 0.9f  * out.spectralCentroid + 0.1f * in.spectralCentroid;
 270              		.loc 1 101 26 view .LVU74
 271 0058 DFED102A 		vldr.32	s5, .L7+20
 102:ReactivePedal.cpp ****     out.spectralFlux     = 0.95f * out.spectralFlux + 0.05f * in.spectralFlux;
 272              		.loc 1 102 26 view .LVU75
 273 005c DFED103A 		vldr.32	s7, .L7+24
 274              		.loc 1 103 26 view .LVU76
 275 0060 DFED104A 		vldr.32	s9, .L7+28
 101:ReactivePedal.cpp ****     out.spectralCentroid = 0.9f  * out.spectralCentroid + 0.1f * in.spectralCentroid;
 276              		.loc 1 101 26 view .LVU77
 277 0064 E2EE226A 		vfma.f32	s13, s4, s5
 102:ReactivePedal.cpp ****     out.spectralFlux     = 0.95f * out.spectralFlux + 0.05f * in.spectralFlux;
 278              		.loc 1 102 26 view .LVU78
 279 0068 A3EE237A 		vfma.f32	s14, s6, s7
  99:ReactivePedal.cpp ****     out.peak             = 0.8f  * out.peak + 0.2f  * in.peak;
 280              		.loc 1 99 26 view .LVU79
 281 006c C1ED005A 		vstr.32	s11, [r1]
 100:ReactivePedal.cpp ****     out.zcr              = 0.85f * out.zcr + 0.15f * in.zcr;
 282              		.loc 1 100 5 is_stmt 1 view .LVU80
 283              		.loc 1 103 26 is_stmt 0 view .LVU81
 284 0070 E4EE247A 		vfma.f32	s15, s8, s9
 100:ReactivePedal.cpp ****     out.zcr              = 0.85f * out.zcr + 0.15f * in.zcr;
 285              		.loc 1 100 26 view .LVU82
 286 0074 81ED016A 		vstr.32	s12, [r1, #4]
 101:ReactivePedal.cpp ****     out.spectralCentroid = 0.9f  * out.spectralCentroid + 0.1f * in.spectralCentroid;
 287              		.loc 1 101 5 is_stmt 1 view .LVU83
 101:ReactivePedal.cpp ****     out.spectralCentroid = 0.9f  * out.spectralCentroid + 0.1f * in.spectralCentroid;
 288              		.loc 1 101 26 is_stmt 0 view .LVU84
 289 0078 C1ED026A 		vstr.32	s13, [r1, #8]
 102:ReactivePedal.cpp ****     out.spectralFlux     = 0.95f * out.spectralFlux + 0.05f * in.spectralFlux;
 290              		.loc 1 102 5 is_stmt 1 view .LVU85
 102:ReactivePedal.cpp ****     out.spectralFlux     = 0.95f * out.spectralFlux + 0.05f * in.spectralFlux;
 291              		.loc 1 102 26 is_stmt 0 view .LVU86
 292 007c 81ED037A 		vstr.32	s14, [r1, #12]
ARM GAS  /var/folders/6_/psd2b8g56p7696hhrr4ztjs00000gn/T//ccnMmAev.s 			page 26


 293              		.loc 1 103 5 is_stmt 1 view .LVU87
 294              		.loc 1 103 26 is_stmt 0 view .LVU88
 295 0080 C1ED047A 		vstr.32	s15, [r1, #16]
 104:ReactivePedal.cpp **** }
 296              		.loc 1 104 1 view .LVU89
 297 0084 7047     		bx	lr
 298              	.L8:
 299 0086 00BF     		.align	2
 300              	.L7:
 301 0088 CDCC4C3E 		.word	1045220557
 302 008c 9A99193E 		.word	1041865114
 303 0090 CDCCCC3D 		.word	1036831949
 304 0094 CDCC4C3D 		.word	1028443341
 305 0098 CDCC4C3F 		.word	1061997773
 306 009c 9A99593F 		.word	1062836634
 307 00a0 6666663F 		.word	1063675494
 308 00a4 3333733F 		.word	1064514355
 309              		.cfi_endproc
 310              	.LFE4704:
 312              		.section	.text._Z10MySoftClipf,"ax",%progbits
 313              		.align	1
 314              		.p2align 2,,3
 315              		.global	_Z10MySoftClipf
 316              		.syntax unified
 317              		.thumb
 318              		.thumb_func
 320              	_Z10MySoftClipf:
 321              	.LVL6:
 322              	.LFB4705:
 105:ReactivePedal.cpp **** 
 106:ReactivePedal.cpp **** float MySoftClip(float x){
 323              		.loc 1 106 26 is_stmt 1 view -0
 324              		.cfi_startproc
 325              		@ args = 0, pretend = 0, frame = 0
 326              		@ frame_needed = 0, uses_anonymous_args = 0
 327              		@ link register save eliminated.
 107:ReactivePedal.cpp ****     return x / (1.0f + fabsf(x));
 328              		.loc 1 107 5 view .LVU91
 329              		.loc 1 107 22 is_stmt 0 view .LVU92
 330 0000 B7EE007A 		vmov.f32	s14, #1.0e+0
 331              		.loc 1 107 29 view .LVU93
 332 0004 F0EEC07A 		vabs.f32	s15, s0
 333              		.loc 1 107 22 view .LVU94
 334 0008 77EE877A 		vadd.f32	s15, s15, s14
 108:ReactivePedal.cpp **** }
 335              		.loc 1 108 1 view .LVU95
 336 000c 80EE270A 		vdiv.f32	s0, s0, s15
 337              	.LVL7:
 338              		.loc 1 108 1 view .LVU96
 339 0010 7047     		bx	lr
 340              		.cfi_endproc
 341              	.LFE4705:
 343 0012 00BF     		.section	.text._Z8HardClipff,"ax",%progbits
 344              		.align	1
 345              		.p2align 2,,3
 346              		.global	_Z8HardClipff
 347              		.syntax unified
ARM GAS  /var/folders/6_/psd2b8g56p7696hhrr4ztjs00000gn/T//ccnMmAev.s 			page 27


 348              		.thumb
 349              		.thumb_func
 351              	_Z8HardClipff:
 352              	.LVL8:
 353              	.LFB4706:
 109:ReactivePedal.cpp **** 
 110:ReactivePedal.cpp **** float HardClip(float x, float threshold){
 354              		.loc 1 110 41 is_stmt 1 view -0
 355              		.cfi_startproc
 356              		@ args = 0, pretend = 0, frame = 0
 357              		@ frame_needed = 0, uses_anonymous_args = 0
 358              		@ link register save eliminated.
 111:ReactivePedal.cpp ****     return Clamp(x, -threshold, threshold);
 359              		.loc 1 111 5 view .LVU98
 360              		.loc 1 111 17 is_stmt 0 view .LVU99
 361 0000 F1EE607A 		vneg.f32	s15, s1
 362              	.LVL9:
 363              	.LBB288:
 364              	.LBI288:
  87:ReactivePedal.cpp ****     if(x < lo){
 365              		.loc 1 87 7 is_stmt 1 view .LVU100
 366              	.LBB289:
  88:ReactivePedal.cpp ****         return lo;
 367              		.loc 1 88 5 view .LVU101
 368 0004 F4EEC07A 		vcmpe.f32	s15, s0
 369 0008 F1EE10FA 		vmrs	APSR_nzcv, FPSCR
 370 000c 05DC     		bgt	.L10
  91:ReactivePedal.cpp ****         return hi;
 371              		.loc 1 91 5 view .LVU102
 372 000e B4EEE00A 		vcmpe.f32	s0, s1
 373 0012 F1EE10FA 		vmrs	APSR_nzcv, FPSCR
 374 0016 70FE807A 		vselgt.f32	s15, s1, s0
 375              	.LVL10:
 376              	.L10:
  91:ReactivePedal.cpp ****         return hi;
 377              		.loc 1 91 5 is_stmt 0 view .LVU103
 378              	.LBE289:
 379              	.LBE288:
 112:ReactivePedal.cpp **** }
 380              		.loc 1 112 1 view .LVU104
 381 001a B0EE670A 		vmov.f32	s0, s15
 382              	.LVL11:
 383              		.loc 1 112 1 view .LVU105
 384 001e 7047     		bx	lr
 385              		.cfi_endproc
 386              	.LFE4706:
 388              		.section	.text._Z8AsymClipf,"ax",%progbits
 389              		.align	1
 390              		.p2align 2,,3
 391              		.global	_Z8AsymClipf
 392              		.syntax unified
 393              		.thumb
 394              		.thumb_func
 396              	_Z8AsymClipf:
 397              	.LVL12:
 398              	.LFB4707:
 113:ReactivePedal.cpp **** 
ARM GAS  /var/folders/6_/psd2b8g56p7696hhrr4ztjs00000gn/T//ccnMmAev.s 			page 28


 114:ReactivePedal.cpp **** float AsymClip(float x){
 399              		.loc 1 114 24 is_stmt 1 view -0
 400              		.cfi_startproc
 401              		@ args = 0, pretend = 0, frame = 0
 402              		@ frame_needed = 0, uses_anonymous_args = 0
 403              		@ link register save eliminated.
 115:ReactivePedal.cpp ****     if(x >= 0.0f){
 404              		.loc 1 115 5 view .LVU107
 405 0000 B5EEC00A 		vcmpe.f32	s0, #0
 406 0004 F1EE10FA 		vmrs	APSR_nzcv, FPSCR
 407 0008 05DA     		bge	.L18
 116:ReactivePedal.cpp ****         return tanhf(2.5f * x);
 117:ReactivePedal.cpp ****     }
 118:ReactivePedal.cpp ****     return tanhf(1.5f * x);
 408              		.loc 1 118 5 view .LVU108
 409              		.loc 1 118 17 is_stmt 0 view .LVU109
 410 000a F7EE087A 		vmov.f32	s15, #1.5e+0
 411 000e 20EE270A 		vmul.f32	s0, s0, s15
 412              	.LVL13:
 413              		.loc 1 118 17 view .LVU110
 414 0012 FFF7FEBF 		b	tanhf
 415              	.LVL14:
 416              	.L18:
 116:ReactivePedal.cpp ****         return tanhf(2.5f * x);
 417              		.loc 1 116 9 is_stmt 1 view .LVU111
 116:ReactivePedal.cpp ****         return tanhf(2.5f * x);
 418              		.loc 1 116 21 is_stmt 0 view .LVU112
 419 0016 F0EE047A 		vmov.f32	s15, #2.5e+0
 420 001a 20EE270A 		vmul.f32	s0, s0, s15
 421              	.LVL15:
 116:ReactivePedal.cpp ****         return tanhf(2.5f * x);
 422              		.loc 1 116 21 view .LVU113
 423 001e FFF7FEBF 		b	tanhf
 424              	.LVL16:
 425              		.cfi_endproc
 426              	.LFE4707:
 428 0022 00BF     		.section	.text._Z8FuzzClipf,"ax",%progbits
 429              		.align	1
 430              		.p2align 2,,3
 431              		.global	_Z8FuzzClipf
 432              		.syntax unified
 433              		.thumb
 434              		.thumb_func
 436              	_Z8FuzzClipf:
 437              	.LVL17:
 438              	.LFB4708:
 119:ReactivePedal.cpp **** }
 120:ReactivePedal.cpp **** 
 121:ReactivePedal.cpp **** float FuzzClip(float x){
 439              		.loc 1 121 24 is_stmt 1 view -0
 440              		.cfi_startproc
 441              		@ args = 0, pretend = 0, frame = 0
 442              		@ frame_needed = 0, uses_anonymous_args = 0
 443              		@ link register save eliminated.
 122:ReactivePedal.cpp **** 
 123:ReactivePedal.cpp ****     float x3 = x * x * x;
 444              		.loc 1 123 5 view .LVU115
ARM GAS  /var/folders/6_/psd2b8g56p7696hhrr4ztjs00000gn/T//ccnMmAev.s 			page 29


 124:ReactivePedal.cpp ****     return tanhf(3.0f * x3);
 445              		.loc 1 124 5 view .LVU116
 123:ReactivePedal.cpp ****     return tanhf(3.0f * x3);
 446              		.loc 1 123 18 is_stmt 0 view .LVU117
 447 0000 60EE007A 		vmul.f32	s15, s0, s0
 448              		.loc 1 124 17 view .LVU118
 449 0004 B0EE087A 		vmov.f32	s14, #3.0e+0
 123:ReactivePedal.cpp ****     return tanhf(3.0f * x3);
 450              		.loc 1 123 11 view .LVU119
 451 0008 27EE800A 		vmul.f32	s0, s15, s0
 452              	.LVL18:
 453              		.loc 1 124 17 view .LVU120
 454 000c 20EE070A 		vmul.f32	s0, s0, s14
 455              	.LVL19:
 456              		.loc 1 124 17 view .LVU121
 457 0010 FFF7FEBF 		b	tanhf
 458              	.LVL20:
 459              		.cfi_endproc
 460              	.LFE4708:
 462              		.section	.text._Z12ApplyClipperf8ClipModef,"ax",%progbits
 463              		.align	1
 464              		.p2align 2,,3
 465              		.global	_Z12ApplyClipperf8ClipModef
 466              		.syntax unified
 467              		.thumb
 468              		.thumb_func
 470              	_Z12ApplyClipperf8ClipModef:
 471              	.LVL21:
 472              	.LFB4709:
 125:ReactivePedal.cpp **** }
 126:ReactivePedal.cpp **** 
 127:ReactivePedal.cpp **** float ApplyClipper(float x, ClipMode mode, float threshold){
 473              		.loc 1 127 60 is_stmt 1 view -0
 474              		.cfi_startproc
 475              		@ args = 0, pretend = 0, frame = 0
 476              		@ frame_needed = 0, uses_anonymous_args = 0
 477              		@ link register save eliminated.
 128:ReactivePedal.cpp **** 
 129:ReactivePedal.cpp ****     switch(mode){
 478              		.loc 1 129 5 view .LVU123
 479 0000 0138     		subs	r0, r0, #1
 480              	.LVL22:
 481              		.loc 1 129 5 is_stmt 0 view .LVU124
 482 0002 0328     		cmp	r0, #3
 483 0004 38D8     		bhi	.L30
 484 0006 DFE800F0 		tbb	[pc, r0]
 485              	.L23:
 486 000a 27       		.byte	(.L26-.L23)/2
 487 000b 17       		.byte	(.L25-.L23)/2
 488 000c 0C       		.byte	(.L24-.L23)/2
 489 000d 02       		.byte	(.L22-.L23)/2
 490              		.p2align 1
 491              	.L22:
 130:ReactivePedal.cpp ****         case CLIP_BYPASS:
 131:ReactivePedal.cpp ****             return x;
 132:ReactivePedal.cpp ****         case CLIP_SOFT:
 133:ReactivePedal.cpp ****             return MySoftClip(x);
ARM GAS  /var/folders/6_/psd2b8g56p7696hhrr4ztjs00000gn/T//ccnMmAev.s 			page 30


 134:ReactivePedal.cpp ****         case CLIP_HARD:
 135:ReactivePedal.cpp ****             return HardClip(x, threshold);
 136:ReactivePedal.cpp ****         case CLIP_ASYM:
 137:ReactivePedal.cpp ****             return AsymClip(x);
 138:ReactivePedal.cpp ****         case CLIP_FUZZ:
 492              		.loc 1 138 9 is_stmt 1 view .LVU125
 139:ReactivePedal.cpp ****             return FuzzClip(x);
 493              		.loc 1 139 13 view .LVU126
 494              	.LVL23:
 495              	.LBB308:
 496              	.LBI308:
 121:ReactivePedal.cpp **** 
 497              		.loc 1 121 7 view .LVU127
 498              	.LBB309:
 123:ReactivePedal.cpp ****     return tanhf(3.0f * x3);
 499              		.loc 1 123 5 view .LVU128
 124:ReactivePedal.cpp **** }
 500              		.loc 1 124 5 view .LVU129
 123:ReactivePedal.cpp ****     return tanhf(3.0f * x3);
 501              		.loc 1 123 18 is_stmt 0 view .LVU130
 502 000e 60EE007A 		vmul.f32	s15, s0, s0
 124:ReactivePedal.cpp **** }
 503              		.loc 1 124 17 view .LVU131
 504 0012 B0EE087A 		vmov.f32	s14, #3.0e+0
 123:ReactivePedal.cpp ****     return tanhf(3.0f * x3);
 505              		.loc 1 123 11 view .LVU132
 506 0016 27EE800A 		vmul.f32	s0, s15, s0
 507              	.LVL24:
 124:ReactivePedal.cpp **** }
 508              		.loc 1 124 17 view .LVU133
 509 001a 20EE070A 		vmul.f32	s0, s0, s14
 510              	.LVL25:
 511              	.L33:
 124:ReactivePedal.cpp **** }
 512              		.loc 1 124 17 view .LVU134
 513 001e FFF7FEBF 		b	tanhf
 514              	.LVL26:
 515              	.L24:
 124:ReactivePedal.cpp **** }
 516              		.loc 1 124 17 view .LVU135
 517              	.LBE309:
 518              	.LBE308:
 136:ReactivePedal.cpp ****             return AsymClip(x);
 519              		.loc 1 136 9 is_stmt 1 view .LVU136
 137:ReactivePedal.cpp ****         case CLIP_FUZZ:
 520              		.loc 1 137 13 view .LVU137
 521              	.LBB311:
 522              	.LBI311:
 114:ReactivePedal.cpp ****     if(x >= 0.0f){
 523              		.loc 1 114 7 view .LVU138
 524              	.LBB312:
 115:ReactivePedal.cpp ****         return tanhf(2.5f * x);
 525              		.loc 1 115 5 view .LVU139
 526 0022 B5EEC00A 		vcmpe.f32	s0, #0
 527 0026 F1EE10FA 		vmrs	APSR_nzcv, FPSCR
 528 002a 20DA     		bge	.L34
 118:ReactivePedal.cpp **** }
ARM GAS  /var/folders/6_/psd2b8g56p7696hhrr4ztjs00000gn/T//ccnMmAev.s 			page 31


 529              		.loc 1 118 5 view .LVU140
 118:ReactivePedal.cpp **** }
 530              		.loc 1 118 17 is_stmt 0 view .LVU141
 531 002c F7EE087A 		vmov.f32	s15, #1.5e+0
 532 0030 20EE270A 		vmul.f32	s0, s0, s15
 533              	.LVL27:
 118:ReactivePedal.cpp **** }
 534              		.loc 1 118 17 view .LVU142
 535              	.LBE312:
 536              	.LBE311:
 537              	.LBB314:
 538              	.LBB310:
 124:ReactivePedal.cpp **** }
 539              		.loc 1 124 17 view .LVU143
 540 0034 FFF7FEBF 		b	tanhf
 541              	.LVL28:
 542              	.L25:
 124:ReactivePedal.cpp **** }
 543              		.loc 1 124 17 view .LVU144
 544              	.LBE310:
 545              	.LBE314:
 134:ReactivePedal.cpp ****             return HardClip(x, threshold);
 546              		.loc 1 134 9 is_stmt 1 view .LVU145
 135:ReactivePedal.cpp ****         case CLIP_ASYM:
 547              		.loc 1 135 13 view .LVU146
 548              	.LBB315:
 549              	.LBI315:
 110:ReactivePedal.cpp ****     return Clamp(x, -threshold, threshold);
 550              		.loc 1 110 7 view .LVU147
 551              	.LBB316:
 111:ReactivePedal.cpp **** }
 552              		.loc 1 111 5 view .LVU148
 111:ReactivePedal.cpp **** }
 553              		.loc 1 111 17 is_stmt 0 view .LVU149
 554 0038 F1EE607A 		vneg.f32	s15, s1
 555              	.LVL29:
 556              	.LBB317:
 557              	.LBI317:
  87:ReactivePedal.cpp ****     if(x < lo){
 558              		.loc 1 87 7 is_stmt 1 view .LVU150
 559              	.LBB318:
  88:ReactivePedal.cpp ****         return lo;
 560              		.loc 1 88 5 view .LVU151
 561 003c B4EEE70A 		vcmpe.f32	s0, s15
 562 0040 F1EE10FA 		vmrs	APSR_nzcv, FPSCR
 563 0044 10D4     		bmi	.L20
  91:ReactivePedal.cpp ****         return hi;
 564              		.loc 1 91 5 view .LVU152
 565 0046 B4EEE00A 		vcmpe.f32	s0, s1
 566 004a F1EE10FA 		vmrs	APSR_nzcv, FPSCR
 567 004e 70FE807A 		vselgt.f32	s15, s1, s0
 568              	.LVL30:
  91:ReactivePedal.cpp ****         return hi;
 569              		.loc 1 91 5 is_stmt 0 view .LVU153
 570              	.LBE318:
 571              	.LBE317:
 572              	.LBE316:
ARM GAS  /var/folders/6_/psd2b8g56p7696hhrr4ztjs00000gn/T//ccnMmAev.s 			page 32


 573              	.LBE315:
 140:ReactivePedal.cpp ****         default:
 141:ReactivePedal.cpp ****             return x;
 142:ReactivePedal.cpp ****     }
 143:ReactivePedal.cpp **** }
 574              		.loc 1 143 1 view .LVU154
 575 0052 B0EE670A 		vmov.f32	s0, s15
 576              	.LVL31:
 577              		.loc 1 143 1 view .LVU155
 578 0056 7047     		bx	lr
 579              	.LVL32:
 580              	.L26:
 132:ReactivePedal.cpp ****             return MySoftClip(x);
 581              		.loc 1 132 9 is_stmt 1 view .LVU156
 133:ReactivePedal.cpp ****         case CLIP_HARD:
 582              		.loc 1 133 13 view .LVU157
 583              	.LBB319:
 584              	.LBI319:
 106:ReactivePedal.cpp ****     return x / (1.0f + fabsf(x));
 585              		.loc 1 106 7 view .LVU158
 586              	.LBB320:
 107:ReactivePedal.cpp **** }
 587              		.loc 1 107 5 view .LVU159
 107:ReactivePedal.cpp **** }
 588              		.loc 1 107 22 is_stmt 0 view .LVU160
 589 0058 F7EE007A 		vmov.f32	s15, #1.0e+0
 107:ReactivePedal.cpp **** }
 590              		.loc 1 107 29 view .LVU161
 591 005c B0EEC07A 		vabs.f32	s14, s0
 107:ReactivePedal.cpp **** }
 592              		.loc 1 107 22 view .LVU162
 593 0060 37EE277A 		vadd.f32	s14, s14, s15
 107:ReactivePedal.cpp **** }
 594              		.loc 1 107 32 view .LVU163
 595 0064 C0EE077A 		vdiv.f32	s15, s0, s14
 596              	.LVL33:
 597              	.L20:
 107:ReactivePedal.cpp **** }
 598              		.loc 1 107 32 view .LVU164
 599              	.LBE320:
 600              	.LBE319:
 601              		.loc 1 143 1 view .LVU165
 602 0068 B0EE670A 		vmov.f32	s0, s15
 603              	.LVL34:
 604              		.loc 1 143 1 view .LVU166
 605 006c 7047     		bx	lr
 606              	.LVL35:
 607              	.L34:
 608              	.LBB321:
 609              	.LBB313:
 116:ReactivePedal.cpp ****     }
 610              		.loc 1 116 9 is_stmt 1 view .LVU167
 116:ReactivePedal.cpp ****     }
 611              		.loc 1 116 21 is_stmt 0 view .LVU168
 612 006e F0EE047A 		vmov.f32	s15, #2.5e+0
 613 0072 20EE270A 		vmul.f32	s0, s0, s15
 614              	.LVL36:
ARM GAS  /var/folders/6_/psd2b8g56p7696hhrr4ztjs00000gn/T//ccnMmAev.s 			page 33


 116:ReactivePedal.cpp ****     }
 615              		.loc 1 116 30 view .LVU169
 616 0076 D2E7     		b	.L33
 617              	.LVL37:
 618              	.L30:
 116:ReactivePedal.cpp ****     }
 619              		.loc 1 116 30 view .LVU170
 620              	.LBE313:
 621              	.LBE321:
 129:ReactivePedal.cpp ****         case CLIP_BYPASS:
 622              		.loc 1 129 5 view .LVU171
 623 0078 F0EE407A 		vmov.f32	s15, s0
 624 007c F4E7     		b	.L20
 625              		.cfi_endproc
 626              	.LFE4709:
 628 007e 00BF     		.section	.text._Z13SetTonePresetRK10TonePreset,"ax",%progbits
 629              		.align	1
 630              		.p2align 2,,3
 631              		.global	_Z13SetTonePresetRK10TonePreset
 632              		.syntax unified
 633              		.thumb
 634              		.thumb_func
 636              	_Z13SetTonePresetRK10TonePreset:
 637              	.LVL38:
 638              	.LFB4710:
 144:ReactivePedal.cpp **** 
 145:ReactivePedal.cpp **** void SetTonePreset(const TonePreset& preset){
 639              		.loc 1 145 45 is_stmt 1 view -0
 640              		.cfi_startproc
 641              		@ args = 0, pretend = 0, frame = 0
 642              		@ frame_needed = 0, uses_anonymous_args = 0
 146:ReactivePedal.cpp ****     targetPreamp = preset.preamp;
 643              		.loc 1 146 5 view .LVU173
 644              		.loc 1 146 18 is_stmt 0 view .LVU174
 645 0000 0E4A     		ldr	r2, .L37
 646 0002 D0F804C0 		ldr	ip, [r0, #4]	@ float
 147:ReactivePedal.cpp ****     targetDrive = preset.drive;
 647              		.loc 1 147 17 view .LVU175
 648 0006 0E4B     		ldr	r3, .L37+4
 148:ReactivePedal.cpp ****     targetTone = preset.tone;
 649              		.loc 1 148 16 view .LVU176
 650 0008 0E49     		ldr	r1, .L37+8
 145:ReactivePedal.cpp ****     targetPreamp = preset.preamp;
 651              		.loc 1 145 45 view .LVU177
 652 000a 00B5     		push	{lr}
 653              		.cfi_def_cfa_offset 4
 654              		.cfi_offset 14, -4
 146:ReactivePedal.cpp ****     targetDrive = preset.drive;
 655              		.loc 1 146 18 view .LVU178
 656 000c C2F800C0 		str	ip, [r2]	@ float
 147:ReactivePedal.cpp ****     targetTone = preset.tone;
 657              		.loc 1 147 5 is_stmt 1 view .LVU179
 147:ReactivePedal.cpp ****     targetTone = preset.tone;
 658              		.loc 1 147 17 is_stmt 0 view .LVU180
 659 0010 8268     		ldr	r2, [r0, #8]	@ float
 660              		.loc 1 148 16 view .LVU181
 661 0012 D0F80CC0 		ldr	ip, [r0, #12]	@ float
ARM GAS  /var/folders/6_/psd2b8g56p7696hhrr4ztjs00000gn/T//ccnMmAev.s 			page 34


 147:ReactivePedal.cpp ****     targetTone = preset.tone;
 662              		.loc 1 147 17 view .LVU182
 663 0016 1A60     		str	r2, [r3]	@ float
 664              		.loc 1 148 5 is_stmt 1 view .LVU183
 149:ReactivePedal.cpp ****     targetMix = preset.mix;
 665              		.loc 1 149 15 is_stmt 0 view .LVU184
 666 0018 0B4B     		ldr	r3, .L37+12
 667 001a 0269     		ldr	r2, [r0, #16]	@ float
 148:ReactivePedal.cpp ****     targetMix = preset.mix;
 668              		.loc 1 148 16 view .LVU185
 669 001c C1F800C0 		str	ip, [r1]	@ float
 670              		.loc 1 149 5 is_stmt 1 view .LVU186
 671              		.loc 1 149 15 is_stmt 0 view .LVU187
 672 0020 1A60     		str	r2, [r3]	@ float
 150:ReactivePedal.cpp ****     targetLevel = preset.level;
 673              		.loc 1 150 5 is_stmt 1 view .LVU188
 151:ReactivePedal.cpp ****     targetClipThreshold = preset.clipThreshold;
 674              		.loc 1 151 25 is_stmt 0 view .LVU189
 675 0022 8169     		ldr	r1, [r0, #24]	@ float
 676 0024 094B     		ldr	r3, .L37+16
 150:ReactivePedal.cpp ****     targetLevel = preset.level;
 677              		.loc 1 150 17 view .LVU190
 678 0026 DFF82CC0 		ldr	ip, .L37+24
 679              		.loc 1 151 25 view .LVU191
 680 002a 1960     		str	r1, [r3]	@ float
 150:ReactivePedal.cpp ****     targetLevel = preset.level;
 681              		.loc 1 150 17 view .LVU192
 682 002c D0F814E0 		ldr	lr, [r0, #20]	@ float
 152:ReactivePedal.cpp ****     currentClipMode = preset.clipMode;
 683              		.loc 1 152 21 view .LVU193
 684 0030 027F     		ldrb	r2, [r0, #28]	@ zero_extendqisi2
 685 0032 074B     		ldr	r3, .L37+20
 150:ReactivePedal.cpp ****     targetLevel = preset.level;
 686              		.loc 1 150 17 view .LVU194
 687 0034 CCF800E0 		str	lr, [ip]	@ float
 151:ReactivePedal.cpp ****     targetClipThreshold = preset.clipThreshold;
 688              		.loc 1 151 5 is_stmt 1 view .LVU195
 689              		.loc 1 152 5 view .LVU196
 690              		.loc 1 152 21 is_stmt 0 view .LVU197
 691 0038 1A70     		strb	r2, [r3]
 153:ReactivePedal.cpp **** }
 692              		.loc 1 153 1 view .LVU198
 693 003a 00BD     		pop	{pc}
 694              	.L38:
 695              		.align	2
 696              	.L37:
 697 003c 00000000 		.word	targetPreamp
 698 0040 00000000 		.word	targetDrive
 699 0044 00000000 		.word	targetTone
 700 0048 00000000 		.word	targetMix
 701 004c 00000000 		.word	targetClipThreshold
 702 0050 00000000 		.word	currentClipMode
 703 0054 00000000 		.word	targetLevel
 704              		.cfi_endproc
 705              	.LFE4710:
 707              		.section	.text._Z11ProcessTonef,"ax",%progbits
 708              		.align	1
ARM GAS  /var/folders/6_/psd2b8g56p7696hhrr4ztjs00000gn/T//ccnMmAev.s 			page 35


 709              		.p2align 2,,3
 710              		.global	_Z11ProcessTonef
 711              		.syntax unified
 712              		.thumb
 713              		.thumb_func
 715              	_Z11ProcessTonef:
 716              	.LVL39:
 717              	.LFB4711:
 154:ReactivePedal.cpp **** 
 155:ReactivePedal.cpp **** float ProcessTone(float x)
 156:ReactivePedal.cpp **** {
 718              		.loc 1 156 1 is_stmt 1 view -0
 719              		.cfi_startproc
 720              		@ args = 0, pretend = 0, frame = 8
 721              		@ frame_needed = 0, uses_anonymous_args = 0
 157:ReactivePedal.cpp ****     float pre = x * smoothedPreamp; //pre amp stage, boost of reduce raw guitar signal 
 722              		.loc 1 157 5 view .LVU200
 723              		.loc 1 157 21 is_stmt 0 view .LVU201
 724 0000 3D49     		ldr	r1, .L54
 156:ReactivePedal.cpp ****     float pre = x * smoothedPreamp; //pre amp stage, boost of reduce raw guitar signal 
 725              		.loc 1 156 1 view .LVU202
 726 0002 F0EE406A 		vmov.f32	s13, s0
 158:ReactivePedal.cpp ****     float drive = pre * smoothedDrive; //drive stage
 159:ReactivePedal.cpp ****     float wet = ApplyClipper(drive, currentClipMode, smoothedClipThreshold); //change waveform
 727              		.loc 1 159 29 view .LVU203
 728 0006 3D4B     		ldr	r3, .L54+4
 157:ReactivePedal.cpp ****     float drive = pre * smoothedDrive; //drive stage
 729              		.loc 1 157 21 view .LVU204
 730 0008 D1ED007A 		vldr.32	s15, [r1]
 731              	.LVL40:
 158:ReactivePedal.cpp ****     float drive = pre * smoothedDrive; //drive stage
 732              		.loc 1 158 5 is_stmt 1 view .LVU205
 158:ReactivePedal.cpp ****     float drive = pre * smoothedDrive; //drive stage
 733              		.loc 1 158 25 is_stmt 0 view .LVU206
 734 000c 3C4A     		ldr	r2, .L54+8
 735              	.LBB334:
 736              	.LBB335:
 129:ReactivePedal.cpp ****         case CLIP_BYPASS:
 737              		.loc 1 129 5 view .LVU207
 738 000e 1B78     		ldrb	r3, [r3]	@ zero_extendqisi2
 739              	.LBE335:
 740              	.LBE334:
 157:ReactivePedal.cpp ****     float drive = pre * smoothedDrive; //drive stage
 741              		.loc 1 157 21 view .LVU208
 742 0010 67EE807A 		vmul.f32	s15, s15, s0
 743              	.LVL41:
 158:ReactivePedal.cpp ****     float drive = pre * smoothedDrive; //drive stage
 744              		.loc 1 158 25 view .LVU209
 745 0014 92ED007A 		vldr.32	s14, [r2]
 746              	.LBB352:
 747              	.LBB348:
 129:ReactivePedal.cpp ****         case CLIP_BYPASS:
 748              		.loc 1 129 5 view .LVU210
 749 0018 013B     		subs	r3, r3, #1
 750              	.LBE348:
 751              	.LBE352:
 752              		.loc 1 159 29 view .LVU211
ARM GAS  /var/folders/6_/psd2b8g56p7696hhrr4ztjs00000gn/T//ccnMmAev.s 			page 36


 753 001a 3A4A     		ldr	r2, .L54+12
 158:ReactivePedal.cpp ****     float drive = pre * smoothedDrive; //drive stage
 754              		.loc 1 158 25 view .LVU212
 755 001c 67EE877A 		vmul.f32	s15, s15, s14
 756              	.LVL42:
 757              		.loc 1 159 5 is_stmt 1 view .LVU213
 758              		.loc 1 159 29 is_stmt 0 view .LVU214
 759 0020 D2ED005A 		vldr.32	s11, [r2]
 760              	.LVL43:
 761              	.LBB353:
 762              	.LBI334:
 127:ReactivePedal.cpp **** 
 763              		.loc 1 127 7 is_stmt 1 view .LVU215
 764              	.LBB349:
 129:ReactivePedal.cpp ****         case CLIP_BYPASS:
 765              		.loc 1 129 5 view .LVU216
 766              	.LBE349:
 767              	.LBE353:
 156:ReactivePedal.cpp ****     float pre = x * smoothedPreamp; //pre amp stage, boost of reduce raw guitar signal 
 768              		.loc 1 156 1 is_stmt 0 view .LVU217
 769 0024 00B5     		push	{lr}
 770              		.cfi_def_cfa_offset 4
 771              		.cfi_offset 14, -4
 772 0026 83B0     		sub	sp, sp, #12
 773              		.cfi_def_cfa_offset 16
 774              	.LBB354:
 775              	.LBB350:
 129:ReactivePedal.cpp ****         case CLIP_BYPASS:
 776              		.loc 1 129 5 view .LVU218
 777 0028 032B     		cmp	r3, #3
 778 002a 61D8     		bhi	.L49
 779 002c DFE803F0 		tbb	[pc, r3]
 780              	.L42:
 781 0030 52       		.byte	(.L45-.L42)/2
 782 0031 44       		.byte	(.L44-.L42)/2
 783 0032 32       		.byte	(.L43-.L42)/2
 784 0033 02       		.byte	(.L41-.L42)/2
 785              		.p2align 1
 786              	.L41:
 138:ReactivePedal.cpp ****             return FuzzClip(x);
 787              		.loc 1 138 9 is_stmt 1 view .LVU219
 139:ReactivePedal.cpp ****         default:
 788              		.loc 1 139 13 view .LVU220
 789              	.LVL44:
 790              	.LBB336:
 791              	.LBI336:
 121:ReactivePedal.cpp **** 
 792              		.loc 1 121 7 view .LVU221
 793              	.LBB337:
 123:ReactivePedal.cpp ****     return tanhf(3.0f * x3);
 794              		.loc 1 123 5 view .LVU222
 124:ReactivePedal.cpp **** }
 795              		.loc 1 124 5 view .LVU223
 123:ReactivePedal.cpp ****     return tanhf(3.0f * x3);
 796              		.loc 1 123 18 is_stmt 0 view .LVU224
 797 0034 27EEA77A 		vmul.f32	s14, s15, s15
 798 0038 8DED010A 		vstr.32	s0, [sp, #4]	@ int
ARM GAS  /var/folders/6_/psd2b8g56p7696hhrr4ztjs00000gn/T//ccnMmAev.s 			page 37


 124:ReactivePedal.cpp **** }
 799              		.loc 1 124 17 view .LVU225
 800 003c B0EE080A 		vmov.f32	s0, #3.0e+0
 801              	.LVL45:
 123:ReactivePedal.cpp ****     return tanhf(3.0f * x3);
 802              		.loc 1 123 11 view .LVU226
 803 0040 67EE277A 		vmul.f32	s15, s14, s15
 804              	.LVL46:
 124:ReactivePedal.cpp **** }
 805              		.loc 1 124 17 view .LVU227
 806 0044 27EE800A 		vmul.f32	s0, s15, s0
 807 0048 FFF7FEFF 		bl	tanhf
 808              	.LVL47:
 124:ReactivePedal.cpp **** }
 809              		.loc 1 124 17 view .LVU228
 810 004c B0EE406A 		vmov.f32	s12, s0
 811              	.LVL48:
 124:ReactivePedal.cpp **** }
 812              		.loc 1 124 17 view .LVU229
 813              	.LBE337:
 814              	.LBE336:
 139:ReactivePedal.cpp ****         default:
 815              		.loc 1 139 30 view .LVU230
 816 0050 DDED016A 		vldr.32	s13, [sp, #4]	@ int
 817              	.L40:
 818              	.LVL49:
 139:ReactivePedal.cpp ****         default:
 819              		.loc 1 139 30 view .LVU231
 820              	.LBE350:
 821              	.LBE354:
 160:ReactivePedal.cpp ****     float mixed = (1.0f - smoothedMix) * x + smoothedMix * wet; //blend clean signal back in for cl
 822              		.loc 1 160 5 is_stmt 1 view .LVU232
 823              		.loc 1 160 27 is_stmt 0 view .LVU233
 824 0054 2C4A     		ldr	r2, .L54+16
 825              		.loc 1 160 25 view .LVU234
 826 0056 B7EE007A 		vmov.f32	s14, #1.0e+0
 161:ReactivePedal.cpp **** 
 162:ReactivePedal.cpp ****     toneStateL = toneStateL + smoothedTone * (mixed - toneStateL); //lpf , further signal smoothing
 827              		.loc 1 162 53 view .LVU235
 828 005a 2C4B     		ldr	r3, .L54+20
 160:ReactivePedal.cpp ****     float mixed = (1.0f - smoothedMix) * x + smoothedMix * wet; //blend clean signal back in for cl
 829              		.loc 1 160 27 view .LVU236
 830 005c 92ED005A 		vldr.32	s10, [r2]
 160:ReactivePedal.cpp ****     float mixed = (1.0f - smoothedMix) * x + smoothedMix * wet; //blend clean signal back in for cl
 831              		.loc 1 160 46 view .LVU237
 832 0060 D2ED007A 		vldr.32	s15, [r2]
 833              	.LVL50:
 834              		.loc 1 162 5 is_stmt 1 view .LVU238
 160:ReactivePedal.cpp ****     float mixed = (1.0f - smoothedMix) * x + smoothedMix * wet; //blend clean signal back in for cl
 835              		.loc 1 160 25 is_stmt 0 view .LVU239
 836 0064 37EE457A 		vsub.f32	s14, s14, s10
 837              		.loc 1 162 53 view .LVU240
 838 0068 93ED000A 		vldr.32	s0, [r3]
 160:ReactivePedal.cpp ****     float mixed = (1.0f - smoothedMix) * x + smoothedMix * wet; //blend clean signal back in for cl
 839              		.loc 1 160 58 view .LVU241
 840 006c 67EE867A 		vmul.f32	s15, s15, s12
 841              		.loc 1 162 31 view .LVU242
ARM GAS  /var/folders/6_/psd2b8g56p7696hhrr4ztjs00000gn/T//ccnMmAev.s 			page 38


 842 0070 2749     		ldr	r1, .L54+24
 163:ReactivePedal.cpp **** 
 164:ReactivePedal.cpp ****     float y = toneStateL * smoothedLevel; //final volume contorl
 843              		.loc 1 164 28 view .LVU243
 844 0072 284A     		ldr	r2, .L54+28
 162:ReactivePedal.cpp **** 
 845              		.loc 1 162 31 view .LVU244
 846 0074 D1ED005A 		vldr.32	s11, [r1]
 162:ReactivePedal.cpp **** 
 847              		.loc 1 162 53 view .LVU245
 848 0078 E7EE267A 		vfma.f32	s15, s14, s13
 849              		.loc 1 164 28 view .LVU246
 850 007c 92ED007A 		vldr.32	s14, [r2]
 162:ReactivePedal.cpp **** 
 851              		.loc 1 162 53 view .LVU247
 852 0080 77EEC07A 		vsub.f32	s15, s15, s0
 162:ReactivePedal.cpp **** 
 853              		.loc 1 162 29 view .LVU248
 854 0084 A7EEA50A 		vfma.f32	s0, s15, s11
 162:ReactivePedal.cpp **** 
 855              		.loc 1 162 16 view .LVU249
 856 0088 83ED000A 		vstr.32	s0, [r3]
 857              		.loc 1 164 5 is_stmt 1 view .LVU250
 858              	.LVL51:
 165:ReactivePedal.cpp ****     return y;
 859              		.loc 1 165 5 view .LVU251
 166:ReactivePedal.cpp **** }
 860              		.loc 1 166 1 is_stmt 0 view .LVU252
 861 008c 20EE070A 		vmul.f32	s0, s0, s14
 862              	.LVL52:
 863              		.loc 1 166 1 view .LVU253
 864 0090 03B0     		add	sp, sp, #12
 865              		.cfi_remember_state
 866              		.cfi_def_cfa_offset 4
 867              		@ sp needed
 868 0092 00BD     		pop	{pc}
 869              	.LVL53:
 870              	.L43:
 871              		.cfi_restore_state
 872              	.LBB355:
 873              	.LBB351:
 136:ReactivePedal.cpp ****             return AsymClip(x);
 874              		.loc 1 136 9 is_stmt 1 view .LVU254
 137:ReactivePedal.cpp ****         case CLIP_FUZZ:
 875              		.loc 1 137 13 view .LVU255
 876              	.LBB338:
 877              	.LBI338:
 114:ReactivePedal.cpp ****     if(x >= 0.0f){
 878              		.loc 1 114 7 view .LVU256
 879              	.LBB339:
 115:ReactivePedal.cpp ****         return tanhf(2.5f * x);
 880              		.loc 1 115 5 view .LVU257
 881 0094 F5EEC07A 		vcmpe.f32	s15, #0
 882 0098 F1EE10FA 		vmrs	APSR_nzcv, FPSCR
 883 009c 23DA     		bge	.L53
 118:ReactivePedal.cpp **** }
 884              		.loc 1 118 5 view .LVU258
ARM GAS  /var/folders/6_/psd2b8g56p7696hhrr4ztjs00000gn/T//ccnMmAev.s 			page 39


 118:ReactivePedal.cpp **** }
 885              		.loc 1 118 17 is_stmt 0 view .LVU259
 886 009e B7EE087A 		vmov.f32	s14, #1.5e+0
 887 00a2 27EE870A 		vmul.f32	s0, s15, s14
 888              	.LVL54:
 889              	.L48:
 118:ReactivePedal.cpp **** }
 890              		.loc 1 118 17 view .LVU260
 891 00a6 CDED016A 		vstr.32	s13, [sp, #4]	@ int
 892 00aa FFF7FEFF 		bl	tanhf
 893              	.LVL55:
 118:ReactivePedal.cpp **** }
 894              		.loc 1 118 17 view .LVU261
 895              	.LBE339:
 896              	.LBE338:
 137:ReactivePedal.cpp ****         case CLIP_FUZZ:
 897              		.loc 1 137 30 view .LVU262
 898 00ae DDED016A 		vldr.32	s13, [sp, #4]	@ int
 899 00b2 B0EE406A 		vmov.f32	s12, s0
 900              	.LVL56:
 137:ReactivePedal.cpp ****         case CLIP_FUZZ:
 901              		.loc 1 137 30 view .LVU263
 902 00b6 CDE7     		b	.L40
 903              	.LVL57:
 904              	.L44:
 134:ReactivePedal.cpp ****             return HardClip(x, threshold);
 905              		.loc 1 134 9 is_stmt 1 view .LVU264
 135:ReactivePedal.cpp ****         case CLIP_ASYM:
 906              		.loc 1 135 13 view .LVU265
 907              	.LBB341:
 908              	.LBI341:
 110:ReactivePedal.cpp ****     return Clamp(x, -threshold, threshold);
 909              		.loc 1 110 7 view .LVU266
 910              	.LBB342:
 111:ReactivePedal.cpp **** }
 911              		.loc 1 111 5 view .LVU267
 111:ReactivePedal.cpp **** }
 912              		.loc 1 111 17 is_stmt 0 view .LVU268
 913 00b8 B1EE656A 		vneg.f32	s12, s11
 914              	.LVL58:
 915              	.LBB343:
 916              	.LBI343:
  87:ReactivePedal.cpp ****     if(x < lo){
 917              		.loc 1 87 7 is_stmt 1 view .LVU269
 918              	.LBB344:
  88:ReactivePedal.cpp ****         return lo;
 919              		.loc 1 88 5 view .LVU270
 920 00bc F4EEC67A 		vcmpe.f32	s15, s12
 921 00c0 F1EE10FA 		vmrs	APSR_nzcv, FPSCR
 922 00c4 C6D4     		bmi	.L40
  91:ReactivePedal.cpp ****         return hi;
 923              		.loc 1 91 5 view .LVU271
 924 00c6 F4EEE57A 		vcmpe.f32	s15, s11
 925 00ca F1EE10FA 		vmrs	APSR_nzcv, FPSCR
 926 00ce 35FEA76A 		vselgt.f32	s12, s11, s15
 927              	.LVL59:
  91:ReactivePedal.cpp ****         return hi;
ARM GAS  /var/folders/6_/psd2b8g56p7696hhrr4ztjs00000gn/T//ccnMmAev.s 			page 40


 928              		.loc 1 91 5 is_stmt 0 view .LVU272
 929 00d2 BFE7     		b	.L40
 930              	.LVL60:
 931              	.L45:
  91:ReactivePedal.cpp ****         return hi;
 932              		.loc 1 91 5 view .LVU273
 933              	.LBE344:
 934              	.LBE343:
 935              	.LBE342:
 936              	.LBE341:
 132:ReactivePedal.cpp ****             return MySoftClip(x);
 937              		.loc 1 132 9 is_stmt 1 view .LVU274
 133:ReactivePedal.cpp ****         case CLIP_HARD:
 938              		.loc 1 133 13 view .LVU275
 939              	.LBB345:
 940              	.LBI345:
 106:ReactivePedal.cpp ****     return x / (1.0f + fabsf(x));
 941              		.loc 1 106 7 view .LVU276
 942              	.LBB346:
 107:ReactivePedal.cpp **** }
 943              		.loc 1 107 5 view .LVU277
 107:ReactivePedal.cpp **** }
 944              		.loc 1 107 22 is_stmt 0 view .LVU278
 945 00d4 B7EE006A 		vmov.f32	s12, #1.0e+0
 107:ReactivePedal.cpp **** }
 946              		.loc 1 107 29 view .LVU279
 947 00d8 B0EEE77A 		vabs.f32	s14, s15
 107:ReactivePedal.cpp **** }
 948              		.loc 1 107 22 view .LVU280
 949 00dc 37EE067A 		vadd.f32	s14, s14, s12
 107:ReactivePedal.cpp **** }
 950              		.loc 1 107 32 view .LVU281
 951 00e0 87EE876A 		vdiv.f32	s12, s15, s14
 952              	.LVL61:
 107:ReactivePedal.cpp **** }
 953              		.loc 1 107 32 view .LVU282
 954              	.LBE346:
 955              	.LBE345:
 133:ReactivePedal.cpp ****         case CLIP_HARD:
 956              		.loc 1 133 32 view .LVU283
 957 00e4 B6E7     		b	.L40
 958              	.LVL62:
 959              	.L53:
 960              	.LBB347:
 961              	.LBB340:
 116:ReactivePedal.cpp ****     }
 962              		.loc 1 116 9 is_stmt 1 view .LVU284
 116:ReactivePedal.cpp ****     }
 963              		.loc 1 116 21 is_stmt 0 view .LVU285
 964 00e6 B0EE047A 		vmov.f32	s14, #2.5e+0
 965 00ea 27EE870A 		vmul.f32	s0, s15, s14
 966              	.LVL63:
 116:ReactivePedal.cpp ****     }
 967              		.loc 1 116 30 view .LVU286
 968 00ee DAE7     		b	.L48
 969              	.LVL64:
 970              	.L49:
ARM GAS  /var/folders/6_/psd2b8g56p7696hhrr4ztjs00000gn/T//ccnMmAev.s 			page 41


 116:ReactivePedal.cpp ****     }
 971              		.loc 1 116 30 view .LVU287
 972              	.LBE340:
 973              	.LBE347:
 129:ReactivePedal.cpp ****         case CLIP_BYPASS:
 974              		.loc 1 129 5 view .LVU288
 975 00f0 B0EE676A 		vmov.f32	s12, s15
 976 00f4 AEE7     		b	.L40
 977              	.L55:
 978 00f6 00BF     		.align	2
 979              	.L54:
 980 00f8 00000000 		.word	smoothedPreamp
 981 00fc 00000000 		.word	currentClipMode
 982 0100 00000000 		.word	smoothedDrive
 983 0104 00000000 		.word	smoothedClipThreshold
 984 0108 00000000 		.word	smoothedMix
 985 010c 00000000 		.word	toneStateL
 986 0110 00000000 		.word	smoothedTone
 987 0114 00000000 		.word	smoothedLevel
 988              	.LBE351:
 989              	.LBE355:
 990              		.cfi_endproc
 991              	.LFE4711:
 993              		.section	.text._Z9ReadDelayf,"ax",%progbits
 994              		.align	1
 995              		.p2align 2,,3
 996              		.global	_Z9ReadDelayf
 997              		.syntax unified
 998              		.thumb
 999              		.thumb_func
 1001              	_Z9ReadDelayf:
 1002              	.LVL65:
 1003              	.LFB4712:
 167:ReactivePedal.cpp **** 
 168:ReactivePedal.cpp **** 
 169:ReactivePedal.cpp **** float ReadDelay(float delay)
 170:ReactivePedal.cpp **** {
 1004              		.loc 1 170 1 is_stmt 1 view -0
 1005              		.cfi_startproc
 1006              		@ args = 0, pretend = 0, frame = 0
 1007              		@ frame_needed = 0, uses_anonymous_args = 0
 1008              		@ link register save eliminated.
 171:ReactivePedal.cpp ****     float readPos = (float)writeIndex - delay;
 1009              		.loc 1 171 5 view .LVU290
 1010              		.loc 1 171 21 is_stmt 0 view .LVU291
 1011 0000 214B     		ldr	r3, .L65
 1012 0002 D3ED007A 		vldr.32	s15, [r3]	@ int
 1013 0006 F8EEE77A 		vcvt.f32.s32	s15, s15
 1014              		.loc 1 171 11 view .LVU292
 1015 000a 77EEC07A 		vsub.f32	s15, s15, s0
 172:ReactivePedal.cpp **** 
 173:ReactivePedal.cpp ****     while(readPos < 0.0f)
 1016              		.loc 1 173 5 is_stmt 1 view .LVU293
 1017              	.LVL66:
 1018              		.loc 1 173 19 view .LVU294
 1019 000e F5EEC07A 		vcmpe.f32	s15, #0
 1020 0012 F1EE10FA 		vmrs	APSR_nzcv, FPSCR
ARM GAS  /var/folders/6_/psd2b8g56p7696hhrr4ztjs00000gn/T//ccnMmAev.s 			page 42


 1021 0016 08D5     		bpl	.L57
 1022              	.L59:
 174:ReactivePedal.cpp ****     {
 175:ReactivePedal.cpp ****         readPos += bufferSize;
 1023              		.loc 1 175 9 view .LVU295
 1024              		.loc 1 175 17 is_stmt 0 view .LVU296
 1025 0018 9FED1C7A 		vldr.32	s14, .L65+4
 1026 001c 77EE877A 		vadd.f32	s15, s15, s14
 1027              	.LVL67:
 173:ReactivePedal.cpp ****     {
 1028              		.loc 1 173 19 is_stmt 1 view .LVU297
 1029 0020 F5EEC07A 		vcmpe.f32	s15, #0
 1030 0024 F1EE10FA 		vmrs	APSR_nzcv, FPSCR
 1031 0028 F6D4     		bmi	.L59
 1032              	.L57:
 176:ReactivePedal.cpp ****     }
 177:ReactivePedal.cpp **** 
 178:ReactivePedal.cpp ****     while(readPos >= bufferSize)
 1033              		.loc 1 178 19 view .LVU298
 1034 002a 9FED187A 		vldr.32	s14, .L65+4
 1035 002e F4EEC77A 		vcmpe.f32	s15, s14
 1036 0032 F1EE10FA 		vmrs	APSR_nzcv, FPSCR
 1037 0036 08DB     		blt	.L60
 1038              	.L62:
 179:ReactivePedal.cpp ****     {
 180:ReactivePedal.cpp ****         readPos -= bufferSize;
 1039              		.loc 1 180 9 view .LVU299
 1040              		.loc 1 180 17 is_stmt 0 view .LVU300
 1041 0038 9FED147A 		vldr.32	s14, .L65+4
 1042 003c 77EEC77A 		vsub.f32	s15, s15, s14
 1043              	.LVL68:
 178:ReactivePedal.cpp ****     {
 1044              		.loc 1 178 19 is_stmt 1 view .LVU301
 1045 0040 F4EEC77A 		vcmpe.f32	s15, s14
 1046 0044 F1EE10FA 		vmrs	APSR_nzcv, FPSCR
 1047 0048 F6DA     		bge	.L62
 1048              	.L60:
 181:ReactivePedal.cpp ****     }
 182:ReactivePedal.cpp **** 
 183:ReactivePedal.cpp ****     int index0 = (int)readPos;
 1049              		.loc 1 183 5 view .LVU302
 1050              		.loc 1 183 9 is_stmt 0 view .LVU303
 1051 004a BDEEE77A 		vcvt.s32.f32	s14, s15
 184:ReactivePedal.cpp ****     int index1 = (index0 + 1) % bufferSize;
 185:ReactivePedal.cpp **** 
 186:ReactivePedal.cpp ****     float frac = readPos - (float)index0;
 187:ReactivePedal.cpp **** 
 188:ReactivePedal.cpp ****     float s0 = delayBuffer[index0];
 1052              		.loc 1 188 11 view .LVU304
 1053 004e 1049     		ldr	r1, .L65+8
 183:ReactivePedal.cpp ****     int index1 = (index0 + 1) % bufferSize;
 1054              		.loc 1 183 9 view .LVU305
 1055 0050 17EE102A 		vmov	r2, s14	@ int
 1056              	.LVL69:
 184:ReactivePedal.cpp ****     int index1 = (index0 + 1) % bufferSize;
 1057              		.loc 1 184 5 is_stmt 1 view .LVU306
 186:ReactivePedal.cpp **** 
ARM GAS  /var/folders/6_/psd2b8g56p7696hhrr4ztjs00000gn/T//ccnMmAev.s 			page 43


 1058              		.loc 1 186 5 view .LVU307
 1059              		.loc 1 188 5 view .LVU308
 186:ReactivePedal.cpp **** 
 1060              		.loc 1 186 28 is_stmt 0 view .LVU309
 1061 0054 B8EEC77A 		vcvt.f32.s32	s14, s14
 184:ReactivePedal.cpp ****     int index1 = (index0 + 1) % bufferSize;
 1062              		.loc 1 184 26 view .LVU310
 1063 0058 531C     		adds	r3, r2, #1
 1064              		.loc 1 188 11 view .LVU311
 1065 005a 01EB8200 		add	r0, r1, r2, lsl #2
 186:ReactivePedal.cpp **** 
 1066              		.loc 1 186 11 view .LVU312
 1067 005e 77EEC77A 		vsub.f32	s15, s15, s14
 1068              	.LVL70:
 184:ReactivePedal.cpp ****     int index1 = (index0 + 1) % bufferSize;
 1069              		.loc 1 184 9 view .LVU313
 1070 0062 5A42     		rsbs	r2, r3, #0
 1071              	.LVL71:
 184:ReactivePedal.cpp ****     int index1 = (index0 + 1) % bufferSize;
 1072              		.loc 1 184 9 view .LVU314
 1073 0064 C3F30A03 		ubfx	r3, r3, #0, #11
 1074              	.LVL72:
 1075              		.loc 1 188 11 view .LVU315
 1076 0068 90ED000A 		vldr.32	s0, [r0]
 1077              	.LVL73:
 189:ReactivePedal.cpp ****     float s1 = delayBuffer[index1];
 1078              		.loc 1 189 5 is_stmt 1 view .LVU316
 190:ReactivePedal.cpp **** 
 191:ReactivePedal.cpp ****     return s0 + frac * (s1 - s0);
 1079              		.loc 1 191 5 view .LVU317
 184:ReactivePedal.cpp **** 
 1080              		.loc 1 184 9 is_stmt 0 view .LVU318
 1081 006c C2F30A02 		ubfx	r2, r2, #0, #11
 1082 0070 58BF     		it	pl
 1083 0072 5342     		rsbpl	r3, r2, #0
 189:ReactivePedal.cpp ****     float s1 = delayBuffer[index1];
 1084              		.loc 1 189 11 view .LVU319
 1085 0074 01EB8301 		add	r1, r1, r3, lsl #2
 1086              		.loc 1 191 28 view .LVU320
 1087 0078 91ED007A 		vldr.32	s14, [r1]
 1088 007c 37EE407A 		vsub.f32	s14, s14, s0
 192:ReactivePedal.cpp **** }
 1089              		.loc 1 192 1 view .LVU321
 1090 0080 A7EE270A 		vfma.f32	s0, s14, s15
 1091              	.LVL74:
 1092              		.loc 1 192 1 view .LVU322
 1093 0084 7047     		bx	lr
 1094              	.L66:
 1095 0086 00BF     		.align	2
 1096              	.L65:
 1097 0088 00000000 		.word	writeIndex
 1098 008c 00000045 		.word	1157627904
 1099 0090 00000000 		.word	delayBuffer
 1100              		.cfi_endproc
 1101              	.LFE4712:
 1103              		.section	.text._Z13chorusSamplerPKPKfPPfj,"ax",%progbits
 1104              		.align	1
ARM GAS  /var/folders/6_/psd2b8g56p7696hhrr4ztjs00000gn/T//ccnMmAev.s 			page 44


 1105              		.p2align 2,,3
 1106              		.global	_Z13chorusSamplerPKPKfPPfj
 1107              		.syntax unified
 1108              		.thumb
 1109              		.thumb_func
 1111              	_Z13chorusSamplerPKPKfPPfj:
 1112              	.LVL75:
 1113              	.LFB4713:
 193:ReactivePedal.cpp **** 
 194:ReactivePedal.cpp **** 
 195:ReactivePedal.cpp **** void chorusSampler(AudioHandle::InputBuffer in, AudioHandle::OutputBuffer out , size_t size ){
 1114              		.loc 1 195 94 is_stmt 1 view -0
 1115              		.cfi_startproc
 1116              		@ args = 0, pretend = 0, frame = 8
 1117              		@ frame_needed = 0, uses_anonymous_args = 0
 196:ReactivePedal.cpp ****     
 197:ReactivePedal.cpp ****     for(size_t i = 0; i < size; i++){
 1118              		.loc 1 197 5 view .LVU324
 1119              	.LBB356:
 1120              		.loc 1 197 25 discriminator 1 view .LVU325
 1121 0000 002A     		cmp	r2, #0
 1122 0002 62D0     		beq	.L76
 1123              	.LBB357:
 198:ReactivePedal.cpp ****         float x = in[0][i];
 199:ReactivePedal.cpp ****         
 200:ReactivePedal.cpp ****         float delay = baseDelay + depth * sinf(phase);
 201:ReactivePedal.cpp ****         float delayed = ReadDelay(delay);
 202:ReactivePedal.cpp **** 
 203:ReactivePedal.cpp ****         float y = (1.0f - chorusMix) * x + chorusMix * delayed * 8.0f;
 204:ReactivePedal.cpp **** 
 205:ReactivePedal.cpp ****         delayBuffer[writeIndex] = x;
 1124              		.loc 1 205 31 is_stmt 0 view .LVU326
 1125 0004 314B     		ldr	r3, .L79
 1126              	.LBE357:
 1127              	.LBE356:
 195:ReactivePedal.cpp ****     
 1128              		.loc 1 195 94 view .LVU327
 1129 0006 2DE9F04F 		push	{r4, r5, r6, r7, r8, r9, r10, fp, lr}
 1130              		.cfi_def_cfa_offset 36
 1131              		.cfi_offset 4, -36
 1132              		.cfi_offset 5, -32
 1133              		.cfi_offset 6, -28
 1134              		.cfi_offset 7, -24
 1135              		.cfi_offset 8, -20
 1136              		.cfi_offset 9, -16
 1137              		.cfi_offset 10, -12
 1138              		.cfi_offset 11, -8
 1139              		.cfi_offset 14, -4
 1140 000a 0568     		ldr	r5, [r0]
 1141              	.LBB362:
 1142              	.LBB358:
 1143              		.loc 1 205 31 view .LVU328
 1144 000c 1C68     		ldr	r4, [r3]
 1145 000e 304E     		ldr	r6, .L79+4
 1146 0010 05EB8203 		add	r3, r5, r2, lsl #2
 1147 0014 DFF8C8A0 		ldr	r10, .L79+20
 1148 0018 DFF8C890 		ldr	r9, .L79+24
ARM GAS  /var/folders/6_/psd2b8g56p7696hhrr4ztjs00000gn/T//ccnMmAev.s 			page 45


 1149 001c DFF8C880 		ldr	r8, .L79+28
 1150 0020 2C4F     		ldr	r7, .L79+8
 1151              	.LBE358:
 1152              	.LBE362:
 195:ReactivePedal.cpp ****     
 1153              		.loc 1 195 94 view .LVU329
 1154 0022 2DED028B 		vpush.64	{d8}
 1155              		.cfi_def_cfa_offset 44
 1156              		.cfi_offset 80, -44
 1157              		.cfi_offset 81, -40
 1158 0026 D1E9002B 		ldrd	r2, fp, [r1]
 1159              	.LVL76:
 195:ReactivePedal.cpp ****     
 1160              		.loc 1 195 94 view .LVU330
 1161 002a 83B0     		sub	sp, sp, #12
 1162              		.cfi_def_cfa_offset 56
 1163 002c 0193     		str	r3, [sp, #4]
 1164              	.LVL77:
 1165              	.L71:
 1166              	.LBB363:
 1167              	.LBB359:
 198:ReactivePedal.cpp ****         float x = in[0][i];
 1168              		.loc 1 198 9 is_stmt 1 view .LVU331
 200:ReactivePedal.cpp ****         float delayed = ReadDelay(delay);
 1169              		.loc 1 200 47 is_stmt 0 view .LVU332
 1170 002e 96ED008A 		vldr.32	s16, [r6]
 1171 0032 0092     		str	r2, [sp]
 1172 0034 B0EE480A 		vmov.f32	s0, s16
 198:ReactivePedal.cpp ****         float x = in[0][i];
 1173              		.loc 1 198 15 view .LVU333
 1174 0038 F5EC018A 		vldmia.32	r5!, {s17}
 1175              	.LVL78:
 200:ReactivePedal.cpp ****         float delayed = ReadDelay(delay);
 1176              		.loc 1 200 9 is_stmt 1 view .LVU334
 200:ReactivePedal.cpp ****         float delayed = ReadDelay(delay);
 1177              		.loc 1 200 47 is_stmt 0 view .LVU335
 1178 003c FFF7FEFF 		bl	sinf
 1179              	.LVL79:
 201:ReactivePedal.cpp **** 
 1180              		.loc 1 201 9 is_stmt 1 view .LVU336
 201:ReactivePedal.cpp **** 
 1181              		.loc 1 201 34 is_stmt 0 view .LVU337
 1182 0040 9AED007A 		vldr.32	s14, [r10]
 1183 0044 D9ED007A 		vldr.32	s15, [r9]
 203:ReactivePedal.cpp **** 
 1184              		.loc 1 203 64 view .LVU338
 1185 0048 B2EE006A 		vmov.f32	s12, #8.0e+0
 201:ReactivePedal.cpp **** 
 1186              		.loc 1 201 34 view .LVU339
 1187 004c E0EE077A 		vfma.f32	s15, s0, s14
 1188 0050 B0EE670A 		vmov.f32	s0, s15
 1189 0054 FFF7FEFF 		bl	_Z9ReadDelayf
 1190              	.LVL80:
 206:ReactivePedal.cpp ****         writeIndex = (writeIndex + 1) % bufferSize;
 207:ReactivePedal.cpp **** 
 208:ReactivePedal.cpp ****         phase += phaseIncrement;
 209:ReactivePedal.cpp ****         if(phase >= 6.28318530718f){
ARM GAS  /var/folders/6_/psd2b8g56p7696hhrr4ztjs00000gn/T//ccnMmAev.s 			page 46


 210:ReactivePedal.cpp ****             phase -= 6.28318530718f;
 1191              		.loc 1 210 13 is_stmt 1 view .LVU340
 203:ReactivePedal.cpp **** 
 1192              		.loc 1 203 9 view .LVU341
 203:ReactivePedal.cpp **** 
 1193              		.loc 1 203 25 is_stmt 0 view .LVU342
 1194 0058 B7EE007A 		vmov.f32	s14, #1.0e+0
 208:ReactivePedal.cpp ****         if(phase >= 6.28318530718f){
 1195              		.loc 1 208 15 view .LVU343
 1196 005c D7ED007A 		vldr.32	s15, [r7]
 206:ReactivePedal.cpp ****         writeIndex = (writeIndex + 1) % bufferSize;
 1197              		.loc 1 206 34 view .LVU344
 1198 0060 04F1010C 		add	ip, r4, #1
 203:ReactivePedal.cpp **** 
 1199              		.loc 1 203 25 view .LVU345
 1200 0064 D8ED006A 		vldr.32	s13, [r8]
 208:ReactivePedal.cpp ****         if(phase >= 6.28318530718f){
 1201              		.loc 1 208 15 view .LVU346
 1202 0068 78EE277A 		vadd.f32	s15, s16, s15
 206:ReactivePedal.cpp ****         writeIndex = (writeIndex + 1) % bufferSize;
 1203              		.loc 1 206 39 view .LVU347
 1204 006c DCF10003 		rsbs	r3, ip, #0
 203:ReactivePedal.cpp **** 
 1205              		.loc 1 203 54 view .LVU348
 1206 0070 26EE800A 		vmul.f32	s0, s13, s0
 1207              	.LVL81:
 205:ReactivePedal.cpp ****         writeIndex = (writeIndex + 1) % bufferSize;
 1208              		.loc 1 205 33 view .LVU349
 1209 0074 184A     		ldr	r2, .L79+12
 203:ReactivePedal.cpp **** 
 1210              		.loc 1 203 25 view .LVU350
 1211 0076 37EE667A 		vsub.f32	s14, s14, s13
 209:ReactivePedal.cpp ****             phase -= 6.28318530718f;
 1212              		.loc 1 209 9 view .LVU351
 1213 007a DFED186A 		vldr.32	s13, .L79+16
 206:ReactivePedal.cpp **** 
 1214              		.loc 1 206 39 view .LVU352
 1215 007e C3F30A03 		ubfx	r3, r3, #0, #11
 205:ReactivePedal.cpp ****         writeIndex = (writeIndex + 1) % bufferSize;
 1216              		.loc 1 205 33 view .LVU353
 1217 0082 02EB840E 		add	lr, r2, r4, lsl #2
 209:ReactivePedal.cpp ****             phase -= 6.28318530718f;
 1218              		.loc 1 209 9 view .LVU354
 1219 0086 F4EEE67A 		vcmpe.f32	s15, s13
 206:ReactivePedal.cpp **** 
 1220              		.loc 1 206 39 view .LVU355
 1221 008a CCF30A04 		ubfx	r4, ip, #0, #11
 203:ReactivePedal.cpp **** 
 1222              		.loc 1 203 64 view .LVU356
 1223 008e 20EE060A 		vmul.f32	s0, s0, s12
 206:ReactivePedal.cpp **** 
 1224              		.loc 1 206 39 view .LVU357
 1225 0092 58BF     		it	pl
 1226 0094 5C42     		rsbpl	r4, r3, #0
 206:ReactivePedal.cpp **** 
 1227              		.loc 1 206 20 view .LVU358
 1228 0096 0D4B     		ldr	r3, .L79
ARM GAS  /var/folders/6_/psd2b8g56p7696hhrr4ztjs00000gn/T//ccnMmAev.s 			page 47


 209:ReactivePedal.cpp ****             phase -= 6.28318530718f;
 1229              		.loc 1 209 9 view .LVU359
 1230 0098 F1EE10FA 		vmrs	APSR_nzcv, FPSCR
 1231 009c 009A     		ldr	r2, [sp]
 203:ReactivePedal.cpp **** 
 1232              		.loc 1 203 15 view .LVU360
 1233 009e A7EE280A 		vfma.f32	s0, s14, s17
 1234              	.LVL82:
 205:ReactivePedal.cpp ****         writeIndex = (writeIndex + 1) % bufferSize;
 1235              		.loc 1 205 9 is_stmt 1 view .LVU361
 206:ReactivePedal.cpp **** 
 1236              		.loc 1 206 9 view .LVU362
 208:ReactivePedal.cpp ****         if(phase >= 6.28318530718f){
 1237              		.loc 1 208 9 view .LVU363
 209:ReactivePedal.cpp ****             phase -= 6.28318530718f;
 1238              		.loc 1 209 9 view .LVU364
 205:ReactivePedal.cpp ****         writeIndex = (writeIndex + 1) % bufferSize;
 1239              		.loc 1 205 33 is_stmt 0 view .LVU365
 1240 00a2 CEED008A 		vstr.32	s17, [lr]
 206:ReactivePedal.cpp **** 
 1241              		.loc 1 206 20 view .LVU366
 1242 00a6 1C60     		str	r4, [r3]
 209:ReactivePedal.cpp ****             phase -= 6.28318530718f;
 1243              		.loc 1 209 9 view .LVU367
 1244 00a8 01DB     		blt	.L69
 1245              		.loc 1 210 19 view .LVU368
 1246 00aa 77EEE67A 		vsub.f32	s15, s15, s13
 1247              	.L69:
 1248              	.LBE359:
 197:ReactivePedal.cpp ****         float x = in[0][i];
 1249              		.loc 1 197 25 discriminator 1 view .LVU369
 1250 00ae 019B     		ldr	r3, [sp, #4]
 1251              	.LBB360:
 208:ReactivePedal.cpp ****         if(phase >= 6.28318530718f){
 1252              		.loc 1 208 15 view .LVU370
 1253 00b0 C6ED007A 		vstr.32	s15, [r6]
 211:ReactivePedal.cpp ****         }
 212:ReactivePedal.cpp **** 
 213:ReactivePedal.cpp ****         
 214:ReactivePedal.cpp ****         out[0][i] = y;
 1254              		.loc 1 214 9 is_stmt 1 view .LVU371
 1255              	.LBE360:
 197:ReactivePedal.cpp ****         float x = in[0][i];
 1256              		.loc 1 197 25 is_stmt 0 discriminator 1 view .LVU372
 1257 00b4 AB42     		cmp	r3, r5
 1258              	.LBB361:
 1259              		.loc 1 214 19 view .LVU373
 1260 00b6 A2EC010A 		vstmia.32	r2!, {s0}
 215:ReactivePedal.cpp ****         out[1][i] = y;
 1261              		.loc 1 215 9 is_stmt 1 view .LVU374
 1262              		.loc 1 215 19 is_stmt 0 view .LVU375
 1263 00ba ABEC010A 		vstmia.32	fp!, {s0}
 1264              	.LBE361:
 197:ReactivePedal.cpp ****         float x = in[0][i];
 1265              		.loc 1 197 5 is_stmt 1 discriminator 2 view .LVU376
 197:ReactivePedal.cpp ****         float x = in[0][i];
 1266              		.loc 1 197 25 discriminator 1 view .LVU377
ARM GAS  /var/folders/6_/psd2b8g56p7696hhrr4ztjs00000gn/T//ccnMmAev.s 			page 48


 1267 00be B6D1     		bne	.L71
 197:ReactivePedal.cpp ****         float x = in[0][i];
 1268              		.loc 1 197 25 is_stmt 0 discriminator 1 view .LVU378
 1269              	.LBE363:
 216:ReactivePedal.cpp **** 
 217:ReactivePedal.cpp ****     }
 218:ReactivePedal.cpp **** 
 219:ReactivePedal.cpp **** }
 1270              		.loc 1 219 1 view .LVU379
 1271 00c0 03B0     		add	sp, sp, #12
 1272              		.cfi_def_cfa_offset 44
 1273              		@ sp needed
 1274 00c2 BDEC028B 		vldm	sp!, {d8}
 1275              		.cfi_restore 80
 1276              		.cfi_restore 81
 1277              		.cfi_def_cfa_offset 36
 1278 00c6 BDE8F08F 		pop	{r4, r5, r6, r7, r8, r9, r10, fp, pc}
 1279              	.LVL83:
 1280              	.L76:
 1281              		.cfi_def_cfa_offset 0
 1282              		.cfi_restore 4
 1283              		.cfi_restore 5
 1284              		.cfi_restore 6
 1285              		.cfi_restore 7
 1286              		.cfi_restore 8
 1287              		.cfi_restore 9
 1288              		.cfi_restore 10
 1289              		.cfi_restore 11
 1290              		.cfi_restore 14
 1291              		.loc 1 219 1 view .LVU380
 1292 00ca 7047     		bx	lr
 1293              	.L80:
 1294              		.align	2
 1295              	.L79:
 1296 00cc 00000000 		.word	writeIndex
 1297 00d0 00000000 		.word	phase
 1298 00d4 00000000 		.word	phaseIncrement
 1299 00d8 00000000 		.word	delayBuffer
 1300 00dc DB0FC940 		.word	1086918619
 1301 00e0 00000000 		.word	depth
 1302 00e4 00000000 		.word	baseDelay
 1303 00e8 00000000 		.word	chorusMix
 1304              		.cfi_endproc
 1305              	.LFE4713:
 1307              		.section	.text._Z13AudioCallBackPKPKfPPfj,"ax",%progbits
 1308              		.align	1
 1309              		.p2align 2,,3
 1310              		.global	_Z13AudioCallBackPKPKfPPfj
 1311              		.syntax unified
 1312              		.thumb
 1313              		.thumb_func
 1315              	_Z13AudioCallBackPKPKfPPfj:
 1316              	.LVL84:
 1317              	.LFB4714:
 220:ReactivePedal.cpp **** 
 221:ReactivePedal.cpp **** void AudioCallBack(AudioHandle::InputBuffer in, AudioHandle::OutputBuffer out, size_t size)
 222:ReactivePedal.cpp **** {
ARM GAS  /var/folders/6_/psd2b8g56p7696hhrr4ztjs00000gn/T//ccnMmAev.s 			page 49


 1318              		.loc 1 222 1 is_stmt 1 view -0
 1319              		.cfi_startproc
 1320              		@ args = 0, pretend = 0, frame = 0
 1321              		@ frame_needed = 0, uses_anonymous_args = 0
 1322              		@ link register save eliminated.
 223:ReactivePedal.cpp ****     chorusSampler(in, out, size);
 1323              		.loc 1 223 5 view .LVU382
 1324              		.loc 1 223 18 is_stmt 0 view .LVU383
 1325 0000 FFF7FEBF 		b	_Z13chorusSamplerPKPKfPPfj
 1326              	.LVL85:
 1327              		.loc 1 223 18 view .LVU384
 1328              		.cfi_endproc
 1329              	.LFE4714:
 1331              		.section	.rodata.main.str1.4,"aMS",%progbits,1
 1332              		.align	2
 1333              	.LC0:
 1334 0000 53746172 		.ascii	"Starting...\000"
 1334      74696E67 
 1334      2E2E2E00 
 1335              		.align	2
 1336              	.LC1:
 1337 000c 50726573 		.ascii	"Preset: %s\000"
 1337      65743A20 
 1337      257300
 1338 0017 00       		.align	2
 1339              	.LC2:
 1340 0018 41756469 		.ascii	"Audio started\000"
 1340      6F207374 
 1340      61727465 
 1340      6400
 1341 0026 0000     		.align	2
 1342              	.LC3:
 1343 0028 50726573 		.ascii	"Preset:%s RMS:%d Peak:%d ZCR:%d Cent:%dHz Flux:%d D"
 1343      65743A25 
 1343      7320524D 
 1343      533A2564 
 1343      20506561 
 1344 005b 72697665 		.ascii	"rive:%d Tone:%d Pre:%d Mix:%d Level:%d\000"
 1344      3A256420 
 1344      546F6E65 
 1344      3A256420 
 1344      5072653A 
 1345              		.section	.text.startup.main,"ax",%progbits
 1346              		.align	1
 1347              		.p2align 2,,3
 1348              		.global	main
 1349              		.syntax unified
 1350              		.thumb
 1351              		.thumb_func
 1353              	main:
 1354              	.LFB4715:
 224:ReactivePedal.cpp **** }
 225:ReactivePedal.cpp **** 
 226:ReactivePedal.cpp **** int main(void){
 1355              		.loc 1 226 15 is_stmt 1 view -0
 1356              		.cfi_startproc
 1357              		@ args = 0, pretend = 0, frame = 0
ARM GAS  /var/folders/6_/psd2b8g56p7696hhrr4ztjs00000gn/T//ccnMmAev.s 			page 50


 1358              		@ frame_needed = 0, uses_anonymous_args = 0
 227:ReactivePedal.cpp ****     hw.Init();
 1359              		.loc 1 227 5 view .LVU386
 226:ReactivePedal.cpp ****     hw.Init();
 1360              		.loc 1 226 15 is_stmt 0 view .LVU387
 1361 0000 2DE9F04F 		push	{r4, r5, r6, r7, r8, r9, r10, fp, lr}
 1362              		.cfi_def_cfa_offset 36
 1363              		.cfi_offset 4, -36
 1364              		.cfi_offset 5, -32
 1365              		.cfi_offset 6, -28
 1366              		.cfi_offset 7, -24
 1367              		.cfi_offset 8, -20
 1368              		.cfi_offset 9, -16
 1369              		.cfi_offset 10, -12
 1370              		.cfi_offset 11, -8
 1371              		.cfi_offset 14, -4
 1372              		.loc 1 227 12 view .LVU388
 1373 0004 0021     		movs	r1, #0
 226:ReactivePedal.cpp ****     hw.Init();
 1374              		.loc 1 226 15 view .LVU389
 1375 0006 89B0     		sub	sp, sp, #36
 1376              		.cfi_def_cfa_offset 72
 1377              		.loc 1 227 12 view .LVU390
 1378 0008 7B48     		ldr	r0, .L92
 228:ReactivePedal.cpp ****     hw.seed.StartLog();
 229:ReactivePedal.cpp ****     System::Delay(3000);
 230:ReactivePedal.cpp **** 
 231:ReactivePedal.cpp ****     hw.SetAudioBlockSize(96);
 232:ReactivePedal.cpp ****     hw.SetAudioSampleRate(SaiHandle::Config::SampleRate::SAI_48KHZ);
 233:ReactivePedal.cpp **** 
 234:ReactivePedal.cpp ****     extractor.Init(256, 48000.0f);
 235:ReactivePedal.cpp **** 
 236:ReactivePedal.cpp ****     SetTonePreset(tonePresets[currentPresetIndex]);
 237:ReactivePedal.cpp **** 
 238:ReactivePedal.cpp ****     hw.seed.PrintLine("Starting...");
 239:ReactivePedal.cpp ****     hw.seed.PrintLine("Preset: %s", tonePresets[currentPresetIndex].toneName);
 240:ReactivePedal.cpp ****     hw.StartAudio(AudioCallBack);
 241:ReactivePedal.cpp ****     hw.seed.PrintLine("Audio started");
 242:ReactivePedal.cpp **** 
 243:ReactivePedal.cpp ****     uint32_t lastPrintTime = 0;
 1379              		.loc 1 243 14 view .LVU391
 1380 000a 0026     		movs	r6, #0
 227:ReactivePedal.cpp ****     hw.seed.StartLog();
 1381              		.loc 1 227 12 view .LVU392
 1382 000c FFF7FEFF 		bl	_ZN5daisy8DaisyPod4InitEb
 1383              	.LVL86:
 228:ReactivePedal.cpp ****     hw.seed.StartLog();
 1384              		.loc 1 228 5 is_stmt 1 view .LVU393
 1385              	.LBB364:
 1386              	.LBI364:
  23:../libDaisy/src/daisy_seed.h **** 
  24:../libDaisy/src/daisy_seed.h ****     /** This function used to provide a pre-initialization configuraiton 
  25:../libDaisy/src/daisy_seed.h ****      *  it has since been deprecated, and does nothing.
  26:../libDaisy/src/daisy_seed.h ****      */
  27:../libDaisy/src/daisy_seed.h ****     void Configure();
  28:../libDaisy/src/daisy_seed.h **** 
  29:../libDaisy/src/daisy_seed.h ****     /** 
ARM GAS  /var/folders/6_/psd2b8g56p7696hhrr4ztjs00000gn/T//ccnMmAev.s 			page 51


  30:../libDaisy/src/daisy_seed.h ****     Initializes the Daisy Seed and the following peripherals:
  31:../libDaisy/src/daisy_seed.h ****     SDRAM, QSPI, 24-bit 48kHz Audio via AK4556, Internal USB,
  32:../libDaisy/src/daisy_seed.h ****     as well as the built-in LED and Testpoint.
  33:../libDaisy/src/daisy_seed.h **** 
  34:../libDaisy/src/daisy_seed.h ****     ADCs, DACs, and other special peripherals (such as I2C, SPI, etc.)
  35:../libDaisy/src/daisy_seed.h ****     can be initialized using their specific initializers within libdaisy
  36:../libDaisy/src/daisy_seed.h ****     for a specific application.
  37:../libDaisy/src/daisy_seed.h ****     */
  38:../libDaisy/src/daisy_seed.h ****     void Init(bool boost = false);
  39:../libDaisy/src/daisy_seed.h **** 
  40:../libDaisy/src/daisy_seed.h ****     /** 
  41:../libDaisy/src/daisy_seed.h ****     Deinitializes all peripherals automatically handled by `Init`.
  42:../libDaisy/src/daisy_seed.h ****     */
  43:../libDaisy/src/daisy_seed.h ****     void DeInit();
  44:../libDaisy/src/daisy_seed.h **** 
  45:../libDaisy/src/daisy_seed.h ****     /** 
  46:../libDaisy/src/daisy_seed.h ****     Wait some ms before going on.
  47:../libDaisy/src/daisy_seed.h ****     \param del Delay time in ms.
  48:../libDaisy/src/daisy_seed.h ****     */
  49:../libDaisy/src/daisy_seed.h ****     void DelayMs(size_t del);
  50:../libDaisy/src/daisy_seed.h **** 
  51:../libDaisy/src/daisy_seed.h ****     /** 
  52:../libDaisy/src/daisy_seed.h ****     Returns the gpio_pin corresponding to the index 0-31.
  53:../libDaisy/src/daisy_seed.h ****     For the given GPIO on the Daisy Seed (labeled 1-32 in docs).
  54:../libDaisy/src/daisy_seed.h ****     */
  55:../libDaisy/src/daisy_seed.h ****     static dsy_gpio_pin GetPin(uint8_t pin_idx);
  56:../libDaisy/src/daisy_seed.h **** 
  57:../libDaisy/src/daisy_seed.h ****     /** Begins the audio for the seeds builtin audio.
  58:../libDaisy/src/daisy_seed.h ****     the specified callback will get called whenever
  59:../libDaisy/src/daisy_seed.h ****     new data is ready to be prepared.
  60:../libDaisy/src/daisy_seed.h ****     */
  61:../libDaisy/src/daisy_seed.h ****     void StartAudio(AudioHandle::InterleavingAudioCallback cb);
  62:../libDaisy/src/daisy_seed.h **** 
  63:../libDaisy/src/daisy_seed.h ****     /** Begins the audio for the seeds builtin audio.
  64:../libDaisy/src/daisy_seed.h ****     the specified callback will get called whenever
  65:../libDaisy/src/daisy_seed.h ****     new data is ready to be prepared.
  66:../libDaisy/src/daisy_seed.h ****     This will use the newer non-interleaved callback.
  67:../libDaisy/src/daisy_seed.h ****     */
  68:../libDaisy/src/daisy_seed.h ****     void StartAudio(AudioHandle::AudioCallback cb);
  69:../libDaisy/src/daisy_seed.h **** 
  70:../libDaisy/src/daisy_seed.h ****     /** Changes to a new interleaved callback
  71:../libDaisy/src/daisy_seed.h ****      */
  72:../libDaisy/src/daisy_seed.h ****     void ChangeAudioCallback(AudioHandle::InterleavingAudioCallback cb);
  73:../libDaisy/src/daisy_seed.h **** 
  74:../libDaisy/src/daisy_seed.h ****     /** Changes to a new multichannel callback
  75:../libDaisy/src/daisy_seed.h ****      */
  76:../libDaisy/src/daisy_seed.h ****     void ChangeAudioCallback(AudioHandle::AudioCallback cb);
  77:../libDaisy/src/daisy_seed.h **** 
  78:../libDaisy/src/daisy_seed.h ****     /** Stops the audio if it is running. */
  79:../libDaisy/src/daisy_seed.h ****     void StopAudio();
  80:../libDaisy/src/daisy_seed.h **** 
  81:../libDaisy/src/daisy_seed.h ****     /** Updates the Audio Sample Rate, and reinitializes.
  82:../libDaisy/src/daisy_seed.h ****      ** Audio must be stopped for this to work.
  83:../libDaisy/src/daisy_seed.h ****      */
  84:../libDaisy/src/daisy_seed.h ****     void SetAudioSampleRate(SaiHandle::Config::SampleRate samplerate);
  85:../libDaisy/src/daisy_seed.h **** 
  86:../libDaisy/src/daisy_seed.h ****     /** Returns the audio sample rate in Hz as a floating point number.
ARM GAS  /var/folders/6_/psd2b8g56p7696hhrr4ztjs00000gn/T//ccnMmAev.s 			page 52


  87:../libDaisy/src/daisy_seed.h ****      */
  88:../libDaisy/src/daisy_seed.h ****     float AudioSampleRate();
  89:../libDaisy/src/daisy_seed.h **** 
  90:../libDaisy/src/daisy_seed.h ****     /** Sets the number of samples processed per channel by the audio callback.
  91:../libDaisy/src/daisy_seed.h ****      */
  92:../libDaisy/src/daisy_seed.h ****     void SetAudioBlockSize(size_t blocksize);
  93:../libDaisy/src/daisy_seed.h **** 
  94:../libDaisy/src/daisy_seed.h ****     /** Returns the number of samples per channel in a block of audio. */
  95:../libDaisy/src/daisy_seed.h ****     size_t AudioBlockSize();
  96:../libDaisy/src/daisy_seed.h **** 
  97:../libDaisy/src/daisy_seed.h ****     /** Returns the rate in Hz that the Audio callback is called */
  98:../libDaisy/src/daisy_seed.h ****     float AudioCallbackRate() const;
  99:../libDaisy/src/daisy_seed.h **** 
 100:../libDaisy/src/daisy_seed.h ****     /** Returns the SAI Handle for the Daisy Seed 
 101:../libDaisy/src/daisy_seed.h ****      *  This can be useful when adding a secondary codec,
 102:../libDaisy/src/daisy_seed.h ****      *  the result of this function can be passed to the audio reinit 
 103:../libDaisy/src/daisy_seed.h ****      *  with an SAI2 configuration
 104:../libDaisy/src/daisy_seed.h ****      */
 105:../libDaisy/src/daisy_seed.h ****     const SaiHandle& AudioSaiHandle() const;
 106:../libDaisy/src/daisy_seed.h **** 
 107:../libDaisy/src/daisy_seed.h ****     /** Sets the state of the built in LED
 108:../libDaisy/src/daisy_seed.h ****      */
 109:../libDaisy/src/daisy_seed.h ****     void SetLed(bool state);
 110:../libDaisy/src/daisy_seed.h **** 
 111:../libDaisy/src/daisy_seed.h ****     /** Sets the state of the test point near pin 10
 112:../libDaisy/src/daisy_seed.h ****      */
 113:../libDaisy/src/daisy_seed.h ****     void SetTestPoint(bool state);
 114:../libDaisy/src/daisy_seed.h **** 
 115:../libDaisy/src/daisy_seed.h ****     /** Print formatted debug log message
 116:../libDaisy/src/daisy_seed.h ****      */
 117:../libDaisy/src/daisy_seed.h ****     template <typename... VA>
 118:../libDaisy/src/daisy_seed.h ****     static void Print(const char* format, VA... va)
 119:../libDaisy/src/daisy_seed.h ****     {
 120:../libDaisy/src/daisy_seed.h ****         Log::Print(format, va...);
 121:../libDaisy/src/daisy_seed.h ****     }
 122:../libDaisy/src/daisy_seed.h **** 
 123:../libDaisy/src/daisy_seed.h ****     /** Print formatted debug log message with automatic line termination
 124:../libDaisy/src/daisy_seed.h ****     */
 125:../libDaisy/src/daisy_seed.h ****     template <typename... VA>
 126:../libDaisy/src/daisy_seed.h ****     static void PrintLine(const char* format, VA... va)
 127:../libDaisy/src/daisy_seed.h ****     {
 128:../libDaisy/src/daisy_seed.h ****         Log::PrintLine(format, va...);
 129:../libDaisy/src/daisy_seed.h ****     }
 130:../libDaisy/src/daisy_seed.h **** 
 131:../libDaisy/src/daisy_seed.h ****     /** Start the logging session. Optionally wait for terminal connection before proceeding.
 132:../libDaisy/src/daisy_seed.h ****     */
 133:../libDaisy/src/daisy_seed.h ****     static void StartLog(bool wait_for_pc = false)
 1387              		.loc 11 133 17 view .LVU394
 1388              	.LBB365:
 134:../libDaisy/src/daisy_seed.h ****     {
 135:../libDaisy/src/daisy_seed.h ****         Log::StartLog(wait_for_pc);
 1389              		.loc 11 135 9 view .LVU395
 1390              		.loc 11 135 22 is_stmt 0 view .LVU396
 1391 0010 0020     		movs	r0, #0
 1392 0012 FFF7FEFF 		bl	_ZN5daisy6LoggerILNS_17LoggerDestinationE1EE8StartLogEb
 1393              	.LVL87:
 1394              		.loc 11 135 22 view .LVU397
ARM GAS  /var/folders/6_/psd2b8g56p7696hhrr4ztjs00000gn/T//ccnMmAev.s 			page 53


 1395              	.LBE365:
 1396              	.LBE364:
 229:ReactivePedal.cpp **** 
 1397              		.loc 1 229 5 is_stmt 1 view .LVU398
 229:ReactivePedal.cpp **** 
 1398              		.loc 1 229 18 is_stmt 0 view .LVU399
 1399 0016 40F6B830 		movw	r0, #3000
 1400 001a FFF7FEFF 		bl	_ZN5daisy6System5DelayEm
 1401              	.LVL88:
 231:ReactivePedal.cpp ****     hw.SetAudioSampleRate(SaiHandle::Config::SampleRate::SAI_48KHZ);
 1402              		.loc 1 231 5 is_stmt 1 view .LVU400
 231:ReactivePedal.cpp ****     hw.SetAudioSampleRate(SaiHandle::Config::SampleRate::SAI_48KHZ);
 1403              		.loc 1 231 25 is_stmt 0 view .LVU401
 1404 001e 6021     		movs	r1, #96
 1405 0020 7548     		ldr	r0, .L92
 1406 0022 FFF7FEFF 		bl	_ZN5daisy8DaisyPod17SetAudioBlockSizeEj
 1407              	.LVL89:
 232:ReactivePedal.cpp **** 
 1408              		.loc 1 232 5 is_stmt 1 view .LVU402
 236:ReactivePedal.cpp **** 
 1409              		.loc 1 236 49 is_stmt 0 view .LVU403
 1410 0026 754C     		ldr	r4, .L92+4
 232:ReactivePedal.cpp **** 
 1411              		.loc 1 232 26 view .LVU404
 1412 0028 0321     		movs	r1, #3
 1413 002a 7348     		ldr	r0, .L92
 1414 002c FFF7FEFF 		bl	_ZN5daisy8DaisyPod18SetAudioSampleRateENS_9SaiHandle6Config10SampleRateE
 1415              	.LVL90:
 234:ReactivePedal.cpp **** 
 1416              		.loc 1 234 5 is_stmt 1 view .LVU405
 234:ReactivePedal.cpp **** 
 1417              		.loc 1 234 19 is_stmt 0 view .LVU406
 1418 0030 9FED730A 		vldr.32	s0, .L92+8
 1419 0034 4FF48071 		mov	r1, #256
 1420 0038 7248     		ldr	r0, .L92+12
 1421 003a FFF7FEFF 		bl	_ZN16FeatureExtractor4InitEjf
 1422              	.LVL91:
 236:ReactivePedal.cpp **** 
 1423              		.loc 1 236 5 is_stmt 1 view .LVU407
 236:ReactivePedal.cpp **** 
 1424              		.loc 1 236 18 is_stmt 0 view .LVU408
 1425 003e 724D     		ldr	r5, .L92+16
 236:ReactivePedal.cpp **** 
 1426              		.loc 1 236 49 view .LVU409
 1427 0040 2068     		ldr	r0, [r4]
 1428 0042 DFF81CB2 		ldr	fp, .L92+104
 236:ReactivePedal.cpp **** 
 1429              		.loc 1 236 18 view .LVU410
 1430 0046 05EB4010 		add	r0, r5, r0, lsl #5
 1431 004a DFF818A2 		ldr	r10, .L92+108
 1432 004e FFF7FEFF 		bl	_Z13SetTonePresetRK10TonePreset
 1433              	.LVL92:
 238:ReactivePedal.cpp ****     hw.seed.PrintLine("Preset: %s", tonePresets[currentPresetIndex].toneName);
 1434              		.loc 1 238 5 is_stmt 1 view .LVU411
 1435              	.LBB366:
 1436              	.LBI366:
 126:../libDaisy/src/daisy_seed.h ****     {
ARM GAS  /var/folders/6_/psd2b8g56p7696hhrr4ztjs00000gn/T//ccnMmAev.s 			page 54


 1437              		.loc 11 126 17 view .LVU412
 1438              	.LBB367:
 128:../libDaisy/src/daisy_seed.h ****     }
 1439              		.loc 11 128 23 is_stmt 0 view .LVU413
 1440 0052 6E48     		ldr	r0, .L92+20
 1441 0054 FFF7FEFF 		bl	_ZN5daisy6LoggerILNS_17LoggerDestinationE1EE9PrintLineEPKcz
 1442              	.LVL93:
 128:../libDaisy/src/daisy_seed.h ****     }
 1443              		.loc 11 128 23 view .LVU414
 1444              	.LBE367:
 1445              	.LBE366:
 239:ReactivePedal.cpp ****     hw.StartAudio(AudioCallBack);
 1446              		.loc 1 239 5 is_stmt 1 view .LVU415
 1447              	.LBB368:
 1448              	.LBI368:
 126:../libDaisy/src/daisy_seed.h ****     {
 1449              		.loc 11 126 17 view .LVU416
 1450              	.LBE368:
 239:ReactivePedal.cpp ****     hw.StartAudio(AudioCallBack);
 1451              		.loc 1 239 69 is_stmt 0 view .LVU417
 1452 0058 2368     		ldr	r3, [r4]
 1453              	.LBB371:
 1454              	.LBB369:
 128:../libDaisy/src/daisy_seed.h ****     }
 1455              		.loc 11 128 23 view .LVU418
 1456 005a 6D48     		ldr	r0, .L92+24
 1457              	.LBE369:
 1458              	.LBE371:
 239:ReactivePedal.cpp ****     hw.StartAudio(AudioCallBack);
 1459              		.loc 1 239 69 view .LVU419
 1460 005c 5B01     		lsls	r3, r3, #5
 1461 005e DFF80892 		ldr	r9, .L92+112
 1462 0062 DFF80882 		ldr	r8, .L92+116
 1463              	.LBB372:
 1464              	.LBB370:
 128:../libDaisy/src/daisy_seed.h ****     }
 1465              		.loc 11 128 23 view .LVU420
 1466 0066 E958     		ldr	r1, [r5, r3]
 1467 0068 FFF7FEFF 		bl	_ZN5daisy6LoggerILNS_17LoggerDestinationE1EE9PrintLineEPKcz
 1468              	.LVL94:
 128:../libDaisy/src/daisy_seed.h ****     }
 1469              		.loc 11 128 23 view .LVU421
 1470              	.LBE370:
 1471              	.LBE372:
 240:ReactivePedal.cpp ****     hw.seed.PrintLine("Audio started");
 1472              		.loc 1 240 5 is_stmt 1 view .LVU422
 1473 006c 694F     		ldr	r7, .L92+28
 240:ReactivePedal.cpp ****     hw.seed.PrintLine("Audio started");
 1474              		.loc 1 240 18 is_stmt 0 view .LVU423
 1475 006e 6A49     		ldr	r1, .L92+32
 1476 0070 6148     		ldr	r0, .L92
 1477 0072 6A4D     		ldr	r5, .L92+36
 1478 0074 FFF7FEFF 		bl	_ZN5daisy8DaisyPod10StartAudioEPFvPKPKfPPfjE
 1479              	.LVL95:
 241:ReactivePedal.cpp **** 
 1480              		.loc 1 241 5 is_stmt 1 view .LVU424
 1481              	.LBB373:
ARM GAS  /var/folders/6_/psd2b8g56p7696hhrr4ztjs00000gn/T//ccnMmAev.s 			page 55


 1482              	.LBI373:
 126:../libDaisy/src/daisy_seed.h ****     {
 1483              		.loc 11 126 17 view .LVU425
 1484              	.LBB374:
 128:../libDaisy/src/daisy_seed.h ****     }
 1485              		.loc 11 128 23 is_stmt 0 view .LVU426
 1486 0078 6948     		ldr	r0, .L92+40
 1487 007a FFF7FEFF 		bl	_ZN5daisy6LoggerILNS_17LoggerDestinationE1EE9PrintLineEPKcz
 1488              	.LVL96:
 128:../libDaisy/src/daisy_seed.h ****     }
 1489              		.loc 11 128 23 view .LVU427
 1490              	.LBE374:
 1491              	.LBE373:
 1492              		.loc 1 243 5 is_stmt 1 view .LVU428
 1493              	.L84:
 244:ReactivePedal.cpp **** 
 245:ReactivePedal.cpp ****     while(1) {
 1494              		.loc 1 245 5 view .LVU429
 1495              	.LBB375:
 246:ReactivePedal.cpp ****         if(extractor.ProcessFrame(latestFeatures)) {
 1496              		.loc 1 246 9 view .LVU430
 1497              		.loc 1 246 34 is_stmt 0 view .LVU431
 1498 007e 6949     		ldr	r1, .L92+44
 1499 0080 6048     		ldr	r0, .L92+12
 1500 0082 FFF7FEFF 		bl	_ZN16FeatureExtractor12ProcessFrameER13AudioFeatures
 1501              	.LVL97:
 1502              		.loc 1 246 9 discriminator 1 view .LVU432
 1503 0086 0028     		cmp	r0, #0
 1504 0088 66D1     		bne	.L91
 1505              	.L83:
 247:ReactivePedal.cpp ****             SmoothFeatures(latestFeatures, smoothedFeatures);
 248:ReactivePedal.cpp **** 
 249:ReactivePedal.cpp ****             smoothedDrive = 0.90f * smoothedDrive + 0.10f * targetDrive;
 250:ReactivePedal.cpp ****             smoothedTone = 0.92f * smoothedTone + 0.08f * targetTone;
 251:ReactivePedal.cpp ****             smoothedPreamp = 0.90f * smoothedPreamp + 0.10f * targetPreamp;
 252:ReactivePedal.cpp ****             smoothedMix = 0.90f * smoothedMix + 0.10f * targetMix;
 253:ReactivePedal.cpp ****             smoothedLevel = 0.90f * smoothedLevel + 0.10f * targetLevel;
 254:ReactivePedal.cpp ****             smoothedClipThreshold = 0.90f * smoothedClipThreshold + 0.10f * targetClipThreshold;
 255:ReactivePedal.cpp ****         }
 256:ReactivePedal.cpp **** 
 257:ReactivePedal.cpp ****         uint32_t now = System::GetNow();
 1506              		.loc 1 257 9 is_stmt 1 view .LVU433
 1507              		.loc 1 257 38 is_stmt 0 view .LVU434
 1508 008a FFF7FEFF 		bl	_ZN5daisy6System6GetNowEv
 1509              	.LVL98:
 258:ReactivePedal.cpp ****         if(now - lastPrintTime >= 1000) {
 1510              		.loc 1 258 9 is_stmt 1 view .LVU435
 1511              		.loc 1 258 16 is_stmt 0 view .LVU436
 1512 008e 831B     		subs	r3, r0, r6
 1513              		.loc 1 258 9 view .LVU437
 1514 0090 B3F57A7F 		cmp	r3, #1000
 1515 0094 F3D3     		bcc	.L84
 259:ReactivePedal.cpp ****             lastPrintTime = now;
 1516              		.loc 1 259 13 is_stmt 1 view .LVU438
 1517              	.LVL99:
 260:ReactivePedal.cpp **** 
 261:ReactivePedal.cpp ****             hw.seed.PrintLine("Preset:%s RMS:%d Peak:%d ZCR:%d Cent:%dHz Flux:%d Drive:%d Tone:%d P
ARM GAS  /var/folders/6_/psd2b8g56p7696hhrr4ztjs00000gn/T//ccnMmAev.s 			page 56


 1518              		.loc 1 261 13 view .LVU439
 262:ReactivePedal.cpp ****                               tonePresets[currentPresetIndex].toneName,
 263:ReactivePedal.cpp ****                               (int)(smoothedFeatures.rms * 1000.0f),
 264:ReactivePedal.cpp ****                               (int)(smoothedFeatures.peak * 1000.0f),
 265:ReactivePedal.cpp ****                               (int)(smoothedFeatures.zcr * 1000.0f),
 1519              		.loc 1 265 58 is_stmt 0 view .LVU440
 1520 0096 D5ED027A 		vldr.32	s15, [r5, #8]
 259:ReactivePedal.cpp **** 
 1521              		.loc 1 259 27 view .LVU441
 1522 009a 0646     		mov	r6, r0
 264:ReactivePedal.cpp ****                               (int)(smoothedFeatures.zcr * 1000.0f),
 1523              		.loc 1 264 59 view .LVU442
 1524 009c 9FED624A 		vldr.32	s8, .L92+48
 1525 00a0 95ED013A 		vldr.32	s6, [r5, #4]
 1526              		.loc 1 265 58 view .LVU443
 1527 00a4 67EE847A 		vmul.f32	s15, s15, s8
 266:ReactivePedal.cpp ****                               (int)(smoothedFeatures.spectralCentroid),
 267:ReactivePedal.cpp ****                               (int)(smoothedFeatures.spectralFlux * 1000.0f),
 268:ReactivePedal.cpp ****                               (int)(smoothedDrive * 100.0f),
 1528              		.loc 1 268 37 view .LVU444
 1529 00a8 DBED006A 		vldr.32	s13, [fp]
 269:ReactivePedal.cpp ****                               (int)(smoothedTone * 1000.0f),
 270:ReactivePedal.cpp ****                               (int)(smoothedPreamp * 100.0f),
 271:ReactivePedal.cpp ****                               (int)(smoothedMix * 100.0f),
 272:ReactivePedal.cpp ****                               (int)(smoothedLevel * 100.0f));
 1530              		.loc 1 272 51 view .LVU445
 1531 00ac DFED5F3A 		vldr.32	s7, .L92+52
 264:ReactivePedal.cpp ****                               (int)(smoothedFeatures.zcr * 1000.0f),
 1532              		.loc 1 264 59 view .LVU446
 1533 00b0 23EE043A 		vmul.f32	s6, s6, s8
 269:ReactivePedal.cpp ****                               (int)(smoothedTone * 1000.0f),
 1534              		.loc 1 269 37 view .LVU447
 1535 00b4 9AED006A 		vldr.32	s12, [r10]
 270:ReactivePedal.cpp ****                               (int)(smoothedMix * 100.0f),
 1536              		.loc 1 270 37 view .LVU448
 1537 00b8 D9ED005A 		vldr.32	s11, [r9]
 261:ReactivePedal.cpp ****                               tonePresets[currentPresetIndex].toneName,
 1538              		.loc 1 261 30 view .LVU449
 1539 00bc FDEEE77A 		vcvt.s32.f32	s15, s15
 271:ReactivePedal.cpp ****                               (int)(smoothedLevel * 100.0f));
 1540              		.loc 1 271 37 view .LVU450
 1541 00c0 98ED005A 		vldr.32	s10, [r8]
 268:ReactivePedal.cpp ****                               (int)(smoothedTone * 1000.0f),
 1542              		.loc 1 268 51 view .LVU451
 1543 00c4 66EEA36A 		vmul.f32	s13, s13, s7
 1544              		.loc 1 272 37 view .LVU452
 1545 00c8 D7ED004A 		vldr.32	s9, [r7]
 1546              	.LVL100:
 1547              	.LBB376:
 1548              	.LBI376:
 126:../libDaisy/src/daisy_seed.h ****     {
 1549              		.loc 11 126 17 is_stmt 1 view .LVU453
 1550              	.LBE376:
 270:ReactivePedal.cpp ****                               (int)(smoothedMix * 100.0f),
 1551              		.loc 1 270 52 is_stmt 0 view .LVU454
 1552 00cc 65EEA35A 		vmul.f32	s11, s11, s7
 1553              	.LVL101:
ARM GAS  /var/folders/6_/psd2b8g56p7696hhrr4ztjs00000gn/T//ccnMmAev.s 			page 57


 262:ReactivePedal.cpp ****                               (int)(smoothedFeatures.rms * 1000.0f),
 1554              		.loc 1 262 63 view .LVU455
 1555 00d0 4A4B     		ldr	r3, .L92+4
 271:ReactivePedal.cpp ****                               (int)(smoothedLevel * 100.0f));
 1556              		.loc 1 271 49 view .LVU456
 1557 00d2 25EE235A 		vmul.f32	s10, s10, s7
 1558              	.LVL102:
 267:ReactivePedal.cpp ****                               (int)(smoothedDrive * 100.0f),
 1559              		.loc 1 267 67 view .LVU457
 1560 00d6 95ED047A 		vldr.32	s14, [r5, #16]
 1561              		.loc 1 272 51 view .LVU458
 1562 00da 64EEA34A 		vmul.f32	s9, s9, s7
 1563              	.LVL103:
 263:ReactivePedal.cpp ****                               (int)(smoothedFeatures.peak * 1000.0f),
 1564              		.loc 1 263 58 view .LVU459
 1565 00de D5ED003A 		vldr.32	s7, [r5]
 269:ReactivePedal.cpp ****                               (int)(smoothedPreamp * 100.0f),
 1566              		.loc 1 269 50 view .LVU460
 1567 00e2 26EE046A 		vmul.f32	s12, s12, s8
 1568              	.LVL104:
 262:ReactivePedal.cpp ****                               (int)(smoothedFeatures.rms * 1000.0f),
 1569              		.loc 1 262 63 view .LVU461
 1570 00e6 1B68     		ldr	r3, [r3]
 267:ReactivePedal.cpp ****                               (int)(smoothedDrive * 100.0f),
 1571              		.loc 1 267 67 view .LVU462
 1572 00e8 27EE047A 		vmul.f32	s14, s14, s8
 261:ReactivePedal.cpp ****                               tonePresets[currentPresetIndex].toneName,
 1573              		.loc 1 261 30 view .LVU463
 1574 00ec D5ED032A 		vldr.32	s5, [r5, #12]
 263:ReactivePedal.cpp ****                               (int)(smoothedFeatures.peak * 1000.0f),
 1575              		.loc 1 263 58 view .LVU464
 1576 00f0 23EE844A 		vmul.f32	s8, s7, s8
 1577              	.LBB385:
 1578              	.LBB377:
 128:../libDaisy/src/daisy_seed.h ****     }
 1579              		.loc 11 128 23 view .LVU465
 1580 00f4 CDED007A 		vstr.32	s15, [sp]	@ int
 1581 00f8 FDEEC37A 		vcvt.s32.f32	s15, s6
 1582              	.LBE377:
 1583              	.LBE385:
 262:ReactivePedal.cpp ****                               (int)(smoothedFeatures.rms * 1000.0f),
 1584              		.loc 1 262 63 view .LVU466
 1585 00fc 5B01     		lsls	r3, r3, #5
 1586              	.LBB386:
 1587              	.LBB378:
 128:../libDaisy/src/daisy_seed.h ****     }
 1588              		.loc 11 128 23 view .LVU467
 1589 00fe 424A     		ldr	r2, .L92+16
 1590              	.LBE378:
 1591              	.LBE386:
 261:ReactivePedal.cpp ****                               tonePresets[currentPresetIndex].toneName,
 1592              		.loc 1 261 30 view .LVU468
 1593 0100 FDEEE44A 		vcvt.s32.f32	s9, s9
 1594              	.LBB387:
 1595              	.LBB379:
 128:../libDaisy/src/daisy_seed.h ****     }
 1596              		.loc 11 128 23 view .LVU469
ARM GAS  /var/folders/6_/psd2b8g56p7696hhrr4ztjs00000gn/T//ccnMmAev.s 			page 58


 1597 0104 4A48     		ldr	r0, .L92+56
 1598              	.LVL105:
 128:../libDaisy/src/daisy_seed.h ****     }
 1599              		.loc 11 128 23 view .LVU470
 1600 0106 D158     		ldr	r1, [r2, r3]
 1601              	.LBE379:
 1602              	.LBE387:
 261:ReactivePedal.cpp ****                               tonePresets[currentPresetIndex].toneName,
 1603              		.loc 1 261 30 view .LVU471
 1604 0108 BDEEC55A 		vcvt.s32.f32	s10, s10
 1605 010c FDEEE55A 		vcvt.s32.f32	s11, s11
 1606              	.LBB388:
 1607              	.LBB380:
 128:../libDaisy/src/daisy_seed.h ****     }
 1608              		.loc 11 128 23 view .LVU472
 1609 0110 17EE903A 		vmov	r3, s15	@ int
 1610              	.LBE380:
 1611              	.LBE388:
 261:ReactivePedal.cpp ****                               tonePresets[currentPresetIndex].toneName,
 1612              		.loc 1 261 30 view .LVU473
 1613 0114 BDEEC66A 		vcvt.s32.f32	s12, s12
 1614              	.LBB389:
 1615              	.LBB381:
 128:../libDaisy/src/daisy_seed.h ****     }
 1616              		.loc 11 128 23 view .LVU474
 1617 0118 CDED074A 		vstr.32	s9, [sp, #28]	@ int
 1618              	.LBE381:
 1619              	.LBE389:
 261:ReactivePedal.cpp ****                               tonePresets[currentPresetIndex].toneName,
 1620              		.loc 1 261 30 view .LVU475
 1621 011c FDEEE66A 		vcvt.s32.f32	s13, s13
 1622              	.LBB390:
 1623              	.LBB382:
 128:../libDaisy/src/daisy_seed.h ****     }
 1624              		.loc 11 128 23 view .LVU476
 1625 0120 8DED065A 		vstr.32	s10, [sp, #24]	@ int
 1626              	.LBE382:
 1627              	.LBE390:
 261:ReactivePedal.cpp ****                               tonePresets[currentPresetIndex].toneName,
 1628              		.loc 1 261 30 view .LVU477
 1629 0124 BDEEC77A 		vcvt.s32.f32	s14, s14
 1630              	.LBB391:
 1631              	.LBB383:
 128:../libDaisy/src/daisy_seed.h ****     }
 1632              		.loc 11 128 23 view .LVU478
 1633 0128 CDED055A 		vstr.32	s11, [sp, #20]	@ int
 1634              	.LBE383:
 1635              	.LBE391:
 261:ReactivePedal.cpp ****                               tonePresets[currentPresetIndex].toneName,
 1636              		.loc 1 261 30 view .LVU479
 1637 012c FDEEE22A 		vcvt.s32.f32	s5, s5
 1638              	.LBB392:
 1639              	.LBB384:
 128:../libDaisy/src/daisy_seed.h ****     }
 1640              		.loc 11 128 23 view .LVU480
 1641 0130 8DED046A 		vstr.32	s12, [sp, #16]	@ int
 1642 0134 FDEEC47A 		vcvt.s32.f32	s15, s8
ARM GAS  /var/folders/6_/psd2b8g56p7696hhrr4ztjs00000gn/T//ccnMmAev.s 			page 59


 1643 0138 CDED036A 		vstr.32	s13, [sp, #12]	@ int
 1644 013c 8DED027A 		vstr.32	s14, [sp, #8]	@ int
 1645 0140 CDED012A 		vstr.32	s5, [sp, #4]	@ int
 1646 0144 17EE902A 		vmov	r2, s15	@ int
 1647 0148 FFF7FEFF 		bl	_ZN5daisy6LoggerILNS_17LoggerDestinationE1EE9PrintLineEPKcz
 1648              	.LVL106:
 128:../libDaisy/src/daisy_seed.h ****     }
 1649              		.loc 11 128 23 view .LVU481
 1650              	.LBE384:
 1651              	.LBE392:
 1652              	.LBE375:
 245:ReactivePedal.cpp ****         if(extractor.ProcessFrame(latestFeatures)) {
 1653              		.loc 1 245 5 is_stmt 1 view .LVU482
 1654              	.LBB393:
 246:ReactivePedal.cpp ****             SmoothFeatures(latestFeatures, smoothedFeatures);
 1655              		.loc 1 246 9 view .LVU483
 246:ReactivePedal.cpp ****             SmoothFeatures(latestFeatures, smoothedFeatures);
 1656              		.loc 1 246 34 is_stmt 0 view .LVU484
 1657 014c 3549     		ldr	r1, .L92+44
 1658 014e 2D48     		ldr	r0, .L92+12
 1659 0150 FFF7FEFF 		bl	_ZN16FeatureExtractor12ProcessFrameER13AudioFeatures
 1660              	.LVL107:
 246:ReactivePedal.cpp ****             SmoothFeatures(latestFeatures, smoothedFeatures);
 1661              		.loc 1 246 9 discriminator 1 view .LVU485
 1662 0154 0028     		cmp	r0, #0
 1663 0156 98D0     		beq	.L83
 1664              	.LVL108:
 1665              	.L91:
 247:ReactivePedal.cpp **** 
 1666              		.loc 1 247 13 is_stmt 1 view .LVU486
 249:ReactivePedal.cpp ****             smoothedTone = 0.92f * smoothedTone + 0.08f * targetTone;
 1667              		.loc 1 249 59 is_stmt 0 view .LVU487
 1668 0158 364B     		ldr	r3, .L92+60
 247:ReactivePedal.cpp **** 
 1669              		.loc 1 247 27 view .LVU488
 1670 015a 3049     		ldr	r1, .L92+36
 1671 015c 3148     		ldr	r0, .L92+44
 1672 015e FFF7FEFF 		bl	_Z14SmoothFeaturesRK13AudioFeaturesRS_
 1673              	.LVL109:
 249:ReactivePedal.cpp ****             smoothedTone = 0.92f * smoothedTone + 0.08f * targetTone;
 1674              		.loc 1 249 13 is_stmt 1 view .LVU489
 249:ReactivePedal.cpp ****             smoothedTone = 0.92f * smoothedTone + 0.08f * targetTone;
 1675              		.loc 1 249 59 is_stmt 0 view .LVU490
 1676 0162 9FED354A 		vldr.32	s8, .L92+64
 1677 0166 D3ED004A 		vldr.32	s9, [r3]
 249:ReactivePedal.cpp ****             smoothedTone = 0.92f * smoothedTone + 0.08f * targetTone;
 1678              		.loc 1 249 37 view .LVU491
 1679 016a DBED007A 		vldr.32	s15, [fp]
 249:ReactivePedal.cpp ****             smoothedTone = 0.92f * smoothedTone + 0.08f * targetTone;
 1680              		.loc 1 249 59 view .LVU492
 1681 016e 64EE844A 		vmul.f32	s9, s9, s8
 249:ReactivePedal.cpp ****             smoothedTone = 0.92f * smoothedTone + 0.08f * targetTone;
 1682              		.loc 1 249 51 view .LVU493
 1683 0172 9FED327A 		vldr.32	s14, .L92+68
 250:ReactivePedal.cpp ****             smoothedPreamp = 0.90f * smoothedPreamp + 0.10f * targetPreamp;
 1684              		.loc 1 250 57 view .LVU494
 1685 0176 324B     		ldr	r3, .L92+72
ARM GAS  /var/folders/6_/psd2b8g56p7696hhrr4ztjs00000gn/T//ccnMmAev.s 			page 60


 1686 0178 DFED326A 		vldr.32	s13, .L92+76
 249:ReactivePedal.cpp ****             smoothedTone = 0.92f * smoothedTone + 0.08f * targetTone;
 1687              		.loc 1 249 51 view .LVU495
 1688 017c E7EE874A 		vfma.f32	s9, s15, s14
 250:ReactivePedal.cpp ****             smoothedPreamp = 0.90f * smoothedPreamp + 0.10f * targetPreamp;
 1689              		.loc 1 250 57 view .LVU496
 1690 0180 93ED005A 		vldr.32	s10, [r3]
 250:ReactivePedal.cpp ****             smoothedPreamp = 0.90f * smoothedPreamp + 0.10f * targetPreamp;
 1691              		.loc 1 250 49 view .LVU497
 1692 0184 DFED303A 		vldr.32	s7, .L92+80
 250:ReactivePedal.cpp ****             smoothedPreamp = 0.90f * smoothedPreamp + 0.10f * targetPreamp;
 1693              		.loc 1 250 57 view .LVU498
 1694 0188 25EE265A 		vmul.f32	s10, s10, s13
 251:ReactivePedal.cpp ****             smoothedMix = 0.90f * smoothedMix + 0.10f * targetMix;
 1695              		.loc 1 251 61 view .LVU499
 1696 018c 2F4B     		ldr	r3, .L92+84
 1697 018e D3ED005A 		vldr.32	s11, [r3]
 252:ReactivePedal.cpp ****             smoothedLevel = 0.90f * smoothedLevel + 0.10f * targetLevel;
 1698              		.loc 1 252 55 view .LVU500
 1699 0192 2F4B     		ldr	r3, .L92+88
 249:ReactivePedal.cpp ****             smoothedTone = 0.92f * smoothedTone + 0.08f * targetTone;
 1700              		.loc 1 249 27 view .LVU501
 1701 0194 CBED004A 		vstr.32	s9, [fp]
 250:ReactivePedal.cpp ****             smoothedPreamp = 0.90f * smoothedPreamp + 0.10f * targetPreamp;
 1702              		.loc 1 250 13 is_stmt 1 view .LVU502
 251:ReactivePedal.cpp ****             smoothedMix = 0.90f * smoothedMix + 0.10f * targetMix;
 1703              		.loc 1 251 61 is_stmt 0 view .LVU503
 1704 0198 65EE845A 		vmul.f32	s11, s11, s8
 250:ReactivePedal.cpp ****             smoothedPreamp = 0.90f * smoothedPreamp + 0.10f * targetPreamp;
 1705              		.loc 1 250 36 view .LVU504
 1706 019c DAED004A 		vldr.32	s9, [r10]
 252:ReactivePedal.cpp ****             smoothedLevel = 0.90f * smoothedLevel + 0.10f * targetLevel;
 1707              		.loc 1 252 55 view .LVU505
 1708 01a0 93ED006A 		vldr.32	s12, [r3]
 250:ReactivePedal.cpp ****             smoothedPreamp = 0.90f * smoothedPreamp + 0.10f * targetPreamp;
 1709              		.loc 1 250 49 view .LVU506
 1710 01a4 A4EEA35A 		vfma.f32	s10, s9, s7
 253:ReactivePedal.cpp ****             smoothedClipThreshold = 0.90f * smoothedClipThreshold + 0.10f * targetClipThreshold;
 1711              		.loc 1 253 59 view .LVU507
 1712 01a8 2A4B     		ldr	r3, .L92+92
 252:ReactivePedal.cpp ****             smoothedLevel = 0.90f * smoothedLevel + 0.10f * targetLevel;
 1713              		.loc 1 252 55 view .LVU508
 1714 01aa 26EE046A 		vmul.f32	s12, s12, s8
 253:ReactivePedal.cpp ****             smoothedClipThreshold = 0.90f * smoothedClipThreshold + 0.10f * targetClipThreshold;
 1715              		.loc 1 253 59 view .LVU509
 1716 01ae D3ED006A 		vldr.32	s13, [r3]
 254:ReactivePedal.cpp ****         }
 1717              		.loc 1 254 75 view .LVU510
 1718 01b2 294B     		ldr	r3, .L92+96
 253:ReactivePedal.cpp ****             smoothedClipThreshold = 0.90f * smoothedClipThreshold + 0.10f * targetClipThreshold;
 1719              		.loc 1 253 59 view .LVU511
 1720 01b4 66EE846A 		vmul.f32	s13, s13, s8
 254:ReactivePedal.cpp ****         }
 1721              		.loc 1 254 75 view .LVU512
 1722 01b8 D3ED007A 		vldr.32	s15, [r3]
 250:ReactivePedal.cpp ****             smoothedPreamp = 0.90f * smoothedPreamp + 0.10f * targetPreamp;
 1723              		.loc 1 250 26 view .LVU513
ARM GAS  /var/folders/6_/psd2b8g56p7696hhrr4ztjs00000gn/T//ccnMmAev.s 			page 61


 1724 01bc 8AED005A 		vstr.32	s10, [r10]
 251:ReactivePedal.cpp ****             smoothedMix = 0.90f * smoothedMix + 0.10f * targetMix;
 1725              		.loc 1 251 13 is_stmt 1 view .LVU514
 251:ReactivePedal.cpp ****             smoothedMix = 0.90f * smoothedMix + 0.10f * targetMix;
 1726              		.loc 1 251 38 is_stmt 0 view .LVU515
 1727 01c0 99ED005A 		vldr.32	s10, [r9]
 254:ReactivePedal.cpp ****         }
 1728              		.loc 1 254 75 view .LVU516
 1729 01c4 67EE847A 		vmul.f32	s15, s15, s8
 254:ReactivePedal.cpp ****         }
 1730              		.loc 1 254 45 view .LVU517
 1731 01c8 244B     		ldr	r3, .L92+100
 251:ReactivePedal.cpp ****             smoothedMix = 0.90f * smoothedMix + 0.10f * targetMix;
 1732              		.loc 1 251 53 view .LVU518
 1733 01ca E5EE075A 		vfma.f32	s11, s10, s14
 251:ReactivePedal.cpp ****             smoothedMix = 0.90f * smoothedMix + 0.10f * targetMix;
 1734              		.loc 1 251 28 view .LVU519
 1735 01ce C9ED005A 		vstr.32	s11, [r9]
 252:ReactivePedal.cpp ****             smoothedLevel = 0.90f * smoothedLevel + 0.10f * targetLevel;
 1736              		.loc 1 252 13 is_stmt 1 view .LVU520
 252:ReactivePedal.cpp ****             smoothedLevel = 0.90f * smoothedLevel + 0.10f * targetLevel;
 1737              		.loc 1 252 35 is_stmt 0 view .LVU521
 1738 01d2 D8ED005A 		vldr.32	s11, [r8]
 252:ReactivePedal.cpp ****             smoothedLevel = 0.90f * smoothedLevel + 0.10f * targetLevel;
 1739              		.loc 1 252 47 view .LVU522
 1740 01d6 A5EE876A 		vfma.f32	s12, s11, s14
 252:ReactivePedal.cpp ****             smoothedLevel = 0.90f * smoothedLevel + 0.10f * targetLevel;
 1741              		.loc 1 252 25 view .LVU523
 1742 01da 88ED006A 		vstr.32	s12, [r8]
 253:ReactivePedal.cpp ****             smoothedClipThreshold = 0.90f * smoothedClipThreshold + 0.10f * targetClipThreshold;
 1743              		.loc 1 253 13 is_stmt 1 view .LVU524
 253:ReactivePedal.cpp ****             smoothedClipThreshold = 0.90f * smoothedClipThreshold + 0.10f * targetClipThreshold;
 1744              		.loc 1 253 37 is_stmt 0 view .LVU525
 1745 01de 97ED006A 		vldr.32	s12, [r7]
 253:ReactivePedal.cpp ****             smoothedClipThreshold = 0.90f * smoothedClipThreshold + 0.10f * targetClipThreshold;
 1746              		.loc 1 253 51 view .LVU526
 1747 01e2 E6EE076A 		vfma.f32	s13, s12, s14
 253:ReactivePedal.cpp ****             smoothedClipThreshold = 0.90f * smoothedClipThreshold + 0.10f * targetClipThreshold;
 1748              		.loc 1 253 27 view .LVU527
 1749 01e6 C7ED006A 		vstr.32	s13, [r7]
 254:ReactivePedal.cpp ****         }
 1750              		.loc 1 254 13 is_stmt 1 view .LVU528
 254:ReactivePedal.cpp ****         }
 1751              		.loc 1 254 45 is_stmt 0 view .LVU529
 1752 01ea D3ED006A 		vldr.32	s13, [r3]
 254:ReactivePedal.cpp ****         }
 1753              		.loc 1 254 67 view .LVU530
 1754 01ee E6EE877A 		vfma.f32	s15, s13, s14
 254:ReactivePedal.cpp ****         }
 1755              		.loc 1 254 35 view .LVU531
 1756 01f2 C3ED007A 		vstr.32	s15, [r3]
 1757 01f6 48E7     		b	.L83
 1758              	.L93:
 1759              		.align	2
 1760              	.L92:
 1761 01f8 00000000 		.word	hw
 1762 01fc 00000000 		.word	currentPresetIndex
ARM GAS  /var/folders/6_/psd2b8g56p7696hhrr4ztjs00000gn/T//ccnMmAev.s 			page 62


 1763 0200 00803B47 		.word	1195081728
 1764 0204 00000000 		.word	extractor
 1765 0208 00000000 		.word	_ZL11tonePresets
 1766 020c 00000000 		.word	.LC0
 1767 0210 0C000000 		.word	.LC1
 1768 0214 00000000 		.word	smoothedLevel
 1769 0218 00000000 		.word	_Z13AudioCallBackPKPKfPPfj
 1770 021c 00000000 		.word	smoothedFeatures
 1771 0220 18000000 		.word	.LC2
 1772 0224 00000000 		.word	latestFeatures
 1773 0228 00007A44 		.word	1148846080
 1774 022c 0000C842 		.word	1120403456
 1775 0230 28000000 		.word	.LC3
 1776 0234 00000000 		.word	targetDrive
 1777 0238 CDCCCC3D 		.word	1036831949
 1778 023c 6666663F 		.word	1063675494
 1779 0240 00000000 		.word	targetTone
 1780 0244 0AD7A33D 		.word	1034147594
 1781 0248 1F856B3F 		.word	1064011039
 1782 024c 00000000 		.word	targetPreamp
 1783 0250 00000000 		.word	targetMix
 1784 0254 00000000 		.word	targetLevel
 1785 0258 00000000 		.word	targetClipThreshold
 1786 025c 00000000 		.word	smoothedClipThreshold
 1787 0260 00000000 		.word	smoothedDrive
 1788 0264 00000000 		.word	smoothedTone
 1789 0268 00000000 		.word	smoothedPreamp
 1790 026c 00000000 		.word	smoothedMix
 1791              	.LBE393:
 1792              		.cfi_endproc
 1793              	.LFE4715:
 1795              		.section	.text.startup._GLOBAL__sub_I_hw,"ax",%progbits
 1796              		.align	1
 1797              		.p2align 2,,3
 1798              		.syntax unified
 1799              		.thumb
 1800              		.thumb_func
 1802              	_GLOBAL__sub_I_hw:
 1803              	.LFB5366:
 273:ReactivePedal.cpp ****         }
 274:ReactivePedal.cpp ****     }
 275:ReactivePedal.cpp **** }
 1804              		.loc 1 275 1 is_stmt 1 view -0
 1805              		.cfi_startproc
 1806              		@ args = 0, pretend = 0, frame = 0
 1807              		@ frame_needed = 0, uses_anonymous_args = 0
 1808              	.LBB466:
 1809              	.LBI466:
 1810              		.loc 1 275 1 view .LVU533
 1811              	.LVL110:
 1812              	.LBB467:
 1813              	.LBB468:
 1814              	.LBI468:
  35:../libDaisy/src/daisy_pod.h ****     ~DaisyPod() {}
 1815              		.loc 2 35 5 view .LVU534
 1816              	.LBB469:
 1817              	.LBB470:
ARM GAS  /var/folders/6_/psd2b8g56p7696hhrr4ztjs00000gn/T//ccnMmAev.s 			page 63


 1818              	.LBI470:
  21:../libDaisy/src/daisy_seed.h ****     ~DaisySeed() {}
 1819              		.loc 11 21 5 view .LVU535
 1820              	.LBB471:
 1821              	.LBB472:
 1822              	.LBI472:
 1823              		.file 16 "../libDaisy/src/per/qspi.h"
   1:../libDaisy/src/per/qspi.h **** #ifndef DSY_QSPI
   2:../libDaisy/src/per/qspi.h **** #define DSY_QSPI /**< Macro */
   3:../libDaisy/src/per/qspi.h **** 
   4:../libDaisy/src/per/qspi.h **** #ifndef UNIT_TEST // for unit tests, a dummy implementation
   5:../libDaisy/src/per/qspi.h **** 
   6:../libDaisy/src/per/qspi.h **** #include <cstdint>
   7:../libDaisy/src/per/qspi.h **** #include "daisy_core.h" // Added for dsy_gpio_pin typedef
   8:../libDaisy/src/per/qspi.h **** 
   9:../libDaisy/src/per/qspi.h **** #define DSY_QSPI_TEXT       \
  10:../libDaisy/src/per/qspi.h ****     __attribute__((section( \
  11:../libDaisy/src/per/qspi.h ****         ".qspiflash_text"))) /**< used for reading memory in memory_mapped mode. */
  12:../libDaisy/src/per/qspi.h **** #define DSY_QSPI_DATA       \
  13:../libDaisy/src/per/qspi.h ****     __attribute__((section( \
  14:../libDaisy/src/per/qspi.h ****         ".qspiflash_data"))) /**< used for reading memory in memory_mapped mode. */
  15:../libDaisy/src/per/qspi.h **** #define DSY_QSPI_BSS        \
  16:../libDaisy/src/per/qspi.h ****     __attribute__((section( \
  17:../libDaisy/src/per/qspi.h ****         ".qspiflash_bss"))) /**< used for reading memory in memory_mapped mode. */
  18:../libDaisy/src/per/qspi.h **** 
  19:../libDaisy/src/per/qspi.h **** namespace daisy
  20:../libDaisy/src/per/qspi.h **** {
  21:../libDaisy/src/per/qspi.h **** /** @addtogroup serial
  22:../libDaisy/src/per/qspi.h **** @{
  23:../libDaisy/src/per/qspi.h **** */
  24:../libDaisy/src/per/qspi.h **** 
  25:../libDaisy/src/per/qspi.h **** /** 
  26:../libDaisy/src/per/qspi.h ****  Driver for QSPI peripheral to interface with external flash memory. \n 
  27:../libDaisy/src/per/qspi.h ****     Currently supported QSPI Devices: \n 
  28:../libDaisy/src/per/qspi.h ****     * IS25LP080D
  29:../libDaisy/src/per/qspi.h **** */
  30:../libDaisy/src/per/qspi.h **** class QSPIHandle
  31:../libDaisy/src/per/qspi.h **** {
  32:../libDaisy/src/per/qspi.h ****   public:
  33:../libDaisy/src/per/qspi.h ****     enum Result
  34:../libDaisy/src/per/qspi.h ****     {
  35:../libDaisy/src/per/qspi.h ****         OK = 0,
  36:../libDaisy/src/per/qspi.h ****         ERR
  37:../libDaisy/src/per/qspi.h ****     };
  38:../libDaisy/src/per/qspi.h **** 
  39:../libDaisy/src/per/qspi.h ****     /** Indicates the current status of the module. 
  40:../libDaisy/src/per/qspi.h ****          *  Warnings are indicated by a leading W.
  41:../libDaisy/src/per/qspi.h ****          *  Errors are indicated by a leading E and cause an immediate exit.
  42:../libDaisy/src/per/qspi.h ****          * 
  43:../libDaisy/src/per/qspi.h ****          *  \param GOOD - No errors have been reported.
  44:../libDaisy/src/per/qspi.h ****          *  \param E_HAL_ERROR - HAL code did not return HAL_OK.
  45:../libDaisy/src/per/qspi.h ****          *  \param E_SWITCHING_MODES - An error was encountered while switching QSPI peripheral mod
  46:../libDaisy/src/per/qspi.h ****          *  \param E_INVALID_MODE - QSPI should not be written to while the program is executing fr
  47:../libDaisy/src/per/qspi.h ****          */
  48:../libDaisy/src/per/qspi.h ****     enum Status
  49:../libDaisy/src/per/qspi.h ****     {
  50:../libDaisy/src/per/qspi.h ****         GOOD = 0,
ARM GAS  /var/folders/6_/psd2b8g56p7696hhrr4ztjs00000gn/T//ccnMmAev.s 			page 64


  51:../libDaisy/src/per/qspi.h ****         E_HAL_ERROR,
  52:../libDaisy/src/per/qspi.h ****         E_SWITCHING_MODES,
  53:../libDaisy/src/per/qspi.h ****         E_INVALID_MODE,
  54:../libDaisy/src/per/qspi.h ****     };
  55:../libDaisy/src/per/qspi.h **** 
  56:../libDaisy/src/per/qspi.h ****     /** Configuration structure for interfacing with QSPI Driver */
  57:../libDaisy/src/per/qspi.h ****     struct Config
  58:../libDaisy/src/per/qspi.h ****     {
  59:../libDaisy/src/per/qspi.h ****         /** Flash Devices supported. (Both of these are more-or-less the same, just different sizes
  60:../libDaisy/src/per/qspi.h ****         enum Device
  61:../libDaisy/src/per/qspi.h ****         {
  62:../libDaisy/src/per/qspi.h ****             IS25LP080D,  /**< & */
  63:../libDaisy/src/per/qspi.h ****             IS25LP064A,  /**< & */
  64:../libDaisy/src/per/qspi.h ****             DEVICE_LAST, /**< & */
  65:../libDaisy/src/per/qspi.h ****         };
  66:../libDaisy/src/per/qspi.h **** 
  67:../libDaisy/src/per/qspi.h ****         /** 
  68:../libDaisy/src/per/qspi.h ****         Modes of operation.
  69:../libDaisy/src/per/qspi.h ****         Memory Mapped mode: QSPI configured so that the QSPI can be
  70:../libDaisy/src/per/qspi.h ****         read from starting address 0x90000000. Writing is not
  71:../libDaisy/src/per/qspi.h ****         possible in this mode. \n 
  72:../libDaisy/src/per/qspi.h ****         Indirect Polling mode: Device driver enabled. 
  73:../libDaisy/src/per/qspi.h ****         */
  74:../libDaisy/src/per/qspi.h ****         enum Mode
  75:../libDaisy/src/per/qspi.h ****         {
  76:../libDaisy/src/per/qspi.h ****             MEMORY_MAPPED,    /**< & */
  77:../libDaisy/src/per/qspi.h ****             INDIRECT_POLLING, /**< & */
  78:../libDaisy/src/per/qspi.h ****             MODE_LAST,
  79:../libDaisy/src/per/qspi.h ****         };
  80:../libDaisy/src/per/qspi.h **** 
  81:../libDaisy/src/per/qspi.h ****         //SCK,  CE# (active low)
  82:../libDaisy/src/per/qspi.h ****         struct
  83:../libDaisy/src/per/qspi.h ****         {
  84:../libDaisy/src/per/qspi.h ****             dsy_gpio_pin io0; /**< & */
  85:../libDaisy/src/per/qspi.h ****             dsy_gpio_pin io1; /**< & */
  86:../libDaisy/src/per/qspi.h ****             dsy_gpio_pin io2; /**< & */
  87:../libDaisy/src/per/qspi.h ****             dsy_gpio_pin io3; /**< & */
  88:../libDaisy/src/per/qspi.h ****             dsy_gpio_pin clk; /**< & */
  89:../libDaisy/src/per/qspi.h ****             dsy_gpio_pin ncs; /**< & */
  90:../libDaisy/src/per/qspi.h ****         } pin_config;
  91:../libDaisy/src/per/qspi.h **** 
  92:../libDaisy/src/per/qspi.h ****         Device device;
  93:../libDaisy/src/per/qspi.h ****         Mode   mode;
  94:../libDaisy/src/per/qspi.h ****     };
  95:../libDaisy/src/per/qspi.h **** 
  96:../libDaisy/src/per/qspi.h ****     /** 
  97:../libDaisy/src/per/qspi.h ****         Initializes QSPI peripheral, and Resets, and prepares memory for access.
  98:../libDaisy/src/per/qspi.h ****         \param config should be populated with the mode, device and pin_config before calling this 
  99:../libDaisy/src/per/qspi.h ****         \return Result::OK or Result::ERR
 100:../libDaisy/src/per/qspi.h ****         */
 101:../libDaisy/src/per/qspi.h ****     Result Init(const Config& config);
 102:../libDaisy/src/per/qspi.h **** 
 103:../libDaisy/src/per/qspi.h ****     /** Returns the current config. */
 104:../libDaisy/src/per/qspi.h ****     const Config& GetConfig() const;
 105:../libDaisy/src/per/qspi.h **** 
 106:../libDaisy/src/per/qspi.h ****     // Couldn't this just be called before anything else in init? That
 107:../libDaisy/src/per/qspi.h ****     // would make manually calling it unnecessary.
ARM GAS  /var/folders/6_/psd2b8g56p7696hhrr4ztjs00000gn/T//ccnMmAev.s 			page 65


 108:../libDaisy/src/per/qspi.h ****     /** 
 109:../libDaisy/src/per/qspi.h ****         Deinitializes the peripheral
 110:../libDaisy/src/per/qspi.h ****         This should be called before reinitializing QSPI in a different mode.
 111:../libDaisy/src/per/qspi.h ****         \return Result::OK or Result::ERR
 112:../libDaisy/src/per/qspi.h ****         */
 113:../libDaisy/src/per/qspi.h ****     Result DeInit();
 114:../libDaisy/src/per/qspi.h **** 
 115:../libDaisy/src/per/qspi.h ****     /** 
 116:../libDaisy/src/per/qspi.h ****         Writes a single page to to the specified address on the QSPI chip.
 117:../libDaisy/src/per/qspi.h ****         For IS25LP*, page size is 256 bytes.
 118:../libDaisy/src/per/qspi.h ****         \param address Address to write to
 119:../libDaisy/src/per/qspi.h ****         \param size Buffer size
 120:../libDaisy/src/per/qspi.h ****         \param buffer Buffer to write
 121:../libDaisy/src/per/qspi.h ****         \return Result::OK or Result::ERR
 122:../libDaisy/src/per/qspi.h ****         */
 123:../libDaisy/src/per/qspi.h ****     Result WritePage(uint32_t address, uint32_t size, uint8_t* buffer);
 124:../libDaisy/src/per/qspi.h **** 
 125:../libDaisy/src/per/qspi.h ****     /** 
 126:../libDaisy/src/per/qspi.h ****         Writes data in buffer to to the QSPI. Starting at address to address+size 
 127:../libDaisy/src/per/qspi.h ****         \param address Address to write to
 128:../libDaisy/src/per/qspi.h ****         \param size Buffer size
 129:../libDaisy/src/per/qspi.h ****         \param buffer Buffer to write
 130:../libDaisy/src/per/qspi.h ****         \return Result::OK or Result::ERR
 131:../libDaisy/src/per/qspi.h ****         */
 132:../libDaisy/src/per/qspi.h ****     Result Write(uint32_t address, uint32_t size, uint8_t* buffer);
 133:../libDaisy/src/per/qspi.h **** 
 134:../libDaisy/src/per/qspi.h ****     /** 
 135:../libDaisy/src/per/qspi.h ****         Erases the area specified on the chip.
 136:../libDaisy/src/per/qspi.h ****         Erasures will happen by 4K, 32K or 64K increments.
 137:../libDaisy/src/per/qspi.h ****         Smallest erase possible is 4kB at a time. (on IS25LP*)
 138:../libDaisy/src/per/qspi.h ****         \param start_addr Address to begin erasing from
 139:../libDaisy/src/per/qspi.h ****         \param end_addr  Address to stop erasing at
 140:../libDaisy/src/per/qspi.h ****         \return Result::OK or Result::ERR
 141:../libDaisy/src/per/qspi.h ****         */
 142:../libDaisy/src/per/qspi.h ****     Result Erase(uint32_t start_addr, uint32_t end_addr);
 143:../libDaisy/src/per/qspi.h **** 
 144:../libDaisy/src/per/qspi.h ****     /**  
 145:../libDaisy/src/per/qspi.h ****          Erases a single sector of the chip.  
 146:../libDaisy/src/per/qspi.h ****         TODO: Document the size of this function. 
 147:../libDaisy/src/per/qspi.h ****         \param address Address of sector to erase
 148:../libDaisy/src/per/qspi.h ****         \return Result::OK or Result::ERR
 149:../libDaisy/src/per/qspi.h ****         */
 150:../libDaisy/src/per/qspi.h ****     Result EraseSector(uint32_t address);
 151:../libDaisy/src/per/qspi.h **** 
 152:../libDaisy/src/per/qspi.h ****     /** Returns the current class status. Useful for debugging.
 153:../libDaisy/src/per/qspi.h ****      *  \returns Status
 154:../libDaisy/src/per/qspi.h ****      */
 155:../libDaisy/src/per/qspi.h ****     Status GetStatus();
 156:../libDaisy/src/per/qspi.h **** 
 157:../libDaisy/src/per/qspi.h ****     /** Returns a pointer to the actual memory used 
 158:../libDaisy/src/per/qspi.h ****      *  The memory at this address is read-only
 159:../libDaisy/src/per/qspi.h ****      *  to write to it use the Write function.
 160:../libDaisy/src/per/qspi.h ****      * 
 161:../libDaisy/src/per/qspi.h ****      *  \param offset returns the pointer starting this 
 162:../libDaisy/src/per/qspi.h ****      *                many bytes into the memory
 163:../libDaisy/src/per/qspi.h ****     */
 164:../libDaisy/src/per/qspi.h ****     void* GetData(uint32_t offset = 0);
ARM GAS  /var/folders/6_/psd2b8g56p7696hhrr4ztjs00000gn/T//ccnMmAev.s 			page 66


 165:../libDaisy/src/per/qspi.h **** 
 166:../libDaisy/src/per/qspi.h ****     QSPIHandle() : pimpl_(nullptr) {}
 1824              		.loc 16 166 5 view .LVU536
 1825              	.LBE472:
 1826              	.LBE471:
 1827              	.LBE470:
 1828              	.LBE469:
 1829              	.LBE468:
 1830              	.LBE467:
 1831              	.LBE466:
 1832              		.loc 1 275 1 is_stmt 0 view .LVU537
 1833 0000 38B5     		push	{r3, r4, r5, lr}
 1834              		.cfi_def_cfa_offset 16
 1835              		.cfi_offset 3, -16
 1836              		.cfi_offset 4, -12
 1837              		.cfi_offset 5, -8
 1838              		.cfi_offset 14, -4
 1839              	.LBB595:
 1840              	.LBB594:
 1841              	.LBB577:
 1842              	.LBB571:
 1843              	.LBB493:
 1844              	.LBB491:
 1845              	.LBB477:
 1846              	.LBB473:
 1847              	.LBB474:
 1848              		.loc 16 166 20 view .LVU538
 1849 0002 284C     		ldr	r4, .L96
 1850 0004 0025     		movs	r5, #0
 1851              	.LBE474:
 1852              	.LBE473:
 1853              	.LBE477:
 1854              	.LBE491:
 1855              	.LBE493:
 1856              	.LBB494:
 1857              	.LBB495:
 1858              	.LBB496:
 1859              	.LBB497:
 157:../libDaisy/src/hid/midi.h **** 
 158:../libDaisy/src/hid/midi.h ****     struct Config
 1860              		.loc 3 158 12 view .LVU539
 1861 0006 04F5C070 		add	r0, r4, #384
 1862              	.LBE497:
 1863              	.LBE496:
 1864              	.LBE495:
 1865              	.LBE494:
 1866              	.LBB547:
 1867              	.LBB492:
 1868              	.LBB478:
 1869              	.LBB476:
 1870              	.LBB475:
 1871              		.loc 16 166 20 view .LVU540
 1872 000a 2560     		str	r5, [r4]
 1873              	.LVL111:
 1874              		.loc 16 166 20 view .LVU541
 1875              	.LBE475:
 1876              	.LBE476:
ARM GAS  /var/folders/6_/psd2b8g56p7696hhrr4ztjs00000gn/T//ccnMmAev.s 			page 67


 1877              	.LBE478:
 1878              	.LBB479:
 1879              	.LBI479:
  95:../libDaisy/src/hid/audio.h ****     ~AudioHandle() {}
 1880              		.loc 15 95 5 is_stmt 1 view .LVU542
 1881              	.LBB480:
 1882              	.LBB481:
  95:../libDaisy/src/hid/audio.h ****     ~AudioHandle() {}
 1883              		.loc 15 95 21 is_stmt 0 view .LVU543
 1884 000c 6561     		str	r5, [r4, #20]
 1885              	.LVL112:
  95:../libDaisy/src/hid/audio.h ****     ~AudioHandle() {}
 1886              		.loc 15 95 21 view .LVU544
 1887              	.LBE481:
 1888              	.LBE480:
 1889              	.LBE479:
 1890              	.LBB482:
 1891              	.LBI482:
 109:../libDaisy/src/per/adc.h ****     ~AdcHandle() {}
 1892              		.loc 14 109 5 is_stmt 1 view .LVU545
 109:../libDaisy/src/per/adc.h ****     ~AdcHandle() {}
 1893              		.loc 14 109 5 is_stmt 0 view .LVU546
 1894              	.LBE482:
 1895              	.LBB483:
 1896              	.LBI483:
 1897              		.file 17 "../libDaisy/src/per/dac.h"
   1:../libDaisy/src/per/dac.h **** #pragma once
   2:../libDaisy/src/per/dac.h **** #ifndef DSY_DAC_H
   3:../libDaisy/src/per/dac.h **** #define DSY_DAC_H
   4:../libDaisy/src/per/dac.h **** 
   5:../libDaisy/src/per/dac.h **** #include "daisy_core.h"
   6:../libDaisy/src/per/dac.h **** 
   7:../libDaisy/src/per/dac.h **** namespace daisy
   8:../libDaisy/src/per/dac.h **** {
   9:../libDaisy/src/per/dac.h **** /** @brief DAC handle for Built-in DAC Peripheral 
  10:../libDaisy/src/per/dac.h ****  *  @ingroup per_analog
  11:../libDaisy/src/per/dac.h ****  ** 
  12:../libDaisy/src/per/dac.h ****  ** For now only Normal Mode is supported,
  13:../libDaisy/src/per/dac.h ****  ** Sample and hold mode provides reduced power consumption, but requires a bit more setup.
  14:../libDaisy/src/per/dac.h ****  **
  15:../libDaisy/src/per/dac.h ****  ** For now connecting the DAC through other internal peripherals is also not supported.
  16:../libDaisy/src/per/dac.h ****  **
  17:../libDaisy/src/per/dac.h ****  ** Since the DAC channels have dedicated pins we don't need to pass in a pin config like with
  18:../libDaisy/src/per/dac.h ****  ** other modules. However, it is still important to not try to use the DAC pins for anything else.
  19:../libDaisy/src/per/dac.h ****  ** DAC Channel 1 is on PA4, and DAC Channel 2 is on PA5
  20:../libDaisy/src/per/dac.h ****  ***/
  21:../libDaisy/src/per/dac.h **** class DacHandle
  22:../libDaisy/src/per/dac.h **** {
  23:../libDaisy/src/per/dac.h ****   public:
  24:../libDaisy/src/per/dac.h ****     /** Return Values for the DacHandle class */
  25:../libDaisy/src/per/dac.h ****     enum class Result
  26:../libDaisy/src/per/dac.h ****     {
  27:../libDaisy/src/per/dac.h ****         OK,
  28:../libDaisy/src/per/dac.h ****         ERR,
  29:../libDaisy/src/per/dac.h ****     };
  30:../libDaisy/src/per/dac.h **** 
  31:../libDaisy/src/per/dac.h ****     /** Selects which channel(s) will be configured for use. */
ARM GAS  /var/folders/6_/psd2b8g56p7696hhrr4ztjs00000gn/T//ccnMmAev.s 			page 68


  32:../libDaisy/src/per/dac.h ****     enum class Channel
  33:../libDaisy/src/per/dac.h ****     {
  34:../libDaisy/src/per/dac.h ****         ONE,
  35:../libDaisy/src/per/dac.h ****         TWO,
  36:../libDaisy/src/per/dac.h ****         BOTH,
  37:../libDaisy/src/per/dac.h ****     };
  38:../libDaisy/src/per/dac.h **** 
  39:../libDaisy/src/per/dac.h ****     /** Sets the Mode for the DAC channels.
  40:../libDaisy/src/per/dac.h ****      **
  41:../libDaisy/src/per/dac.h ****      ** Polling mode uses the blocking mode to transmit a single value at a time.
  42:../libDaisy/src/per/dac.h ****      **
  43:../libDaisy/src/per/dac.h ****      ** DMA mode uses a buffer, and periodically transmits it triggering a 
  44:../libDaisy/src/per/dac.h ****      ** callback to fill the buffer when it is ready for more samples.
  45:../libDaisy/src/per/dac.h ****      ***/
  46:../libDaisy/src/per/dac.h ****     enum class Mode
  47:../libDaisy/src/per/dac.h ****     {
  48:../libDaisy/src/per/dac.h ****         POLLING,
  49:../libDaisy/src/per/dac.h ****         DMA,
  50:../libDaisy/src/per/dac.h ****     };
  51:../libDaisy/src/per/dac.h **** 
  52:../libDaisy/src/per/dac.h ****     /** Sets the number of bits per sample transmitted out of the DAC.
  53:../libDaisy/src/per/dac.h ****      ** The output range will be: 0V - VDDA
  54:../libDaisy/src/per/dac.h ****      ** The resolution will be roughly: bitdepth / (VDDA - 0V) 
  55:../libDaisy/src/per/dac.h ****      ***/
  56:../libDaisy/src/per/dac.h ****     enum class BitDepth
  57:../libDaisy/src/per/dac.h ****     {
  58:../libDaisy/src/per/dac.h ****         BITS_8,
  59:../libDaisy/src/per/dac.h ****         BITS_12
  60:../libDaisy/src/per/dac.h ****     };
  61:../libDaisy/src/per/dac.h **** 
  62:../libDaisy/src/per/dac.h ****     /** Sets whether the DAC output is buffered for higher drive ability. */
  63:../libDaisy/src/per/dac.h ****     enum class BufferState
  64:../libDaisy/src/per/dac.h ****     {
  65:../libDaisy/src/per/dac.h ****         ENABLED,
  66:../libDaisy/src/per/dac.h ****         DISABLED,
  67:../libDaisy/src/per/dac.h ****     };
  68:../libDaisy/src/per/dac.h **** 
  69:../libDaisy/src/per/dac.h ****     /** Configuration structure for initializing the DAC structure. */
  70:../libDaisy/src/per/dac.h ****     struct Config
  71:../libDaisy/src/per/dac.h ****     {
  72:../libDaisy/src/per/dac.h ****         /** Target Samplerate in Hz used to configure the internal 
  73:../libDaisy/src/per/dac.h ****          ** timebase for DMA mode. Does nothing in POLLING mode.
  74:../libDaisy/src/per/dac.h ****          ** If the value is 0 at Init time this will default to 48000Hz 
  75:../libDaisy/src/per/dac.h ****          ** otherwise the driver will attempt meet the target.*/
  76:../libDaisy/src/per/dac.h ****         uint32_t target_samplerate;
  77:../libDaisy/src/per/dac.h **** 
  78:../libDaisy/src/per/dac.h ****         Channel     chn;
  79:../libDaisy/src/per/dac.h ****         Mode        mode;
  80:../libDaisy/src/per/dac.h ****         BitDepth    bitdepth;
  81:../libDaisy/src/per/dac.h ****         BufferState buff_state;
  82:../libDaisy/src/per/dac.h ****     };
  83:../libDaisy/src/per/dac.h **** 
  84:../libDaisy/src/per/dac.h ****     DacHandle() : pimpl_(nullptr) {}
 1898              		.loc 17 84 5 is_stmt 1 view .LVU547
 1899              	.LBB484:
 1900              	.LBB485:
 1901              		.loc 17 84 19 is_stmt 0 view .LVU548
ARM GAS  /var/folders/6_/psd2b8g56p7696hhrr4ztjs00000gn/T//ccnMmAev.s 			page 69


 1902 000e 2562     		str	r5, [r4, #32]
 1903              	.LVL113:
 1904              		.loc 17 84 19 view .LVU549
 1905              	.LBE485:
 1906              	.LBE484:
 1907              	.LBE483:
 1908              	.LBB486:
 1909              	.LBI486:
  40:../libDaisy/src/hid/usb.h **** 
 1910              		.loc 13 40 5 is_stmt 1 view .LVU550
  40:../libDaisy/src/hid/usb.h **** 
 1911              		.loc 13 40 5 is_stmt 0 view .LVU551
 1912              	.LBE486:
 1913              	.LBB487:
 1914              	.LBI487:
  96:../libDaisy/src/sys/system.h ****     ~System() {}
 1915              		.loc 12 96 5 is_stmt 1 view .LVU552
  96:../libDaisy/src/sys/system.h ****     ~System() {}
 1916              		.loc 12 96 5 is_stmt 0 view .LVU553
 1917              	.LBE487:
 1918              	.LBB488:
 1919              	.LBI488:
 1920              		.file 18 "../libDaisy/src/per/sai.h"
   1:../libDaisy/src/per/sai.h **** #pragma once
   2:../libDaisy/src/per/sai.h **** #ifndef DSY_SAI_H
   3:../libDaisy/src/per/sai.h **** #define DSY_SAI_H
   4:../libDaisy/src/per/sai.h **** 
   5:../libDaisy/src/per/sai.h **** #include "daisy_core.h"
   6:../libDaisy/src/per/sai.h **** 
   7:../libDaisy/src/per/sai.h **** namespace daisy
   8:../libDaisy/src/per/sai.h **** {
   9:../libDaisy/src/per/sai.h **** /** 
  10:../libDaisy/src/per/sai.h ****  * Support for I2S Audio Protocol with different bit-depth, samplerate options
  11:../libDaisy/src/per/sai.h ****  * Allows for master or slave, as well as freedom of selecting direction, 
  12:../libDaisy/src/per/sai.h ****  * and other behavior for each peripheral, and block.
  13:../libDaisy/src/per/sai.h ****  * 
  14:../libDaisy/src/per/sai.h ****  * DMA Transfer commands must use buffers located within non-cached memory or use cache maintenance
  15:../libDaisy/src/per/sai.h ****  * To declare an unitialized global element in the DMA memory section:
  16:../libDaisy/src/per/sai.h ****  *    int32_t DSY_DMA_BUFFER_SECTOR my_buffer[96];
  17:../libDaisy/src/per/sai.h ****  *
  18:../libDaisy/src/per/sai.h ****  * Callback functions will be called once per half of the buffer. In the above example, 
  19:../libDaisy/src/per/sai.h ****  * the callback function would be called once for every 48 samples.
  20:../libDaisy/src/per/sai.h ****  * 
  21:../libDaisy/src/per/sai.h ****  * Use SAI Handle like this:
  22:../libDaisy/src/per/sai.h ****  * 
  23:../libDaisy/src/per/sai.h ****  *  SaiHandle::Config sai_config;
  24:../libDaisy/src/per/sai.h ****  *  sai_config.periph          = SaiHandle::Config::Peripheral::SAI_1;
  25:../libDaisy/src/per/sai.h ****  *  sai_config.sr              = SaiHandle::Config::SampleRate::SAI_48KHZ;
  26:../libDaisy/src/per/sai.h ****  *  sai_config.bit_depth       = SaiHandle::Config::BitDepth::SAI_24BIT;
  27:../libDaisy/src/per/sai.h ****  *  sai_config.a_sync          = SaiHandle::Config::Sync::MASTER;
  28:../libDaisy/src/per/sai.h ****  *  sai_config.b_sync          = SaiHandle::Config::Sync::SLAVE;
  29:../libDaisy/src/per/sai.h ****  *  sai_config.a_dir           = SaiHandle::Config::Direction::RECEIVE;
  30:../libDaisy/src/per/sai.h ****  *  sai_config.b_dir           = SaiHandle::Config::Direction::TRANSMIT;
  31:../libDaisy/src/per/sai.h ****  *  sai_config.pin_config.fs   = {DSY_GPIOE, 4};
  32:../libDaisy/src/per/sai.h ****  *  sai_config.pin_config.mclk = {DSY_GPIOE, 2};
  33:../libDaisy/src/per/sai.h ****  *  sai_config.pin_config.sck  = {DSY_GPIOE, 5};
  34:../libDaisy/src/per/sai.h ****  *  sai_config.pin_config.sa   = {DSY_GPIOE, 6};
ARM GAS  /var/folders/6_/psd2b8g56p7696hhrr4ztjs00000gn/T//ccnMmAev.s 			page 70


  35:../libDaisy/src/per/sai.h ****  *  sai_config.pin_config.sb   = {DSY_GPIOE, 3};
  36:../libDaisy/src/per/sai.h ****  *  // Then Initialize
  37:../libDaisy/src/per/sai.h ****  *  SaiHandle sai;
  38:../libDaisy/src/per/sai.h ****  *  sai.Init(sai_config);
  39:../libDaisy/src/per/sai.h ****  *  // Now you can use it:
  40:../libDaisy/src/per/sai.h ****  *  sai.StartDma(. . .);
  41:../libDaisy/src/per/sai.h ****  */
  42:../libDaisy/src/per/sai.h **** class SaiHandle
  43:../libDaisy/src/per/sai.h **** {
  44:../libDaisy/src/per/sai.h ****   public:
  45:../libDaisy/src/per/sai.h ****     /** Contains settings for initialising an SAI Interface */
  46:../libDaisy/src/per/sai.h ****     struct Config
  47:../libDaisy/src/per/sai.h ****     {
  48:../libDaisy/src/per/sai.h ****         /** Specifies the internal peripheral to use (mapped to different hardware pins) */
  49:../libDaisy/src/per/sai.h ****         enum class Peripheral
  50:../libDaisy/src/per/sai.h ****         {
  51:../libDaisy/src/per/sai.h ****             SAI_1,
  52:../libDaisy/src/per/sai.h ****             SAI_2,
  53:../libDaisy/src/per/sai.h ****         };
  54:../libDaisy/src/per/sai.h **** 
  55:../libDaisy/src/per/sai.h ****         /** Rate at which samples will be streaming to/from the device. */
  56:../libDaisy/src/per/sai.h ****         enum class SampleRate
  57:../libDaisy/src/per/sai.h ****         {
  58:../libDaisy/src/per/sai.h ****             SAI_8KHZ,
  59:../libDaisy/src/per/sai.h ****             SAI_16KHZ,
  60:../libDaisy/src/per/sai.h ****             SAI_32KHZ,
  61:../libDaisy/src/per/sai.h ****             SAI_48KHZ,
  62:../libDaisy/src/per/sai.h ****             SAI_96KHZ,
  63:../libDaisy/src/per/sai.h ****         };
  64:../libDaisy/src/per/sai.h **** 
  65:../libDaisy/src/per/sai.h ****         /** Bit Depth that the hardware expects to be transferred to/from the device. */
  66:../libDaisy/src/per/sai.h ****         enum class BitDepth
  67:../libDaisy/src/per/sai.h ****         {
  68:../libDaisy/src/per/sai.h ****             SAI_16BIT,
  69:../libDaisy/src/per/sai.h ****             SAI_24BIT,
  70:../libDaisy/src/per/sai.h ****             SAI_32BIT,
  71:../libDaisy/src/per/sai.h ****         };
  72:../libDaisy/src/per/sai.h **** 
  73:../libDaisy/src/per/sai.h ****         /** Specifies whether a particular block is the master or the slave 
  74:../libDaisy/src/per/sai.h ****          ** If both are set to slave, no MCLK signal will be used, and it is
  75:../libDaisy/src/per/sai.h ****          ** expected that the codec will have its own xtal.
  76:../libDaisy/src/per/sai.h ****          */
  77:../libDaisy/src/per/sai.h ****         enum class Sync
  78:../libDaisy/src/per/sai.h ****         {
  79:../libDaisy/src/per/sai.h ****             MASTER,
  80:../libDaisy/src/per/sai.h ****             SLAVE,
  81:../libDaisy/src/per/sai.h ****         };
  82:../libDaisy/src/per/sai.h **** 
  83:../libDaisy/src/per/sai.h ****         /** Specifies the direction for each peripheral block. */
  84:../libDaisy/src/per/sai.h ****         enum class Direction
  85:../libDaisy/src/per/sai.h ****         {
  86:../libDaisy/src/per/sai.h ****             TRANSMIT,
  87:../libDaisy/src/per/sai.h ****             RECEIVE,
  88:../libDaisy/src/per/sai.h ****         };
  89:../libDaisy/src/per/sai.h **** 
  90:../libDaisy/src/per/sai.h ****         Peripheral periph;
  91:../libDaisy/src/per/sai.h ****         struct
ARM GAS  /var/folders/6_/psd2b8g56p7696hhrr4ztjs00000gn/T//ccnMmAev.s 			page 71


  92:../libDaisy/src/per/sai.h ****         {
  93:../libDaisy/src/per/sai.h ****             dsy_gpio_pin mclk, fs, sck, sa, sb;
  94:../libDaisy/src/per/sai.h ****         } pin_config;
  95:../libDaisy/src/per/sai.h ****         SampleRate sr;
  96:../libDaisy/src/per/sai.h ****         BitDepth   bit_depth;
  97:../libDaisy/src/per/sai.h ****         Sync       a_sync, b_sync;
  98:../libDaisy/src/per/sai.h ****         Direction  a_dir, b_dir;
  99:../libDaisy/src/per/sai.h ****     };
 100:../libDaisy/src/per/sai.h **** 
 101:../libDaisy/src/per/sai.h ****     /** Return values for SAI functions */
 102:../libDaisy/src/per/sai.h ****     enum class Result
 103:../libDaisy/src/per/sai.h ****     {
 104:../libDaisy/src/per/sai.h ****         OK,
 105:../libDaisy/src/per/sai.h ****         ERR,
 106:../libDaisy/src/per/sai.h ****     };
 107:../libDaisy/src/per/sai.h **** 
 108:../libDaisy/src/per/sai.h ****     SaiHandle() : pimpl_(nullptr) {}
 1921              		.loc 18 108 5 is_stmt 1 view .LVU554
 1922              	.LBB489:
 1923              	.LBB490:
 1924              		.loc 18 108 19 is_stmt 0 view .LVU555
 1925 0010 E563     		str	r5, [r4, #60]
 1926              	.LVL114:
 1927              		.loc 18 108 19 view .LVU556
 1928              	.LBE490:
 1929              	.LBE489:
 1930              	.LBE488:
 1931              	.LBE492:
 1932              	.LBE547:
 1933              	.LBB548:
 1934              	.LBI548:
  20:../libDaisy/src/hid/encoder.h ****     ~Encoder() {}
 1935              		.loc 10 20 5 is_stmt 1 view .LVU557
 1936              	.LBB549:
 1937              	.LBB550:
 1938              	.LBI550:
  41:../libDaisy/src/hid/switch.h ****     ~Switch() {}
 1939              		.loc 8 41 5 view .LVU558
  41:../libDaisy/src/hid/switch.h ****     ~Switch() {}
 1940              		.loc 8 41 5 is_stmt 0 view .LVU559
 1941              	.LBE550:
 1942              	.LBE549:
 1943              	.LBE548:
 1944              	.LBB551:
 1945              	.LBI551:
  21:../libDaisy/src/hid/ctrl.h ****     /** destructor */
 1946              		.loc 9 21 5 is_stmt 1 view .LVU560
  21:../libDaisy/src/hid/ctrl.h ****     /** destructor */
 1947              		.loc 9 21 5 is_stmt 0 view .LVU561
 1948              	.LBE551:
 1949              	.LBB552:
 1950              	.LBI552:
  21:../libDaisy/src/hid/ctrl.h ****     /** destructor */
 1951              		.loc 9 21 5 is_stmt 1 view .LVU562
  21:../libDaisy/src/hid/ctrl.h ****     /** destructor */
 1952              		.loc 9 21 5 is_stmt 0 view .LVU563
 1953              	.LBE552:
ARM GAS  /var/folders/6_/psd2b8g56p7696hhrr4ztjs00000gn/T//ccnMmAev.s 			page 72


 1954              	.LBB553:
 1955              	.LBI553:
  41:../libDaisy/src/hid/switch.h ****     ~Switch() {}
 1956              		.loc 8 41 5 is_stmt 1 view .LVU564
  41:../libDaisy/src/hid/switch.h ****     ~Switch() {}
 1957              		.loc 8 41 5 is_stmt 0 view .LVU565
 1958              	.LBE553:
 1959              	.LBB554:
 1960              	.LBI554:
  41:../libDaisy/src/hid/switch.h ****     ~Switch() {}
 1961              		.loc 8 41 5 is_stmt 1 view .LVU566
  41:../libDaisy/src/hid/switch.h ****     ~Switch() {}
 1962              		.loc 8 41 5 is_stmt 0 view .LVU567
 1963              	.LBE554:
 1964              	.LBB555:
 1965              	.LBI555:
  17:../libDaisy/src/hid/rgb_led.h ****     ~RgbLed() {}
 1966              		.loc 6 17 5 is_stmt 1 view .LVU568
 1967              	.LBB556:
 1968              	.LBB557:
 1969              	.LBI557:
  24:../libDaisy/src/hid/led.h ****     ~Led() {}
 1970              		.loc 7 24 5 view .LVU569
  24:../libDaisy/src/hid/led.h ****     ~Led() {}
 1971              		.loc 7 24 5 is_stmt 0 view .LVU570
 1972              	.LBE557:
 1973              	.LBB558:
 1974              	.LBI558:
  24:../libDaisy/src/hid/led.h ****     ~Led() {}
 1975              		.loc 7 24 5 is_stmt 1 view .LVU571
  24:../libDaisy/src/hid/led.h ****     ~Led() {}
 1976              		.loc 7 24 5 is_stmt 0 view .LVU572
 1977              	.LBE558:
 1978              	.LBB559:
 1979              	.LBI559:
  24:../libDaisy/src/hid/led.h ****     ~Led() {}
 1980              		.loc 7 24 5 is_stmt 1 view .LVU573
  24:../libDaisy/src/hid/led.h ****     ~Led() {}
 1981              		.loc 7 24 5 is_stmt 0 view .LVU574
 1982              	.LBE559:
 1983              	.LBE556:
 1984              	.LBE555:
 1985              	.LBB560:
 1986              	.LBI560:
  17:../libDaisy/src/hid/rgb_led.h ****     ~RgbLed() {}
 1987              		.loc 6 17 5 is_stmt 1 view .LVU575
 1988              	.LBB561:
 1989              	.LBB562:
 1990              	.LBI562:
  24:../libDaisy/src/hid/led.h ****     ~Led() {}
 1991              		.loc 7 24 5 view .LVU576
  24:../libDaisy/src/hid/led.h ****     ~Led() {}
 1992              		.loc 7 24 5 is_stmt 0 view .LVU577
 1993              	.LBE562:
 1994              	.LBB563:
 1995              	.LBI563:
  24:../libDaisy/src/hid/led.h ****     ~Led() {}
ARM GAS  /var/folders/6_/psd2b8g56p7696hhrr4ztjs00000gn/T//ccnMmAev.s 			page 73


 1996              		.loc 7 24 5 is_stmt 1 view .LVU578
  24:../libDaisy/src/hid/led.h ****     ~Led() {}
 1997              		.loc 7 24 5 is_stmt 0 view .LVU579
 1998              	.LBE563:
 1999              	.LBB564:
 2000              	.LBI564:
  24:../libDaisy/src/hid/led.h ****     ~Led() {}
 2001              		.loc 7 24 5 is_stmt 1 view .LVU580
  24:../libDaisy/src/hid/led.h ****     ~Led() {}
 2002              		.loc 7 24 5 is_stmt 0 view .LVU581
 2003              	.LBE564:
 2004              	.LBE561:
 2005              	.LBE560:
 2006              	.LBB565:
 2007              	.LBI494:
 155:../libDaisy/src/hid/midi.h ****     ~MidiHandler() {}
 2008              		.loc 3 155 5 is_stmt 1 view .LVU582
 2009              	.LBB541:
 2010              	.LBB499:
 2011              	.LBI496:
 2012              		.loc 3 158 12 view .LVU583
 2013              	.LBB498:
 2014 0012 FFF7FEFF 		bl	_ZN5daisy17MidiUartTransport6ConfigC1Ev
 2015              	.LVL115:
 2016              		.loc 3 158 12 is_stmt 0 view .LVU584
 2017              	.LBE498:
 2018              	.LBE499:
 2019              	.LBB500:
 2020              	.LBI500:
  31:../libDaisy/src/hid/midi.h ****     ~MidiUartTransport() {}
 2021              		.loc 3 31 5 is_stmt 1 view .LVU585
 2022              	.LBB501:
 2023              	.LBB502:
 2024              	.LBI502:
 2025              		.file 19 "../libDaisy/src/per/uart.h"
   1:../libDaisy/src/per/uart.h **** /* 
   2:../libDaisy/src/per/uart.h **** TODO
   3:../libDaisy/src/per/uart.h **** - Overflow handling, etc. for Rx Queue.
   4:../libDaisy/src/per/uart.h **** */
   5:../libDaisy/src/per/uart.h **** 
   6:../libDaisy/src/per/uart.h **** #pragma once
   7:../libDaisy/src/per/uart.h **** #ifndef DSY_UART_H
   8:../libDaisy/src/per/uart.h **** #define DSY_UART_H /**< macro */
   9:../libDaisy/src/per/uart.h **** #include "daisy_core.h"
  10:../libDaisy/src/per/uart.h **** 
  11:../libDaisy/src/per/uart.h **** 
  12:../libDaisy/src/per/uart.h **** namespace daisy
  13:../libDaisy/src/per/uart.h **** {
  14:../libDaisy/src/per/uart.h **** /** @addtogroup serial
  15:../libDaisy/src/per/uart.h ****     @{
  16:../libDaisy/src/per/uart.h ****     */
  17:../libDaisy/src/per/uart.h **** 
  18:../libDaisy/src/per/uart.h **** /** 
  19:../libDaisy/src/per/uart.h ****     Uart Peripheral
  20:../libDaisy/src/per/uart.h ****     @author shensley
  21:../libDaisy/src/per/uart.h ****     @date March 2020
  22:../libDaisy/src/per/uart.h ****     */
ARM GAS  /var/folders/6_/psd2b8g56p7696hhrr4ztjs00000gn/T//ccnMmAev.s 			page 74


  23:../libDaisy/src/per/uart.h **** class UartHandler
  24:../libDaisy/src/per/uart.h **** {
  25:../libDaisy/src/per/uart.h ****   public:
  26:../libDaisy/src/per/uart.h ****     struct Config
  27:../libDaisy/src/per/uart.h ****     {
  28:../libDaisy/src/per/uart.h ****         enum class Peripheral
  29:../libDaisy/src/per/uart.h ****         {
  30:../libDaisy/src/per/uart.h ****             USART_1,
  31:../libDaisy/src/per/uart.h ****             USART_2,
  32:../libDaisy/src/per/uart.h ****             USART_3,
  33:../libDaisy/src/per/uart.h ****             UART_4,
  34:../libDaisy/src/per/uart.h ****             UART_5,
  35:../libDaisy/src/per/uart.h ****             USART_6,
  36:../libDaisy/src/per/uart.h ****             UART_7,
  37:../libDaisy/src/per/uart.h ****             UART_8,
  38:../libDaisy/src/per/uart.h ****             LPUART_1,
  39:../libDaisy/src/per/uart.h ****         };
  40:../libDaisy/src/per/uart.h **** 
  41:../libDaisy/src/per/uart.h ****         enum class StopBits
  42:../libDaisy/src/per/uart.h ****         {
  43:../libDaisy/src/per/uart.h ****             BITS_0_5,
  44:../libDaisy/src/per/uart.h ****             BITS_1,
  45:../libDaisy/src/per/uart.h ****             BITS_1_5,
  46:../libDaisy/src/per/uart.h ****             BITS_2,
  47:../libDaisy/src/per/uart.h ****         };
  48:../libDaisy/src/per/uart.h **** 
  49:../libDaisy/src/per/uart.h ****         enum class Parity
  50:../libDaisy/src/per/uart.h ****         {
  51:../libDaisy/src/per/uart.h ****             NONE,
  52:../libDaisy/src/per/uart.h ****             EVEN,
  53:../libDaisy/src/per/uart.h ****             ODD,
  54:../libDaisy/src/per/uart.h ****         };
  55:../libDaisy/src/per/uart.h **** 
  56:../libDaisy/src/per/uart.h ****         enum class Mode
  57:../libDaisy/src/per/uart.h ****         {
  58:../libDaisy/src/per/uart.h ****             RX,
  59:../libDaisy/src/per/uart.h ****             TX,
  60:../libDaisy/src/per/uart.h ****             TX_RX,
  61:../libDaisy/src/per/uart.h ****         };
  62:../libDaisy/src/per/uart.h **** 
  63:../libDaisy/src/per/uart.h ****         enum class WordLength
  64:../libDaisy/src/per/uart.h ****         {
  65:../libDaisy/src/per/uart.h ****             BITS_7,
  66:../libDaisy/src/per/uart.h ****             BITS_8,
  67:../libDaisy/src/per/uart.h ****             BITS_9,
  68:../libDaisy/src/per/uart.h ****         };
  69:../libDaisy/src/per/uart.h **** 
  70:../libDaisy/src/per/uart.h ****         struct
  71:../libDaisy/src/per/uart.h ****         {
  72:../libDaisy/src/per/uart.h ****             dsy_gpio_pin tx; /**< & */
  73:../libDaisy/src/per/uart.h ****             dsy_gpio_pin rx; /**< & */
  74:../libDaisy/src/per/uart.h ****         } pin_config;        /**< & */
  75:../libDaisy/src/per/uart.h **** 
  76:../libDaisy/src/per/uart.h ****         Config()
  77:../libDaisy/src/per/uart.h ****         {
  78:../libDaisy/src/per/uart.h ****             // user must init periph, pin_config, and mode
  79:../libDaisy/src/per/uart.h ****             stopbits   = StopBits::BITS_1;
ARM GAS  /var/folders/6_/psd2b8g56p7696hhrr4ztjs00000gn/T//ccnMmAev.s 			page 75


  80:../libDaisy/src/per/uart.h ****             parity     = Parity::NONE;
  81:../libDaisy/src/per/uart.h ****             wordlength = WordLength::BITS_8;
  82:../libDaisy/src/per/uart.h ****             baudrate   = 31250;
  83:../libDaisy/src/per/uart.h ****         }
  84:../libDaisy/src/per/uart.h **** 
  85:../libDaisy/src/per/uart.h ****         Peripheral periph;
  86:../libDaisy/src/per/uart.h ****         StopBits   stopbits;
  87:../libDaisy/src/per/uart.h ****         Parity     parity;
  88:../libDaisy/src/per/uart.h ****         Mode       mode;
  89:../libDaisy/src/per/uart.h ****         WordLength wordlength;
  90:../libDaisy/src/per/uart.h ****         uint32_t   baudrate;
  91:../libDaisy/src/per/uart.h ****     };
  92:../libDaisy/src/per/uart.h **** 
  93:../libDaisy/src/per/uart.h **** 
  94:../libDaisy/src/per/uart.h ****     UartHandler() : pimpl_(nullptr) {}
 2026              		.loc 19 94 5 view .LVU586
 2027              	.LBE502:
 2028              	.LBE501:
 2029              	.LBE500:
 2030              	.LBE541:
 2031              	.LBE565:
 2032              	.LBE571:
 2033              	.LBE577:
  50:ReactivePedal.cpp **** //smoothed to avoid strange behaviours with jumps
 2034              		.loc 1 50 46 is_stmt 0 view .LVU587
 2035 0016 244A     		ldr	r2, .L96+4
 2036              	.LBB578:
 2037              	.LBB579:
 2038              		.file 20 "FeatureExtractor.h"
   1:FeatureExtractor.h **** #pragma once
   2:FeatureExtractor.h **** 
   3:FeatureExtractor.h **** #include <cstddef>
   4:FeatureExtractor.h **** #include <cmath>
   5:FeatureExtractor.h **** #include <cstring>
   6:FeatureExtractor.h **** 
   7:FeatureExtractor.h **** struct AudioFeatures{
   8:FeatureExtractor.h ****     float rms; //Signal Energy/Loudness
   9:FeatureExtractor.h ****     float peak; //Peak , captures pick attacks
  10:FeatureExtractor.h ****     float zcr; //How noisy how much it fluctuates (within one frame)
  11:FeatureExtractor.h ****     float spectralCentroid; //Centre of mass of frequencies
  12:FeatureExtractor.h ****     float spectralFlux; //Frequenecy changes between frames (Over frames)
  13:FeatureExtractor.h **** }; 
  14:FeatureExtractor.h **** 
  15:FeatureExtractor.h **** class FeatureExtractor{
 2039              		.loc 20 15 7 view .LVU588
 2040 0018 4FF48070 		mov	r0, #256
 2041              	.LBE579:
 2042              	.LBE578:
  47:ReactivePedal.cpp **** 
 2043              		.loc 1 47 26 view .LVU589
 2044 001c 2349     		ldr	r1, .L96+8
  50:ReactivePedal.cpp **** //smoothed to avoid strange behaviours with jumps
 2045              		.loc 1 50 46 view .LVU590
 2046 001e D2ED006A 		vldr.32	s13, [r2]
 2047              	.LBB584:
 2048              	.LBB572:
 2049              	.LBB566:
ARM GAS  /var/folders/6_/psd2b8g56p7696hhrr4ztjs00000gn/T//ccnMmAev.s 			page 76


 2050              	.LBB542:
 2051              	.LBB507:
 2052              	.LBB508:
 2053              	.LBB509:
  18:../libDaisy/src/hid/midi_parser.h ****     ~MidiParser() {}
 2054              		.loc 5 18 17 view .LVU591
 2055 0022 234A     		ldr	r2, .L96+12
 2056              	.LBE509:
 2057              	.LBE508:
 2058              	.LBE507:
 2059              	.LBE542:
 2060              	.LBE566:
 2061              	.LBE572:
 2062              	.LBE584:
  47:ReactivePedal.cpp **** 
 2063              		.loc 1 47 26 view .LVU592
 2064 0024 91ED007A 		vldr.32	s14, [r1]
 2065              	.LBB585:
 2066              	.LBB573:
 2067              	.LBB567:
 2068              	.LBB543:
 2069              	.LBB514:
 2070              	.LBB512:
 2071              	.LBB510:
  18:../libDaisy/src/hid/midi_parser.h ****     ~MidiParser() {}
 2072              		.loc 5 18 17 view .LVU593
 2073 0028 0721     		movs	r1, #7
 2074 002a C4F83922 		str	r2, [r4, #569]	@ unaligned
 2075              	.LBE510:
 2076              	.LBE512:
 2077              	.LBE514:
 2078              	.LBB515:
 2079              	.LBB516:
 2080              	.LBB517:
 2081              	.LBB518:
 2082              	.LBB519:
  15:../libDaisy/src/util/FIFO.h ****     {
 2083              		.loc 4 15 7 view .LVU594
 2084 002e 04F51472 		add	r2, r4, #592
 2085              	.LBE519:
 2086              	.LBE518:
 2087              	.LBE517:
 2088              	.LBE516:
 2089              	.LBE515:
 2090              	.LBE543:
 2091              	.LBE567:
 2092              	.LBE573:
 2093              	.LBE585:
  50:ReactivePedal.cpp **** //smoothed to avoid strange behaviours with jumps
 2094              		.loc 1 50 46 view .LVU595
 2095 0032 DFED207A 		vldr.32	s15, .L96+16
 2096              	.LBB586:
 2097              	.LBB574:
 2098              	.LBB568:
 2099              	.LBB544:
 2100              	.LBB534:
 2101              	.LBB530:
ARM GAS  /var/folders/6_/psd2b8g56p7696hhrr4ztjs00000gn/T//ccnMmAev.s 			page 77


 2102              	.LBB526:
 2103              	.LBB523:
 2104              	.LBB520:
  15:../libDaisy/src/util/FIFO.h ****     {
 2105              		.loc 4 15 7 view .LVU596
 2106 0036 C4F84022 		str	r2, [r4, #576]
  15:../libDaisy/src/util/FIFO.h ****     {
 2107              		.loc 4 15 24 view .LVU597
 2108 003a 40F20112 		movw	r2, #257
 2109              	.LBE520:
 2110              	.LBE523:
 2111              	.LBE526:
 2112              	.LBE530:
 2113              	.LBE534:
 2114              	.LBB535:
 2115              	.LBB513:
 2116              	.LBB511:
  18:../libDaisy/src/hid/midi_parser.h ****     ~MidiParser() {}
 2117              		.loc 5 18 17 view .LVU598
 2118 003e 84F83D12 		strb	r1, [r4, #573]
 2119              	.LBE511:
 2120              	.LBE513:
 2121              	.LBE535:
 2122              	.LBE544:
 2123              	.LBE568:
 2124              	.LBE574:
 2125              	.LBE586:
  50:ReactivePedal.cpp **** //smoothed to avoid strange behaviours with jumps
 2126              		.loc 1 50 46 view .LVU599
 2127 0042 66EEA76A 		vmul.f32	s13, s13, s15
 2128              	.LBB587:
 2129              	.LBB575:
 2130              	.LBB569:
 2131              	.LBB545:
 2132              	.LBB536:
 2133              	.LBB531:
 2134              	.LBB527:
 2135              	.LBB524:
 2136              	.LBB521:
  15:../libDaisy/src/util/FIFO.h ****     {
 2137              		.loc 4 15 24 view .LVU600
 2138 0046 C4F84422 		str	r2, [r4, #580]
 2139              	.LBE521:
 2140              	.LBE524:
 2141              	.LBE527:
 2142              	.LBE531:
 2143              	.LBE536:
 2144              	.LBB537:
 2145              	.LBB506:
 2146              	.LBB505:
 2147              	.LBB503:
 2148              	.LBB504:
 2149              		.loc 19 94 21 view .LVU601
 2150 004a C4F89051 		str	r5, [r4, #400]
 2151              	.LVL116:
 2152              		.loc 19 94 21 view .LVU602
 2153              	.LBE504:
ARM GAS  /var/folders/6_/psd2b8g56p7696hhrr4ztjs00000gn/T//ccnMmAev.s 			page 78


 2154              	.LBE503:
 2155              	.LBE505:
 2156              	.LBE506:
 2157              	.LBE537:
 2158              	.LBB538:
 2159              	.LBI507:
  18:../libDaisy/src/hid/midi_parser.h ****     ~MidiParser() {}
 2160              		.loc 5 18 5 is_stmt 1 view .LVU603
  18:../libDaisy/src/hid/midi_parser.h ****     ~MidiParser() {}
 2161              		.loc 5 18 5 is_stmt 0 view .LVU604
 2162              	.LBE538:
 2163              	.LBB539:
 2164              	.LBI515:
 299:../libDaisy/src/util/FIFO.h **** {
 300:../libDaisy/src/util/FIFO.h ****   public:
 301:../libDaisy/src/util/FIFO.h ****     /** Creates an empty FIFO */
 302:../libDaisy/src/util/FIFO.h ****     FIFO() : FIFOBase<T>(buffer_, capacity + 1) {}
 2165              		.loc 4 302 5 is_stmt 1 view .LVU605
 2166              	.LBB532:
 2167              	.LBB528:
 2168              	.LBI517:
  14:../libDaisy/src/util/FIFO.h ****     : buffer_(buffer), bufferSize_(bufferSize), bufferIn_(0), bufferOut_(0)
 2169              		.loc 4 14 5 view .LVU606
 2170              	.LBE528:
 2171              	.LBE532:
 2172              	.LBE539:
 2173              	.LBE545:
 2174              	.LBE569:
 2175              	.LBE575:
 2176              	.LBE587:
  46:ReactivePedal.cpp **** float depth = sampleRate * depthMs / 1000.0f;
 2177              		.loc 1 46 30 is_stmt 0 view .LVU607
 2178 004e 1A4A     		ldr	r2, .L96+20
 2179              	.LBB588:
 2180              	.LBB576:
 2181              	.LBB570:
 2182              	.LBB546:
 2183              	.LBB540:
 2184              	.LBB533:
 2185              	.LBB529:
 2186              	.LBB525:
 2187              	.LBB522:
  15:../libDaisy/src/util/FIFO.h ****     {
 2188              		.loc 4 15 49 view .LVU608
 2189 0050 C4F84852 		str	r5, [r4, #584]
  15:../libDaisy/src/util/FIFO.h ****     {
 2190              		.loc 4 15 63 view .LVU609
 2191 0054 C4F84C52 		str	r5, [r4, #588]
 2192              	.LVL117:
  15:../libDaisy/src/util/FIFO.h ****     {
 2193              		.loc 4 15 63 view .LVU610
 2194              	.LBE522:
 2195              	.LBE525:
 2196              	.LBE529:
 2197              	.LBE533:
 2198              	.LBE540:
 2199              	.LBE546:
ARM GAS  /var/folders/6_/psd2b8g56p7696hhrr4ztjs00000gn/T//ccnMmAev.s 			page 79


 2200              	.LBE570:
 2201              	.LBE576:
 2202              	.LBE588:
 2203              	.LBB589:
 2204              	.LBI578:
 2205              		.loc 20 15 7 is_stmt 1 view .LVU611
 2206              	.LBE589:
  46:ReactivePedal.cpp **** float depth = sampleRate * depthMs / 1000.0f;
 2207              		.loc 1 46 30 is_stmt 0 view .LVU612
 2208 0058 184C     		ldr	r4, .L96+24
 2209 005a 92ED005A 		vldr.32	s10, [r2]
 2210 005e D4ED007A 		vldr.32	s15, [r4]
  46:ReactivePedal.cpp **** float depth = sampleRate * depthMs / 1000.0f;
 2211              		.loc 1 46 44 view .LVU613
 2212 0062 9FED176A 		vldr.32	s12, .L96+28
  50:ReactivePedal.cpp **** //smoothed to avoid strange behaviours with jumps
 2213              		.loc 1 50 55 view .LVU614
 2214 0066 C6EEA75A 		vdiv.f32	s11, s13, s15
 2215              	.LBB590:
 2216              	.LBB580:
 2217              		.loc 20 15 7 view .LVU615
 2218 006a 164B     		ldr	r3, .L96+32
 2219              	.LBE580:
 2220              	.LBE590:
  47:ReactivePedal.cpp **** 
 2221              		.loc 1 47 38 view .LVU616
 2222 006c 164A     		ldr	r2, .L96+36
 2223              	.LBB591:
 2224              	.LBB581:
 2225              		.loc 20 15 7 view .LVU617
 2226 006e 03F58161 		add	r1, r3, #1032
 2227 0072 C3F80004 		str	r0, [r3, #1024]
 2228 0076 1548     		ldr	r0, .L96+40
 2229 0078 C3F80454 		str	r5, [r3, #1028]
 2230              	.LBE581:
 2231              	.LBE591:
  47:ReactivePedal.cpp **** 
 2232              		.loc 1 47 26 view .LVU618
 2233 007c 27EE877A 		vmul.f32	s14, s15, s14
 2234              	.LBB592:
 2235              	.LBB582:
 2236              		.loc 20 15 7 view .LVU619
 2237 0080 0860     		str	r0, [r1]	@ float
 2238              	.LBE582:
 2239              	.LBE592:
  46:ReactivePedal.cpp **** float depth = sampleRate * depthMs / 1000.0f;
 2240              		.loc 1 46 30 view .LVU620
 2241 0082 67EE857A 		vmul.f32	s15, s15, s10
  50:ReactivePedal.cpp **** //smoothed to avoid strange behaviours with jumps
 2242              		.loc 1 50 57 view .LVU621
 2243 0086 1249     		ldr	r1, .L96+44
 2244              	.LBB593:
 2245              	.LBB583:
 2246              		.loc 20 15 7 view .LVU622
 2247 0088 83F80C54 		strb	r5, [r3, #1036]
 2248              	.LVL118:
 2249              		.loc 20 15 7 view .LVU623
ARM GAS  /var/folders/6_/psd2b8g56p7696hhrr4ztjs00000gn/T//ccnMmAev.s 			page 80


 2250              	.LBE583:
 2251              	.LBE593:
  47:ReactivePedal.cpp **** 
 2252              		.loc 1 47 36 view .LVU624
 2253 008c C7EE066A 		vdiv.f32	s13, s14, s12
  46:ReactivePedal.cpp **** float depth = sampleRate * depthMs / 1000.0f;
 2254              		.loc 1 46 46 view .LVU625
 2255 0090 104B     		ldr	r3, .L96+48
  46:ReactivePedal.cpp **** float depth = sampleRate * depthMs / 1000.0f;
 2256              		.loc 1 46 44 view .LVU626
 2257 0092 87EE867A 		vdiv.f32	s14, s15, s12
  50:ReactivePedal.cpp **** //smoothed to avoid strange behaviours with jumps
 2258              		.loc 1 50 57 view .LVU627
 2259 0096 C1ED005A 		vstr.32	s11, [r1]
  47:ReactivePedal.cpp **** 
 2260              		.loc 1 47 38 view .LVU628
 2261 009a C2ED006A 		vstr.32	s13, [r2]
  46:ReactivePedal.cpp **** float depth = sampleRate * depthMs / 1000.0f;
 2262              		.loc 1 46 46 view .LVU629
 2263 009e 83ED007A 		vstr.32	s14, [r3]
 2264              	.LBE594:
 2265              	.LBE595:
 2266              		.loc 1 275 1 view .LVU630
 2267 00a2 38BD     		pop	{r3, r4, r5, pc}
 2268              	.L97:
 2269              		.align	2
 2270              	.L96:
 2271 00a4 00000000 		.word	hw
 2272 00a8 00000000 		.word	rateHz
 2273 00ac 00000000 		.word	depthMs
 2274 00b0 80707F0F 		.word	260010112
 2275 00b4 DB0FC940 		.word	1086918619
 2276 00b8 00000000 		.word	baseDelayMs
 2277 00bc 00000000 		.word	sampleRate
 2278 00c0 00007A44 		.word	1148846080
 2279 00c4 00200000 		.word	extractor+8192
 2280 00c8 00000000 		.word	depth
 2281 00cc 00803B47 		.word	1195081728
 2282 00d0 00000000 		.word	phaseIncrement
 2283 00d4 00000000 		.word	baseDelay
 2284              		.cfi_endproc
 2285              	.LFE5366:
 2287              		.section	.init_array,"aw",%init_array
 2288              		.align	2
 2289 0000 00000000 		.word	_GLOBAL__sub_I_hw(target1)
 2290              		.global	currentPresetIndex
 2291              		.section	.bss.currentPresetIndex,"aw",%nobits
 2292              		.align	2
 2295              	currentPresetIndex:
 2296 0000 00000000 		.space	4
 2297              		.section	.rodata.str1.4,"aMS",%progbits,1
 2298              		.align	2
 2299              	.LC4:
 2300 0000 44656661 		.ascii	"Default\000"
 2300      756C7400 
 2301              		.section	.rodata._ZL11tonePresets,"a"
 2302              		.align	2
ARM GAS  /var/folders/6_/psd2b8g56p7696hhrr4ztjs00000gn/T//ccnMmAev.s 			page 81


 2305              	_ZL11tonePresets:
 2306 0000 00000000 		.word	.LC4
 2307 0004 00004040 		.word	1077936128
 2308 0008 00000040 		.word	1073741824
 2309 000c 0000803E 		.word	1048576000
 2310 0010 1F856B3F 		.word	1064011039
 2311 0014 CDCC4C3F 		.word	1061997773
 2312 0018 0000803F 		.word	1065353216
 2313 001c 01       		.byte	1
 2314 001d 000000   		.space	3
 2315              		.global	toneStateL
 2316              		.section	.bss.toneStateL,"aw",%nobits
 2317              		.align	2
 2320              	toneStateL:
 2321 0000 00000000 		.space	4
 2322              		.global	currentClipMode
 2323              		.section	.data.currentClipMode,"aw"
 2326              	currentClipMode:
 2327 0000 01       		.byte	1
 2328              		.global	targetClipThreshold
 2329              		.section	.data.targetClipThreshold,"aw"
 2330              		.align	2
 2333              	targetClipThreshold:
 2334 0000 0000803F 		.word	1065353216
 2335              		.global	targetLevel
 2336              		.section	.data.targetLevel,"aw"
 2337              		.align	2
 2340              	targetLevel:
 2341 0000 0000C03F 		.word	1069547520
 2342              		.global	targetMix
 2343              		.section	.data.targetMix,"aw"
 2344              		.align	2
 2347              	targetMix:
 2348 0000 6666663F 		.word	1063675494
 2349              		.global	targetPreamp
 2350              		.section	.data.targetPreamp,"aw"
 2351              		.align	2
 2354              	targetPreamp:
 2355 0000 00004040 		.word	1077936128
 2356              		.global	targetTone
 2357              		.section	.data.targetTone,"aw"
 2358              		.align	2
 2361              	targetTone:
 2362 0000 0000803E 		.word	1048576000
 2363              		.global	targetDrive
 2364              		.section	.data.targetDrive,"aw"
 2365              		.align	2
 2368              	targetDrive:
 2369 0000 0000803F 		.word	1065353216
 2370              		.global	smoothedClipThreshold
 2371              		.section	.data.smoothedClipThreshold,"aw"
 2372              		.align	2
 2375              	smoothedClipThreshold:
 2376 0000 0000803F 		.word	1065353216
 2377              		.global	smoothedLevel
 2378              		.section	.data.smoothedLevel,"aw"
 2379              		.align	2
ARM GAS  /var/folders/6_/psd2b8g56p7696hhrr4ztjs00000gn/T//ccnMmAev.s 			page 82


 2382              	smoothedLevel:
 2383 0000 CDCC4C3F 		.word	1061997773
 2384              		.global	smoothedMix
 2385              		.section	.data.smoothedMix,"aw"
 2386              		.align	2
 2389              	smoothedMix:
 2390 0000 6666663F 		.word	1063675494
 2391              		.global	smoothedPreamp
 2392              		.section	.data.smoothedPreamp,"aw"
 2393              		.align	2
 2396              	smoothedPreamp:
 2397 0000 00004040 		.word	1077936128
 2398              		.global	smoothedTone
 2399              		.section	.data.smoothedTone,"aw"
 2400              		.align	2
 2403              	smoothedTone:
 2404 0000 9A99993E 		.word	1050253722
 2405              		.global	smoothedDrive
 2406              		.section	.data.smoothedDrive,"aw"
 2407              		.align	2
 2410              	smoothedDrive:
 2411 0000 0000803F 		.word	1065353216
 2412              		.global	phaseIncrement
 2413              		.section	.bss.phaseIncrement,"aw",%nobits
 2414              		.align	2
 2417              	phaseIncrement:
 2418 0000 00000000 		.space	4
 2419              		.global	phase
 2420              		.section	.bss.phase,"aw",%nobits
 2421              		.align	2
 2424              	phase:
 2425 0000 00000000 		.space	4
 2426              		.global	depth
 2427              		.section	.bss.depth,"aw",%nobits
 2428              		.align	2
 2431              	depth:
 2432 0000 00000000 		.space	4
 2433              		.global	baseDelay
 2434              		.section	.bss.baseDelay,"aw",%nobits
 2435              		.align	2
 2438              	baseDelay:
 2439 0000 00000000 		.space	4
 2440              		.global	chorusMix
 2441              		.section	.data.chorusMix,"aw"
 2442              		.align	2
 2445              	chorusMix:
 2446 0000 CDCCCC3E 		.word	1053609165
 2447              		.global	rateHz
 2448              		.section	.data.rateHz,"aw"
 2449              		.align	2
 2452              	rateHz:
 2453 0000 9A99193F 		.word	1058642330
 2454              		.global	depthMs
 2455              		.section	.data.depthMs,"aw"
 2456              		.align	2
 2459              	depthMs:
 2460 0000 00008040 		.word	1082130432
ARM GAS  /var/folders/6_/psd2b8g56p7696hhrr4ztjs00000gn/T//ccnMmAev.s 			page 83


 2461              		.global	baseDelayMs
 2462              		.section	.data.baseDelayMs,"aw"
 2463              		.align	2
 2466              	baseDelayMs:
 2467 0000 00004041 		.word	1094713344
 2468              		.global	sampleRate
 2469              		.section	.data.sampleRate,"aw"
 2470              		.align	2
 2473              	sampleRate:
 2474 0000 00803B47 		.word	1195081728
 2475              		.global	writeIndex
 2476              		.section	.bss.writeIndex,"aw",%nobits
 2477              		.align	2
 2480              	writeIndex:
 2481 0000 00000000 		.space	4
 2482              		.global	delayBuffer
 2483              		.section	.bss.delayBuffer,"aw",%nobits
 2484              		.align	2
 2487              	delayBuffer:
 2488 0000 00000000 		.space	8192
 2488      00000000 
 2488      00000000 
 2488      00000000 
 2488      00000000 
 2489              		.global	smoothedFeatures
 2490              		.section	.bss.smoothedFeatures,"aw",%nobits
 2491              		.align	2
 2494              	smoothedFeatures:
 2495 0000 00000000 		.space	20
 2495      00000000 
 2495      00000000 
 2495      00000000 
 2495      00000000 
 2496              		.global	latestFeatures
 2497              		.section	.bss.latestFeatures,"aw",%nobits
 2498              		.align	2
 2501              	latestFeatures:
 2502 0000 00000000 		.space	20
 2502      00000000 
 2502      00000000 
 2502      00000000 
 2502      00000000 
 2503              		.global	extractor
 2504              		.section	.bss.extractor,"aw",%nobits
 2505              		.align	2
 2508              	extractor:
 2509 0000 00000000 		.space	9232
 2509      00000000 
 2509      00000000 
 2509      00000000 
 2509      00000000 
 2510              		.global	hw
 2511              		.section	.bss.hw,"aw",%nobits
 2512              		.align	2
 2515              	hw:
 2516 0000 00000000 		.space	37600
 2516      00000000 
ARM GAS  /var/folders/6_/psd2b8g56p7696hhrr4ztjs00000gn/T//ccnMmAev.s 			page 84


 2516      00000000 
 2516      00000000 
 2516      00000000 
 2517              		.text
 2518              	.Letext0:
 2519              		.file 21 "/Applications/ArmGNUToolchain/15.2.rel1/arm-none-eabi/arm-none-eabi/include/machine/_def
 2520              		.file 22 "/Applications/ArmGNUToolchain/15.2.rel1/arm-none-eabi/arm-none-eabi/include/sys/_stdint.
 2521              		.file 23 "/Applications/ArmGNUToolchain/15.2.rel1/arm-none-eabi/arm-none-eabi/include/stdint.h"
 2522              		.file 24 "/Applications/ArmGNUToolchain/15.2.rel1/arm-none-eabi/lib/gcc/arm-none-eabi/15.2.1/inclu
 2523              		.file 25 "/Applications/ArmGNUToolchain/15.2.rel1/arm-none-eabi/arm-none-eabi/include/c++/15.2.1/c
 2524              		.file 26 "/Applications/ArmGNUToolchain/15.2.rel1/arm-none-eabi/arm-none-eabi/include/c++/15.2.1/b
 2525              		.file 27 "/Applications/ArmGNUToolchain/15.2.rel1/arm-none-eabi/arm-none-eabi/include/c++/15.2.1/c
 2526              		.file 28 "/Applications/ArmGNUToolchain/15.2.rel1/arm-none-eabi/arm-none-eabi/include/c++/15.2.1/c
 2527              		.file 29 "/Applications/ArmGNUToolchain/15.2.rel1/arm-none-eabi/arm-none-eabi/include/c++/15.2.1/a
 2528              		.file 30 "/Applications/ArmGNUToolchain/15.2.rel1/arm-none-eabi/arm-none-eabi/include/c++/15.2.1/t
 2529              		.file 31 "/Applications/ArmGNUToolchain/15.2.rel1/arm-none-eabi/arm-none-eabi/include/c++/15.2.1/b
 2530              		.file 32 "/Applications/ArmGNUToolchain/15.2.rel1/arm-none-eabi/arm-none-eabi/include/c++/15.2.1/b
 2531              		.file 33 "/Applications/ArmGNUToolchain/15.2.rel1/arm-none-eabi/arm-none-eabi/include/c++/15.2.1/d
 2532              		.file 34 "/Applications/ArmGNUToolchain/15.2.rel1/arm-none-eabi/arm-none-eabi/include/c++/15.2.1/i
 2533              		.file 35 "/Applications/ArmGNUToolchain/15.2.rel1/arm-none-eabi/arm-none-eabi/include/c++/15.2.1/c
 2534              		.file 36 "/Applications/ArmGNUToolchain/15.2.rel1/arm-none-eabi/arm-none-eabi/include/c++/15.2.1/c
 2535              		.file 37 "/Applications/ArmGNUToolchain/15.2.rel1/arm-none-eabi/arm-none-eabi/include/c++/15.2.1/c
 2536              		.file 38 "/Applications/ArmGNUToolchain/15.2.rel1/arm-none-eabi/arm-none-eabi/include/c++/15.2.1/c
 2537              		.file 39 "/Applications/ArmGNUToolchain/15.2.rel1/arm-none-eabi/arm-none-eabi/include/c++/15.2.1/c
 2538              		.file 40 "/Applications/ArmGNUToolchain/15.2.rel1/arm-none-eabi/arm-none-eabi/include/c++/15.2.1/c
 2539              		.file 41 "/Applications/ArmGNUToolchain/15.2.rel1/arm-none-eabi/arm-none-eabi/include/c++/15.2.1/b
 2540              		.file 42 "/Applications/ArmGNUToolchain/15.2.rel1/arm-none-eabi/arm-none-eabi/include/sys/_types.h
 2541              		.file 43 "/Applications/ArmGNUToolchain/15.2.rel1/arm-none-eabi/arm-none-eabi/include/sys/reent.h"
 2542              		.file 44 "/Applications/ArmGNUToolchain/15.2.rel1/arm-none-eabi/arm-none-eabi/include/sys/lock.h"
 2543              		.file 45 "/Applications/ArmGNUToolchain/15.2.rel1/arm-none-eabi/arm-none-eabi/include/math.h"
 2544              		.file 46 "/Applications/ArmGNUToolchain/15.2.rel1/arm-none-eabi/arm-none-eabi/include/stdlib.h"
 2545              		.file 47 "/Applications/ArmGNUToolchain/15.2.rel1/arm-none-eabi/arm-none-eabi/include/c++/15.2.1/m
 2546              		.file 48 "/Applications/ArmGNUToolchain/15.2.rel1/arm-none-eabi/arm-none-eabi/include/c++/15.2.1/s
 2547              		.file 49 "../libDaisy/src/daisy_core.h"
 2548              		.file 50 "../libDaisy/src/hid/MidiEvent.h"
 2549              		.file 51 "../libDaisy/src/hid/logger_impl.h"
 2550              		.file 52 "../libDaisy/src/util/wav_format.h"
 2551              		.file 53 "../libDaisy/src/util/color.h"
 2552              		.file 54 "../libDaisy/src/dev/max11300.h"
 2553              		.file 55 "../libDaisy/src/hid/logger.h"
 2554              		.file 56 "../libDaisy/src/per/gpio.h"
 2555              		.file 57 "../libDaisy/src/dev/sdram.h"
 2556              		.file 58 "/Applications/ArmGNUToolchain/15.2.rel1/arm-none-eabi/arm-none-eabi/include/c++/15.2.1/b
 2557              		.file 59 "/Applications/ArmGNUToolchain/15.2.rel1/arm-none-eabi/lib/gcc/arm-none-eabi/15.2.1/inclu
 2558              		.file 60 "/Applications/ArmGNUToolchain/15.2.rel1/arm-none-eabi/arm-none-eabi/include/stdio.h"
 2559              		.file 61 "/Applications/ArmGNUToolchain/15.2.rel1/arm-none-eabi/arm-none-eabi/include/string.h"
 2560              		.file 62 "../DaisySP/Source/Control/adenv.h"
 2561              		.file 63 "../DaisySP/Source/Utility/dsp.h"
 2562              		.file 64 "/Applications/ArmGNUToolchain/15.2.rel1/arm-none-eabi/arm-none-eabi/include/wchar.h"
 2563              		.file 65 "/Applications/ArmGNUToolchain/15.2.rel1/arm-none-eabi/arm-none-eabi/include/locale.h"
 2564              		.file 66 "../libDaisy/src/dev/sr_595.h"
 2565              		.file 67 "<built-in>"
ARM GAS  /var/folders/6_/psd2b8g56p7696hhrr4ztjs00000gn/T//ccnMmAev.s 			page 85


DEFINED SYMBOLS
                            *ABS*:00000000 ReactivePedal.cpp
/var/folders/6_/psd2b8g56p7696hhrr4ztjs00000gn/T//ccnMmAev.s:20     .text._ZN5daisy8DaisyPodD2Ev:00000000 $t
/var/folders/6_/psd2b8g56p7696hhrr4ztjs00000gn/T//ccnMmAev.s:27     .text._ZN5daisy8DaisyPodD2Ev:00000000 _ZN5daisy8DaisyPodD2Ev
/var/folders/6_/psd2b8g56p7696hhrr4ztjs00000gn/T//ccnMmAev.s:27     .text._ZN5daisy8DaisyPodD2Ev:00000000 _ZN5daisy8DaisyPodD1Ev
/var/folders/6_/psd2b8g56p7696hhrr4ztjs00000gn/T//ccnMmAev.s:173    .text._Z5Clampfff:00000000 $t
/var/folders/6_/psd2b8g56p7696hhrr4ztjs00000gn/T//ccnMmAev.s:180    .text._Z5Clampfff:00000000 _Z5Clampfff
/var/folders/6_/psd2b8g56p7696hhrr4ztjs00000gn/T//ccnMmAev.s:210    .text._Z14SmoothFeaturesRK13AudioFeaturesRS_:00000000 $t
/var/folders/6_/psd2b8g56p7696hhrr4ztjs00000gn/T//ccnMmAev.s:217    .text._Z14SmoothFeaturesRK13AudioFeaturesRS_:00000000 _Z14SmoothFeaturesRK13AudioFeaturesRS_
/var/folders/6_/psd2b8g56p7696hhrr4ztjs00000gn/T//ccnMmAev.s:301    .text._Z14SmoothFeaturesRK13AudioFeaturesRS_:00000088 $d
/var/folders/6_/psd2b8g56p7696hhrr4ztjs00000gn/T//ccnMmAev.s:313    .text._Z10MySoftClipf:00000000 $t
/var/folders/6_/psd2b8g56p7696hhrr4ztjs00000gn/T//ccnMmAev.s:320    .text._Z10MySoftClipf:00000000 _Z10MySoftClipf
/var/folders/6_/psd2b8g56p7696hhrr4ztjs00000gn/T//ccnMmAev.s:344    .text._Z8HardClipff:00000000 $t
/var/folders/6_/psd2b8g56p7696hhrr4ztjs00000gn/T//ccnMmAev.s:351    .text._Z8HardClipff:00000000 _Z8HardClipff
/var/folders/6_/psd2b8g56p7696hhrr4ztjs00000gn/T//ccnMmAev.s:389    .text._Z8AsymClipf:00000000 $t
/var/folders/6_/psd2b8g56p7696hhrr4ztjs00000gn/T//ccnMmAev.s:396    .text._Z8AsymClipf:00000000 _Z8AsymClipf
/var/folders/6_/psd2b8g56p7696hhrr4ztjs00000gn/T//ccnMmAev.s:429    .text._Z8FuzzClipf:00000000 $t
/var/folders/6_/psd2b8g56p7696hhrr4ztjs00000gn/T//ccnMmAev.s:436    .text._Z8FuzzClipf:00000000 _Z8FuzzClipf
/var/folders/6_/psd2b8g56p7696hhrr4ztjs00000gn/T//ccnMmAev.s:463    .text._Z12ApplyClipperf8ClipModef:00000000 $t
/var/folders/6_/psd2b8g56p7696hhrr4ztjs00000gn/T//ccnMmAev.s:470    .text._Z12ApplyClipperf8ClipModef:00000000 _Z12ApplyClipperf8ClipModef
/var/folders/6_/psd2b8g56p7696hhrr4ztjs00000gn/T//ccnMmAev.s:486    .text._Z12ApplyClipperf8ClipModef:0000000a $d
/var/folders/6_/psd2b8g56p7696hhrr4ztjs00000gn/T//ccnMmAev.s:490    .text._Z12ApplyClipperf8ClipModef:0000000e $t
/var/folders/6_/psd2b8g56p7696hhrr4ztjs00000gn/T//ccnMmAev.s:629    .text._Z13SetTonePresetRK10TonePreset:00000000 $t
/var/folders/6_/psd2b8g56p7696hhrr4ztjs00000gn/T//ccnMmAev.s:636    .text._Z13SetTonePresetRK10TonePreset:00000000 _Z13SetTonePresetRK10TonePreset
/var/folders/6_/psd2b8g56p7696hhrr4ztjs00000gn/T//ccnMmAev.s:697    .text._Z13SetTonePresetRK10TonePreset:0000003c $d
/var/folders/6_/psd2b8g56p7696hhrr4ztjs00000gn/T//ccnMmAev.s:2354   .data.targetPreamp:00000000 targetPreamp
/var/folders/6_/psd2b8g56p7696hhrr4ztjs00000gn/T//ccnMmAev.s:2368   .data.targetDrive:00000000 targetDrive
/var/folders/6_/psd2b8g56p7696hhrr4ztjs00000gn/T//ccnMmAev.s:2361   .data.targetTone:00000000 targetTone
/var/folders/6_/psd2b8g56p7696hhrr4ztjs00000gn/T//ccnMmAev.s:2347   .data.targetMix:00000000 targetMix
/var/folders/6_/psd2b8g56p7696hhrr4ztjs00000gn/T//ccnMmAev.s:2333   .data.targetClipThreshold:00000000 targetClipThreshold
/var/folders/6_/psd2b8g56p7696hhrr4ztjs00000gn/T//ccnMmAev.s:2326   .data.currentClipMode:00000000 currentClipMode
/var/folders/6_/psd2b8g56p7696hhrr4ztjs00000gn/T//ccnMmAev.s:2340   .data.targetLevel:00000000 targetLevel
/var/folders/6_/psd2b8g56p7696hhrr4ztjs00000gn/T//ccnMmAev.s:708    .text._Z11ProcessTonef:00000000 $t
/var/folders/6_/psd2b8g56p7696hhrr4ztjs00000gn/T//ccnMmAev.s:715    .text._Z11ProcessTonef:00000000 _Z11ProcessTonef
/var/folders/6_/psd2b8g56p7696hhrr4ztjs00000gn/T//ccnMmAev.s:781    .text._Z11ProcessTonef:00000030 $d
/var/folders/6_/psd2b8g56p7696hhrr4ztjs00000gn/T//ccnMmAev.s:785    .text._Z11ProcessTonef:00000034 $t
/var/folders/6_/psd2b8g56p7696hhrr4ztjs00000gn/T//ccnMmAev.s:980    .text._Z11ProcessTonef:000000f8 $d
/var/folders/6_/psd2b8g56p7696hhrr4ztjs00000gn/T//ccnMmAev.s:2396   .data.smoothedPreamp:00000000 smoothedPreamp
/var/folders/6_/psd2b8g56p7696hhrr4ztjs00000gn/T//ccnMmAev.s:2410   .data.smoothedDrive:00000000 smoothedDrive
/var/folders/6_/psd2b8g56p7696hhrr4ztjs00000gn/T//ccnMmAev.s:2375   .data.smoothedClipThreshold:00000000 smoothedClipThreshold
/var/folders/6_/psd2b8g56p7696hhrr4ztjs00000gn/T//ccnMmAev.s:2389   .data.smoothedMix:00000000 smoothedMix
/var/folders/6_/psd2b8g56p7696hhrr4ztjs00000gn/T//ccnMmAev.s:2320   .bss.toneStateL:00000000 toneStateL
/var/folders/6_/psd2b8g56p7696hhrr4ztjs00000gn/T//ccnMmAev.s:2403   .data.smoothedTone:00000000 smoothedTone
/var/folders/6_/psd2b8g56p7696hhrr4ztjs00000gn/T//ccnMmAev.s:2382   .data.smoothedLevel:00000000 smoothedLevel
/var/folders/6_/psd2b8g56p7696hhrr4ztjs00000gn/T//ccnMmAev.s:994    .text._Z9ReadDelayf:00000000 $t
/var/folders/6_/psd2b8g56p7696hhrr4ztjs00000gn/T//ccnMmAev.s:1001   .text._Z9ReadDelayf:00000000 _Z9ReadDelayf
/var/folders/6_/psd2b8g56p7696hhrr4ztjs00000gn/T//ccnMmAev.s:1097   .text._Z9ReadDelayf:00000088 $d
/var/folders/6_/psd2b8g56p7696hhrr4ztjs00000gn/T//ccnMmAev.s:2480   .bss.writeIndex:00000000 writeIndex
/var/folders/6_/psd2b8g56p7696hhrr4ztjs00000gn/T//ccnMmAev.s:2487   .bss.delayBuffer:00000000 delayBuffer
/var/folders/6_/psd2b8g56p7696hhrr4ztjs00000gn/T//ccnMmAev.s:1104   .text._Z13chorusSamplerPKPKfPPfj:00000000 $t
/var/folders/6_/psd2b8g56p7696hhrr4ztjs00000gn/T//ccnMmAev.s:1111   .text._Z13chorusSamplerPKPKfPPfj:00000000 _Z13chorusSamplerPKPKfPPfj
/var/folders/6_/psd2b8g56p7696hhrr4ztjs00000gn/T//ccnMmAev.s:1296   .text._Z13chorusSamplerPKPKfPPfj:000000cc $d
/var/folders/6_/psd2b8g56p7696hhrr4ztjs00000gn/T//ccnMmAev.s:2424   .bss.phase:00000000 phase
/var/folders/6_/psd2b8g56p7696hhrr4ztjs00000gn/T//ccnMmAev.s:2417   .bss.phaseIncrement:00000000 phaseIncrement
/var/folders/6_/psd2b8g56p7696hhrr4ztjs00000gn/T//ccnMmAev.s:2431   .bss.depth:00000000 depth
/var/folders/6_/psd2b8g56p7696hhrr4ztjs00000gn/T//ccnMmAev.s:2438   .bss.baseDelay:00000000 baseDelay
/var/folders/6_/psd2b8g56p7696hhrr4ztjs00000gn/T//ccnMmAev.s:2445   .data.chorusMix:00000000 chorusMix
ARM GAS  /var/folders/6_/psd2b8g56p7696hhrr4ztjs00000gn/T//ccnMmAev.s 			page 86


/var/folders/6_/psd2b8g56p7696hhrr4ztjs00000gn/T//ccnMmAev.s:1308   .text._Z13AudioCallBackPKPKfPPfj:00000000 $t
/var/folders/6_/psd2b8g56p7696hhrr4ztjs00000gn/T//ccnMmAev.s:1315   .text._Z13AudioCallBackPKPKfPPfj:00000000 _Z13AudioCallBackPKPKfPPfj
/var/folders/6_/psd2b8g56p7696hhrr4ztjs00000gn/T//ccnMmAev.s:1332   .rodata.main.str1.4:00000000 $d
/var/folders/6_/psd2b8g56p7696hhrr4ztjs00000gn/T//ccnMmAev.s:1346   .text.startup.main:00000000 $t
/var/folders/6_/psd2b8g56p7696hhrr4ztjs00000gn/T//ccnMmAev.s:1353   .text.startup.main:00000000 main
/var/folders/6_/psd2b8g56p7696hhrr4ztjs00000gn/T//ccnMmAev.s:1761   .text.startup.main:000001f8 $d
/var/folders/6_/psd2b8g56p7696hhrr4ztjs00000gn/T//ccnMmAev.s:2515   .bss.hw:00000000 hw
/var/folders/6_/psd2b8g56p7696hhrr4ztjs00000gn/T//ccnMmAev.s:2295   .bss.currentPresetIndex:00000000 currentPresetIndex
/var/folders/6_/psd2b8g56p7696hhrr4ztjs00000gn/T//ccnMmAev.s:2508   .bss.extractor:00000000 extractor
/var/folders/6_/psd2b8g56p7696hhrr4ztjs00000gn/T//ccnMmAev.s:2305   .rodata._ZL11tonePresets:00000000 _ZL11tonePresets
/var/folders/6_/psd2b8g56p7696hhrr4ztjs00000gn/T//ccnMmAev.s:2494   .bss.smoothedFeatures:00000000 smoothedFeatures
/var/folders/6_/psd2b8g56p7696hhrr4ztjs00000gn/T//ccnMmAev.s:2501   .bss.latestFeatures:00000000 latestFeatures
/var/folders/6_/psd2b8g56p7696hhrr4ztjs00000gn/T//ccnMmAev.s:1796   .text.startup._GLOBAL__sub_I_hw:00000000 $t
/var/folders/6_/psd2b8g56p7696hhrr4ztjs00000gn/T//ccnMmAev.s:1802   .text.startup._GLOBAL__sub_I_hw:00000000 _GLOBAL__sub_I_hw
/var/folders/6_/psd2b8g56p7696hhrr4ztjs00000gn/T//ccnMmAev.s:2271   .text.startup._GLOBAL__sub_I_hw:000000a4 $d
/var/folders/6_/psd2b8g56p7696hhrr4ztjs00000gn/T//ccnMmAev.s:2452   .data.rateHz:00000000 rateHz
/var/folders/6_/psd2b8g56p7696hhrr4ztjs00000gn/T//ccnMmAev.s:2459   .data.depthMs:00000000 depthMs
/var/folders/6_/psd2b8g56p7696hhrr4ztjs00000gn/T//ccnMmAev.s:2466   .data.baseDelayMs:00000000 baseDelayMs
/var/folders/6_/psd2b8g56p7696hhrr4ztjs00000gn/T//ccnMmAev.s:2473   .data.sampleRate:00000000 sampleRate
/var/folders/6_/psd2b8g56p7696hhrr4ztjs00000gn/T//ccnMmAev.s:2288   .init_array:00000000 $d
/var/folders/6_/psd2b8g56p7696hhrr4ztjs00000gn/T//ccnMmAev.s:2292   .bss.currentPresetIndex:00000000 $d
/var/folders/6_/psd2b8g56p7696hhrr4ztjs00000gn/T//ccnMmAev.s:2298   .rodata.str1.4:00000000 $d
/var/folders/6_/psd2b8g56p7696hhrr4ztjs00000gn/T//ccnMmAev.s:2302   .rodata._ZL11tonePresets:00000000 $d
/var/folders/6_/psd2b8g56p7696hhrr4ztjs00000gn/T//ccnMmAev.s:2317   .bss.toneStateL:00000000 $d
/var/folders/6_/psd2b8g56p7696hhrr4ztjs00000gn/T//ccnMmAev.s:2330   .data.targetClipThreshold:00000000 $d
/var/folders/6_/psd2b8g56p7696hhrr4ztjs00000gn/T//ccnMmAev.s:2337   .data.targetLevel:00000000 $d
/var/folders/6_/psd2b8g56p7696hhrr4ztjs00000gn/T//ccnMmAev.s:2344   .data.targetMix:00000000 $d
/var/folders/6_/psd2b8g56p7696hhrr4ztjs00000gn/T//ccnMmAev.s:2351   .data.targetPreamp:00000000 $d
/var/folders/6_/psd2b8g56p7696hhrr4ztjs00000gn/T//ccnMmAev.s:2358   .data.targetTone:00000000 $d
/var/folders/6_/psd2b8g56p7696hhrr4ztjs00000gn/T//ccnMmAev.s:2365   .data.targetDrive:00000000 $d
/var/folders/6_/psd2b8g56p7696hhrr4ztjs00000gn/T//ccnMmAev.s:2372   .data.smoothedClipThreshold:00000000 $d
/var/folders/6_/psd2b8g56p7696hhrr4ztjs00000gn/T//ccnMmAev.s:2379   .data.smoothedLevel:00000000 $d
/var/folders/6_/psd2b8g56p7696hhrr4ztjs00000gn/T//ccnMmAev.s:2386   .data.smoothedMix:00000000 $d
/var/folders/6_/psd2b8g56p7696hhrr4ztjs00000gn/T//ccnMmAev.s:2393   .data.smoothedPreamp:00000000 $d
/var/folders/6_/psd2b8g56p7696hhrr4ztjs00000gn/T//ccnMmAev.s:2400   .data.smoothedTone:00000000 $d
/var/folders/6_/psd2b8g56p7696hhrr4ztjs00000gn/T//ccnMmAev.s:2407   .data.smoothedDrive:00000000 $d
/var/folders/6_/psd2b8g56p7696hhrr4ztjs00000gn/T//ccnMmAev.s:2414   .bss.phaseIncrement:00000000 $d
/var/folders/6_/psd2b8g56p7696hhrr4ztjs00000gn/T//ccnMmAev.s:2421   .bss.phase:00000000 $d
/var/folders/6_/psd2b8g56p7696hhrr4ztjs00000gn/T//ccnMmAev.s:2428   .bss.depth:00000000 $d
/var/folders/6_/psd2b8g56p7696hhrr4ztjs00000gn/T//ccnMmAev.s:2435   .bss.baseDelay:00000000 $d
/var/folders/6_/psd2b8g56p7696hhrr4ztjs00000gn/T//ccnMmAev.s:2442   .data.chorusMix:00000000 $d
/var/folders/6_/psd2b8g56p7696hhrr4ztjs00000gn/T//ccnMmAev.s:2449   .data.rateHz:00000000 $d
/var/folders/6_/psd2b8g56p7696hhrr4ztjs00000gn/T//ccnMmAev.s:2456   .data.depthMs:00000000 $d
/var/folders/6_/psd2b8g56p7696hhrr4ztjs00000gn/T//ccnMmAev.s:2463   .data.baseDelayMs:00000000 $d
/var/folders/6_/psd2b8g56p7696hhrr4ztjs00000gn/T//ccnMmAev.s:2470   .data.sampleRate:00000000 $d
/var/folders/6_/psd2b8g56p7696hhrr4ztjs00000gn/T//ccnMmAev.s:2477   .bss.writeIndex:00000000 $d
/var/folders/6_/psd2b8g56p7696hhrr4ztjs00000gn/T//ccnMmAev.s:2484   .bss.delayBuffer:00000000 $d
/var/folders/6_/psd2b8g56p7696hhrr4ztjs00000gn/T//ccnMmAev.s:2491   .bss.smoothedFeatures:00000000 $d
/var/folders/6_/psd2b8g56p7696hhrr4ztjs00000gn/T//ccnMmAev.s:2498   .bss.latestFeatures:00000000 $d
/var/folders/6_/psd2b8g56p7696hhrr4ztjs00000gn/T//ccnMmAev.s:2505   .bss.extractor:00000000 $d
/var/folders/6_/psd2b8g56p7696hhrr4ztjs00000gn/T//ccnMmAev.s:2512   .bss.hw:00000000 $d
                           .group:00000000 _ZN5daisy8DaisyPodD5Ev

UNDEFINED SYMBOLS
tanhf
sinf
_ZN5daisy8DaisyPod4InitEb
ARM GAS  /var/folders/6_/psd2b8g56p7696hhrr4ztjs00000gn/T//ccnMmAev.s 			page 87


_ZN5daisy6LoggerILNS_17LoggerDestinationE1EE8StartLogEb
_ZN5daisy6System5DelayEm
_ZN5daisy8DaisyPod17SetAudioBlockSizeEj
_ZN5daisy8DaisyPod18SetAudioSampleRateENS_9SaiHandle6Config10SampleRateE
_ZN16FeatureExtractor4InitEjf
_ZN5daisy6LoggerILNS_17LoggerDestinationE1EE9PrintLineEPKcz
_ZN5daisy8DaisyPod10StartAudioEPFvPKPKfPPfjE
_ZN16FeatureExtractor12ProcessFrameER13AudioFeatures
_ZN5daisy6System6GetNowEv
_ZN5daisy17MidiUartTransport6ConfigC1Ev
